
################################################################################
#
# This file has been generated by SpyGlass:
#     Report Name      : CKTree
#     Report Created by: ICer
#     Report Created on:  Sat Sep 12 04:43:10 2026
#     Working Directory: /mnt/hgfs/Shared_folder/src/spyglass
#     SpyGlass Version : SpyGlass_vL-2016.06
#     Policy Name      : clock-reset(SpyGlass_vL-2016.06)
#     Comment          : Report generated by rule Clock_info02
#
################################################################################

################################################################################
# 
# Purpose: 
#     This report shows the clock trees for clocks. It is generated if rule
#     Clock_info02 has been enabled and clock constraints have been defined 
#     or parameter use_inferred_clocks enabled.
#     This report is sensitive to any case analysis settings that have been set.
# 
# Format: 
#     Clock tree is shown in a tree-like format.(The nodes are indented according to
#     their position in hierarchy,"`--" is  used to indicate whether a net/cell is
#     the last child at a particular level,"|--" is used for rest of the nodes. The
#     level is also printed in braces before every net/cell).
#     The (+)/(-) suffix to a leaf-level cell output net name indicates the clock
#     polarity reaching the flip-flop.
#     When (x) suffix is present, it indicates that clock polarity could not be
#     uniquely determined.
# 
#     A leaf on the tree can be one of:
#     a. A register inferred from the RTL - the hierarchical name of the registered
#                   net is shown along with the polarity of the clock at that point
# 
#     b. A black box - the hierarchical name of the black box instance is annotated
#                   with its master name, the name of the pin connected to the clock,
#                   the polarity of the clock and (Black-Box) to indicate that this
#                   is a black box
# 
#     c. A latch inferred from the RTL - the hierarchical name of the latched net is
#                   shown along with the polarity of the clock and (Latch) to indicate
#                   that this is latched net. For a latch to be a leaf, the enable
#                   pin of the latch should be connected to the clock.
# 
#     d. A sequential leaf cell - the hierarchical name of the sequential instance,
#                   which is neither known to be a flop nor a latch, is annotated
#                   with its master name, the name of the pin connected to the clock,
#                   the polarity of the clock and (Sequential Logic Cell) to indicate
#                   that this is a sequential leaf cell
# 
#     The intermediate nodes of a tree can be one of:
#     a. A net - the hierarchical name of the net found while walking along a path
#                from the root of the tree to a leaf is shown
#     b. A register inferred from the RTL - this is possible when the register is a
#                divide-by-two counter used to divide the clock frequency by two. The
#                hierarchical name of the registered net is shown along with the
#                polarity of the clock at that point.
# 
#     If the same intermediate node is observed more than once on different paths
#     from root to leaves, then the sub-tree beyond this node is shown only after its
#     first occurence in the tree. For the other occurences, a reference to the 
#     sub-tree is shown. This rule is recursively followed for the sub-trees also.
################################################################################

============================================
ROOT CLOCK: top.i_top_sys_clk
|-- (1)top.u_async_fifo.g_wptr_sync[0] (+)
|-- (1)top.u_async_fifo.g_wptr_sync[1] (+)
|-- (1)top.u_async_fifo.g_wptr_sync[2] (+)
|-- (1)top.u_async_fifo.g_wptr_sync[3] (+)
|-- (1)top.u_async_fifo.u_sync_wptr.d_in_d0[0] (+)
|-- (1)top.u_async_fifo.u_sync_wptr.d_in_d0[1] (+)
|-- (1)top.u_async_fifo.u_sync_wptr.d_in_d0[2] (+)
|-- (1)top.u_async_fifo.u_sync_wptr.d_in_d0[3] (+)
|-- (1)top.u_async_fifo.b_rptr[0] (+)
|-- (1)top.u_async_fifo.b_rptr[1] (+)
|-- (1)top.u_async_fifo.b_rptr[2] (+)
|-- (1)top.u_async_fifo.b_rptr[3] (+)
|-- (1)top.u_async_fifo.g_rptr[0] (+)
|-- (1)top.u_async_fifo.g_rptr[1] (+)
|-- (1)top.u_async_fifo.g_rptr[2] (+)
|-- (1)top.u_async_fifo.g_rptr[3] (+)
|-- (1)top.async_fifo_empty (+)
|-- (1)top.u_system_wrapper.u_control_unit.cfg_hdr_written (+)
|-- (1)top.u_system_wrapper.u_control_unit.linkup_frame_done (+)
|-- (1)top.u_system_wrapper.u_control_unit.err_code[0] (+)
|-- (1)top.u_system_wrapper.u_control_unit.err_code[1] (+)
|-- (1)top.u_system_wrapper.u_control_unit.state[0] (+)
|-- (1)top.u_system_wrapper.u_control_unit.state[1] (+)
|-- (1)top.u_system_wrapper.u_control_unit.state[2] (+)
|-- (1)top.u_system_wrapper.u_control_unit.tlp_word_counter[0] (+)
|-- (1)top.u_system_wrapper.u_control_unit.tlp_word_counter[1] (+)
|-- (1)top.u_system_wrapper.u_control_unit.tlp_config_counter[0] (+)
|-- (1)top.u_system_wrapper.u_control_unit.tlp_config_counter[1] (+)
|-- (1)top.u_system_wrapper.u_control_unit.tlp_config_counter[2] (+)
|-- (1)top.u_system_wrapper.u_control_unit.tlp_config_counter[3] (+)
|-- (1)top.u_system_wrapper.u_control_unit.tlp_config_counter[4] (+)
|-- (1)top.u_system_wrapper.u_control_unit.tlp_config_counter[5] (+)
|-- (1)top.u_system_wrapper.u_control_unit.tlp_config_counter[6] (+)
|-- (1)top.u_system_wrapper.u_control_unit.tlp_config_counter[7] (+)
|-- (1)top.u_system_wrapper.u_control_unit.tlp_config_counter[8] (+)
|-- (1)top.u_system_wrapper.u_atu.base_addr_reg[0] (+)
|-- (1)top.u_system_wrapper.u_atu.base_addr_reg[1] (+)
|-- (1)top.u_system_wrapper.u_atu.base_addr_reg[2] (+)
|-- (1)top.u_system_wrapper.u_atu.base_addr_reg[3] (+)
|-- (1)top.u_system_wrapper.u_atu.base_addr_reg[4] (+)
|-- (1)top.u_system_wrapper.u_atu.base_addr_reg[5] (+)
|-- (1)top.u_system_wrapper.u_atu.base_addr_reg[6] (+)
|-- (1)top.u_system_wrapper.u_atu.base_addr_reg[7] (+)
|-- (1)top.u_system_wrapper.u_cdm.mem[255][0] (+)
|-- (1)top.u_system_wrapper.u_cdm.mem[255][1] (+)
|-- (1)top.u_system_wrapper.u_cdm.mem[255][2] (+)
|-- (1)top.u_system_wrapper.u_cdm.mem[255][3] (+)
|-- (1)top.u_system_wrapper.u_cdm.mem[255][4] (+)
|-- (1)top.u_system_wrapper.u_cdm.mem[255][5] (+)
|-- (1)top.u_system_wrapper.u_cdm.mem[255][6] (+)
|-- (1)top.u_system_wrapper.u_cdm.mem[255][7] (+)
|-- (1)top.u_system_wrapper.u_cdm.mem[255][8] (+)
|-- (1)top.u_system_wrapper.u_cdm.mem[255][9] (+)
|-- (1)top.u_system_wrapper.u_cdm.mem[255][10] (+)
|-- (1)top.u_system_wrapper.u_cdm.mem[255][11] (+)
|-- (1)top.u_system_wrapper.u_cdm.mem[255][12] (+)
|-- (1)top.u_system_wrapper.u_cdm.mem[255][13] (+)
|-- (1)top.u_system_wrapper.u_cdm.mem[255][14] (+)
|-- (1)top.u_system_wrapper.u_cdm.mem[255][15] (+)
|-- (1)top.u_system_wrapper.u_cdm.mem[255][16] (+)
|-- (1)top.u_system_wrapper.u_cdm.mem[255][17] (+)
|-- (1)top.u_system_wrapper.u_cdm.mem[255][18] (+)
|-- (1)top.u_system_wrapper.u_cdm.mem[255][19] (+)
|-- (1)top.u_system_wrapper.u_cdm.mem[255][20] (+)
|-- (1)top.u_system_wrapper.u_cdm.mem[255][21] (+)
|-- (1)top.u_system_wrapper.u_cdm.mem[255][22] (+)
|-- (1)top.u_system_wrapper.u_cdm.mem[255][23] (+)
|-- (1)top.u_system_wrapper.u_cdm.mem[255][24] (+)
|-- (1)top.u_system_wrapper.u_cdm.mem[255][25] (+)
|-- (1)top.u_system_wrapper.u_cdm.mem[255][26] (+)
|-- (1)top.u_system_wrapper.u_cdm.mem[255][27] (+)
|-- (1)top.u_system_wrapper.u_cdm.mem[255][28] (+)
|-- (1)top.u_system_wrapper.u_cdm.mem[255][29] (+)
|-- (1)top.u_system_wrapper.u_cdm.mem[255][30] (+)
|-- (1)top.u_system_wrapper.u_cdm.mem[255][31] (+)
|-- (1)top.u_system_wrapper.u_cdm.mem[255][32] (+)
|-- (1)top.u_system_wrapper.u_cdm.mem[254][0] (+)
|-- (1)top.u_system_wrapper.u_cdm.mem[254][1] (+)
|-- (1)top.u_system_wrapper.u_cdm.mem[254][2] (+)
|-- (1)top.u_system_wrapper.u_cdm.mem[254][3] (+)
|-- (1)top.u_system_wrapper.u_cdm.mem[254][4] (+)
|-- (1)top.u_system_wrapper.u_cdm.mem[254][5] (+)
|-- (1)top.u_system_wrapper.u_cdm.mem[254][6] (+)
|-- (1)top.u_system_wrapper.u_cdm.mem[254][7] (+)
|-- (1)top.u_system_wrapper.u_cdm.mem[254][8] (+)
|-- (1)top.u_system_wrapper.u_cdm.mem[254][9] (+)
|-- (1)top.u_system_wrapper.u_cdm.mem[254][10] (+)
|-- (1)top.u_system_wrapper.u_cdm.mem[254][11] (+)
|-- (1)top.u_system_wrapper.u_cdm.mem[254][12] (+)
|-- (1)top.u_system_wrapper.u_cdm.mem[254][13] (+)
|-- (1)top.u_system_wrapper.u_cdm.mem[254][14] (+)
|-- (1)top.u_system_wrapper.u_cdm.mem[254][15] (+)
|-- (1)top.u_system_wrapper.u_cdm.mem[254][16] (+)
|-- (1)top.u_system_wrapper.u_cdm.mem[254][17] (+)
|-- (1)top.u_system_wrapper.u_cdm.mem[254][18] (+)
|-- (1)top.u_system_wrapper.u_cdm.mem[254][19] (+)
|-- (1)top.u_system_wrapper.u_cdm.mem[254][20] (+)
|-- (1)top.u_system_wrapper.u_cdm.mem[254][21] (+)
|-- (1)top.u_system_wrapper.u_cdm.mem[254][22] (+)
|-- (1)top.u_system_wrapper.u_cdm.mem[254][23] (+)
|-- (1)top.u_system_wrapper.u_cdm.mem[254][24] (+)
|-- (1)top.u_system_wrapper.u_cdm.mem[254][25] (+)
|-- (1)top.u_system_wrapper.u_cdm.mem[254][26] (+)
|-- (1)top.u_system_wrapper.u_cdm.mem[254][27] (+)
|-- (1)top.u_system_wrapper.u_cdm.mem[254][28] (+)
|-- (1)top.u_system_wrapper.u_cdm.mem[254][29] (+)
|-- (1)top.u_system_wrapper.u_cdm.mem[254][30] (+)
|-- (1)top.u_system_wrapper.u_cdm.mem[254][31] (+)
|-- (1)top.u_system_wrapper.u_cdm.mem[254][32] (+)
|-- (1)top.u_system_wrapper.u_cdm.mem[253][0] (+)
|-- (1)top.u_system_wrapper.u_cdm.mem[253][1] (+)
|-- (1)top.u_system_wrapper.u_cdm.mem[253][2] (+)
|-- (1)top.u_system_wrapper.u_cdm.mem[253][3] (+)
|-- (1)top.u_system_wrapper.u_cdm.mem[253][4] (+)
|-- (1)top.u_system_wrapper.u_cdm.mem[253][5] (+)
|-- (1)top.u_system_wrapper.u_cdm.mem[253][6] (+)
|-- (1)top.u_system_wrapper.u_cdm.mem[253][7] (+)
|-- (1)top.u_system_wrapper.u_cdm.mem[253][8] (+)
|-- (1)top.u_system_wrapper.u_cdm.mem[253][9] (+)
|-- (1)top.u_system_wrapper.u_cdm.mem[253][10] (+)
|-- (1)top.u_system_wrapper.u_cdm.mem[253][11] (+)
|-- (1)top.u_system_wrapper.u_cdm.mem[253][12] (+)
|-- (1)top.u_system_wrapper.u_cdm.mem[253][13] (+)
|-- (1)top.u_system_wrapper.u_cdm.mem[253][14] (+)
|-- (1)top.u_system_wrapper.u_cdm.mem[253][15] (+)
|-- (1)top.u_system_wrapper.u_cdm.mem[253][16] (+)
|-- (1)top.u_system_wrapper.u_cdm.mem[253][17] (+)
|-- (1)top.u_system_wrapper.u_cdm.mem[253][18] (+)
|-- (1)top.u_system_wrapper.u_cdm.mem[253][19] (+)
|-- (1)top.u_system_wrapper.u_cdm.mem[253][20] (+)
|-- (1)top.u_system_wrapper.u_cdm.mem[253][21] (+)
|-- (1)top.u_system_wrapper.u_cdm.mem[253][22] (+)
|-- (1)top.u_system_wrapper.u_cdm.mem[253][23] (+)
|-- (1)top.u_system_wrapper.u_cdm.mem[253][24] (+)
|-- (1)top.u_system_wrapper.u_cdm.mem[253][25] (+)
|-- (1)top.u_system_wrapper.u_cdm.mem[253][26] (+)
|-- (1)top.u_system_wrapper.u_cdm.mem[253][27] (+)
|-- (1)top.u_system_wrapper.u_cdm.mem[253][28] (+)
|-- (1)top.u_system_wrapper.u_cdm.mem[253][29] (+)
|-- (1)top.u_system_wrapper.u_cdm.mem[253][30] (+)
|-- (1)top.u_system_wrapper.u_cdm.mem[253][31] (+)
|-- (1)top.u_system_wrapper.u_cdm.mem[253][32] (+)
|-- (1)top.u_system_wrapper.u_cdm.mem[252][0] (+)
|-- (1)top.u_system_wrapper.u_cdm.mem[252][1] (+)
|-- (1)top.u_system_wrapper.u_cdm.mem[252][2] (+)
|-- (1)top.u_system_wrapper.u_cdm.mem[252][3] (+)
|-- (1)top.u_system_wrapper.u_cdm.mem[252][4] (+)
|-- (1)top.u_system_wrapper.u_cdm.mem[252][5] (+)
|-- (1)top.u_system_wrapper.u_cdm.mem[252][6] (+)
|-- (1)top.u_system_wrapper.u_cdm.mem[252][7] (+)
|-- (1)top.u_system_wrapper.u_cdm.mem[252][8] (+)
|-- (1)top.u_system_wrapper.u_cdm.mem[252][9] (+)
|-- (1)top.u_system_wrapper.u_cdm.mem[252][10] (+)
|-- (1)top.u_system_wrapper.u_cdm.mem[252][11] (+)
|-- (1)top.u_system_wrapper.u_cdm.mem[252][12] (+)
|-- (1)top.u_system_wrapper.u_cdm.mem[252][13] (+)
|-- (1)top.u_system_wrapper.u_cdm.mem[252][14] (+)
|-- (1)top.u_system_wrapper.u_cdm.mem[252][15] (+)
|-- (1)top.u_system_wrapper.u_cdm.mem[252][16] (+)
|-- (1)top.u_system_wrapper.u_cdm.mem[252][17] (+)
|-- (1)top.u_system_wrapper.u_cdm.mem[252][18] (+)
|-- (1)top.u_system_wrapper.u_cdm.mem[252][19] (+)
|-- (1)top.u_system_wrapper.u_cdm.mem[252][20] (+)
|-- (1)top.u_system_wrapper.u_cdm.mem[252][21] (+)
|-- (1)top.u_system_wrapper.u_cdm.mem[252][22] (+)
|-- (1)top.u_system_wrapper.u_cdm.mem[252][23] (+)
|-- (1)top.u_system_wrapper.u_cdm.mem[252][24] (+)
|-- (1)top.u_system_wrapper.u_cdm.mem[252][25] (+)
|-- (1)top.u_system_wrapper.u_cdm.mem[252][26] (+)
|-- (1)top.u_system_wrapper.u_cdm.mem[252][27] (+)
|-- (1)top.u_system_wrapper.u_cdm.mem[252][28] (+)
|-- (1)top.u_system_wrapper.u_cdm.mem[252][29] (+)
|-- (1)top.u_system_wrapper.u_cdm.mem[252][30] (+)
|-- (1)top.u_system_wrapper.u_cdm.mem[252][31] (+)
|-- (1)top.u_system_wrapper.u_cdm.mem[252][32] (+)
|-- (1)top.u_system_wrapper.u_cdm.mem[251][0] (+)
|-- (1)top.u_system_wrapper.u_cdm.mem[251][1] (+)
|-- (1)top.u_system_wrapper.u_cdm.mem[251][2] (+)
|-- (1)top.u_system_wrapper.u_cdm.mem[251][3] (+)
|-- (1)top.u_system_wrapper.u_cdm.mem[251][4] (+)
|-- (1)top.u_system_wrapper.u_cdm.mem[251][5] (+)
|-- (1)top.u_system_wrapper.u_cdm.mem[251][6] (+)
|-- (1)top.u_system_wrapper.u_cdm.mem[251][7] (+)
|-- (1)top.u_system_wrapper.u_cdm.mem[251][8] (+)
|-- (1)top.u_system_wrapper.u_cdm.mem[251][9] (+)
|-- (1)top.u_system_wrapper.u_cdm.mem[251][10] (+)
|-- (1)top.u_system_wrapper.u_cdm.mem[251][11] (+)
|-- (1)top.u_system_wrapper.u_cdm.mem[251][12] (+)
|-- (1)top.u_system_wrapper.u_cdm.mem[251][13] (+)
|-- (1)top.u_system_wrapper.u_cdm.mem[251][14] (+)
|-- (1)top.u_system_wrapper.u_cdm.mem[251][15] (+)
|-- (1)top.u_system_wrapper.u_cdm.mem[251][16] (+)
|-- (1)top.u_system_wrapper.u_cdm.mem[251][17] (+)
|-- (1)top.u_system_wrapper.u_cdm.mem[251][18] (+)
|-- (1)top.u_system_wrapper.u_cdm.mem[251][19] (+)
|-- (1)top.u_system_wrapper.u_cdm.mem[251][20] (+)
|-- (1)top.u_system_wrapper.u_cdm.mem[251][21] (+)
|-- (1)top.u_system_wrapper.u_cdm.mem[251][22] (+)
|-- (1)top.u_system_wrapper.u_cdm.mem[251][23] (+)
|-- (1)top.u_system_wrapper.u_cdm.mem[251][24] (+)
|-- (1)top.u_system_wrapper.u_cdm.mem[251][25] (+)
|-- (1)top.u_system_wrapper.u_cdm.mem[251][26] (+)
|-- (1)top.u_system_wrapper.u_cdm.mem[251][27] (+)
|-- (1)top.u_system_wrapper.u_cdm.mem[251][28] (+)
|-- (1)top.u_system_wrapper.u_cdm.mem[251][29] (+)
|-- (1)top.u_system_wrapper.u_cdm.mem[251][30] (+)
|-- (1)top.u_system_wrapper.u_cdm.mem[251][31] (+)
|-- (1)top.u_system_wrapper.u_cdm.mem[251][32] (+)
|-- (1)top.u_system_wrapper.u_cdm.mem[250][0] (+)
|-- (1)top.u_system_wrapper.u_cdm.mem[250][1] (+)
|-- (1)top.u_system_wrapper.u_cdm.mem[250][2] (+)
|-- (1)top.u_system_wrapper.u_cdm.mem[250][3] (+)
|-- (1)top.u_system_wrapper.u_cdm.mem[250][4] (+)
|-- (1)top.u_system_wrapper.u_cdm.mem[250][5] (+)
|-- (1)top.u_system_wrapper.u_cdm.mem[250][6] (+)
|-- (1)top.u_system_wrapper.u_cdm.mem[250][7] (+)
|-- (1)top.u_system_wrapper.u_cdm.mem[250][8] (+)
|-- (1)top.u_system_wrapper.u_cdm.mem[250][9] (+)
|-- (1)top.u_system_wrapper.u_cdm.mem[250][10] (+)
|-- (1)top.u_system_wrapper.u_cdm.mem[250][11] (+)
|-- (1)top.u_system_wrapper.u_cdm.mem[250][12] (+)
|-- (1)top.u_system_wrapper.u_cdm.mem[250][13] (+)
|-- (1)top.u_system_wrapper.u_cdm.mem[250][14] (+)
|-- (1)top.u_system_wrapper.u_cdm.mem[250][15] (+)
|-- (1)top.u_system_wrapper.u_cdm.mem[250][16] (+)
|-- (1)top.u_system_wrapper.u_cdm.mem[250][17] (+)
|-- (1)top.u_system_wrapper.u_cdm.mem[250][18] (+)
|-- (1)top.u_system_wrapper.u_cdm.mem[250][19] (+)
|-- (1)top.u_system_wrapper.u_cdm.mem[250][20] (+)
|-- (1)top.u_system_wrapper.u_cdm.mem[250][21] (+)
|-- (1)top.u_system_wrapper.u_cdm.mem[250][22] (+)
|-- (1)top.u_system_wrapper.u_cdm.mem[250][23] (+)
|-- (1)top.u_system_wrapper.u_cdm.mem[250][24] (+)
|-- (1)top.u_system_wrapper.u_cdm.mem[250][25] (+)
|-- (1)top.u_system_wrapper.u_cdm.mem[250][26] (+)
|-- (1)top.u_system_wrapper.u_cdm.mem[250][27] (+)
|-- (1)top.u_system_wrapper.u_cdm.mem[250][28] (+)
|-- (1)top.u_system_wrapper.u_cdm.mem[250][29] (+)
|-- (1)top.u_system_wrapper.u_cdm.mem[250][30] (+)
|-- (1)top.u_system_wrapper.u_cdm.mem[250][31] (+)
|-- (1)top.u_system_wrapper.u_cdm.mem[250][32] (+)
|-- (1)top.u_system_wrapper.u_cdm.mem[249][0] (+)
|-- (1)top.u_system_wrapper.u_cdm.mem[249][1] (+)
|-- (1)top.u_system_wrapper.u_cdm.mem[249][2] (+)
|-- (1)top.u_system_wrapper.u_cdm.mem[249][3] (+)
|-- (1)top.u_system_wrapper.u_cdm.mem[249][4] (+)
|-- (1)top.u_system_wrapper.u_cdm.mem[249][5] (+)
|-- (1)top.u_system_wrapper.u_cdm.mem[249][6] (+)
|-- (1)top.u_system_wrapper.u_cdm.mem[249][7] (+)
|-- (1)top.u_system_wrapper.u_cdm.mem[249][8] (+)
|-- (1)top.u_system_wrapper.u_cdm.mem[249][9] (+)
|-- (1)top.u_system_wrapper.u_cdm.mem[249][10] (+)
|-- (1)top.u_system_wrapper.u_cdm.mem[249][11] (+)
|-- (1)top.u_system_wrapper.u_cdm.mem[249][12] (+)
|-- (1)top.u_system_wrapper.u_cdm.mem[249][13] (+)
|-- (1)top.u_system_wrapper.u_cdm.mem[249][14] (+)
|-- (1)top.u_system_wrapper.u_cdm.mem[249][15] (+)
|-- (1)top.u_system_wrapper.u_cdm.mem[249][16] (+)
|-- (1)top.u_system_wrapper.u_cdm.mem[249][17] (+)
|-- (1)top.u_system_wrapper.u_cdm.mem[249][18] (+)
|-- (1)top.u_system_wrapper.u_cdm.mem[249][19] (+)
|-- (1)top.u_system_wrapper.u_cdm.mem[249][20] (+)
|-- (1)top.u_system_wrapper.u_cdm.mem[249][21] (+)
|-- (1)top.u_system_wrapper.u_cdm.mem[249][22] (+)
|-- (1)top.u_system_wrapper.u_cdm.mem[249][23] (+)
|-- (1)top.u_system_wrapper.u_cdm.mem[249][24] (+)
|-- (1)top.u_system_wrapper.u_cdm.mem[249][25] (+)
|-- (1)top.u_system_wrapper.u_cdm.mem[249][26] (+)
|-- (1)top.u_system_wrapper.u_cdm.mem[249][27] (+)
|-- (1)top.u_system_wrapper.u_cdm.mem[249][28] (+)
|-- (1)top.u_system_wrapper.u_cdm.mem[249][29] (+)
|-- (1)top.u_system_wrapper.u_cdm.mem[249][30] (+)
|-- (1)top.u_system_wrapper.u_cdm.mem[249][31] (+)
|-- (1)top.u_system_wrapper.u_cdm.mem[249][32] (+)
|-- (1)top.u_system_wrapper.u_cdm.mem[248][0] (+)
|-- (1)top.u_system_wrapper.u_cdm.mem[248][1] (+)
|-- (1)top.u_system_wrapper.u_cdm.mem[248][2] (+)
|-- (1)top.u_system_wrapper.u_cdm.mem[248][3] (+)
|-- (1)top.u_system_wrapper.u_cdm.mem[248][4] (+)
|-- (1)top.u_system_wrapper.u_cdm.mem[248][5] (+)
|-- (1)top.u_system_wrapper.u_cdm.mem[248][6] (+)
|-- (1)top.u_system_wrapper.u_cdm.mem[248][7] (+)
|-- (1)top.u_system_wrapper.u_cdm.mem[248][8] (+)
|-- (1)top.u_system_wrapper.u_cdm.mem[248][9] (+)
|-- (1)top.u_system_wrapper.u_cdm.mem[248][10] (+)
|-- (1)top.u_system_wrapper.u_cdm.mem[248][11] (+)
|-- (1)top.u_system_wrapper.u_cdm.mem[248][12] (+)
|-- (1)top.u_system_wrapper.u_cdm.mem[248][13] (+)
|-- (1)top.u_system_wrapper.u_cdm.mem[248][14] (+)
|-- (1)top.u_system_wrapper.u_cdm.mem[248][15] (+)
|-- (1)top.u_system_wrapper.u_cdm.mem[248][16] (+)
|-- (1)top.u_system_wrapper.u_cdm.mem[248][17] (+)
|-- (1)top.u_system_wrapper.u_cdm.mem[248][18] (+)
|-- (1)top.u_system_wrapper.u_cdm.mem[248][19] (+)
|-- (1)top.u_system_wrapper.u_cdm.mem[248][20] (+)
|-- (1)top.u_system_wrapper.u_cdm.mem[248][21] (+)
|-- (1)top.u_system_wrapper.u_cdm.mem[248][22] (+)
|-- (1)top.u_system_wrapper.u_cdm.mem[248][23] (+)
|-- (1)top.u_system_wrapper.u_cdm.mem[248][24] (+)
|-- (1)top.u_system_wrapper.u_cdm.mem[248][25] (+)
|-- (1)top.u_system_wrapper.u_cdm.mem[248][26] (+)
|-- (1)top.u_system_wrapper.u_cdm.mem[248][27] (+)
|-- (1)top.u_system_wrapper.u_cdm.mem[248][28] (+)
|-- (1)top.u_system_wrapper.u_cdm.mem[248][29] (+)
|-- (1)top.u_system_wrapper.u_cdm.mem[248][30] (+)
|-- (1)top.u_system_wrapper.u_cdm.mem[248][31] (+)
|-- (1)top.u_system_wrapper.u_cdm.mem[248][32] (+)
|-- (1)top.u_system_wrapper.u_cdm.mem[247][0] (+)
|-- (1)top.u_system_wrapper.u_cdm.mem[247][1] (+)
|-- (1)top.u_system_wrapper.u_cdm.mem[247][2] (+)
|-- (1)top.u_system_wrapper.u_cdm.mem[247][3] (+)
|-- (1)top.u_system_wrapper.u_cdm.mem[247][4] (+)
|-- (1)top.u_system_wrapper.u_cdm.mem[247][5] (+)
|-- (1)top.u_system_wrapper.u_cdm.mem[247][6] (+)
|-- (1)top.u_system_wrapper.u_cdm.mem[247][7] (+)
|-- (1)top.u_system_wrapper.u_cdm.mem[247][8] (+)
|-- (1)top.u_system_wrapper.u_cdm.mem[247][9] (+)
|-- (1)top.u_system_wrapper.u_cdm.mem[247][10] (+)
|-- (1)top.u_system_wrapper.u_cdm.mem[247][11] (+)
|-- (1)top.u_system_wrapper.u_cdm.mem[247][12] (+)
|-- (1)top.u_system_wrapper.u_cdm.mem[247][13] (+)
|-- (1)top.u_system_wrapper.u_cdm.mem[247][14] (+)
|-- (1)top.u_system_wrapper.u_cdm.mem[247][15] (+)
|-- (1)top.u_system_wrapper.u_cdm.mem[247][16] (+)
|-- (1)top.u_system_wrapper.u_cdm.mem[247][17] (+)
|-- (1)top.u_system_wrapper.u_cdm.mem[247][18] (+)
|-- (1)top.u_system_wrapper.u_cdm.mem[247][19] (+)
|-- (1)top.u_system_wrapper.u_cdm.mem[247][20] (+)
|-- (1)top.u_system_wrapper.u_cdm.mem[247][21] (+)
|-- (1)top.u_system_wrapper.u_cdm.mem[247][22] (+)
|-- (1)top.u_system_wrapper.u_cdm.mem[247][23] (+)
|-- (1)top.u_system_wrapper.u_cdm.mem[247][24] (+)
|-- (1)top.u_system_wrapper.u_cdm.mem[247][25] (+)
|-- (1)top.u_system_wrapper.u_cdm.mem[247][26] (+)
|-- (1)top.u_system_wrapper.u_cdm.mem[247][27] (+)
|-- (1)top.u_system_wrapper.u_cdm.mem[247][28] (+)
|-- (1)top.u_system_wrapper.u_cdm.mem[247][29] (+)
|-- (1)top.u_system_wrapper.u_cdm.mem[247][30] (+)
|-- (1)top.u_system_wrapper.u_cdm.mem[247][31] (+)
|-- (1)top.u_system_wrapper.u_cdm.mem[247][32] (+)
|-- (1)top.u_system_wrapper.u_cdm.mem[246][0] (+)
|-- (1)top.u_system_wrapper.u_cdm.mem[246][1] (+)
|-- (1)top.u_system_wrapper.u_cdm.mem[246][2] (+)
|-- (1)top.u_system_wrapper.u_cdm.mem[246][3] (+)
|-- (1)top.u_system_wrapper.u_cdm.mem[246][4] (+)
|-- (1)top.u_system_wrapper.u_cdm.mem[246][5] (+)
|-- (1)top.u_system_wrapper.u_cdm.mem[246][6] (+)
|-- (1)top.u_system_wrapper.u_cdm.mem[246][7] (+)
|-- (1)top.u_system_wrapper.u_cdm.mem[246][8] (+)
|-- (1)top.u_system_wrapper.u_cdm.mem[246][9] (+)
|-- (1)top.u_system_wrapper.u_cdm.mem[246][10] (+)
|-- (1)top.u_system_wrapper.u_cdm.mem[246][11] (+)
|-- (1)top.u_system_wrapper.u_cdm.mem[246][12] (+)
|-- (1)top.u_system_wrapper.u_cdm.mem[246][13] (+)
|-- (1)top.u_system_wrapper.u_cdm.mem[246][14] (+)
|-- (1)top.u_system_wrapper.u_cdm.mem[246][15] (+)
|-- (1)top.u_system_wrapper.u_cdm.mem[246][16] (+)
|-- (1)top.u_system_wrapper.u_cdm.mem[246][17] (+)
|-- (1)top.u_system_wrapper.u_cdm.mem[246][18] (+)
|-- (1)top.u_system_wrapper.u_cdm.mem[246][19] (+)
|-- (1)top.u_system_wrapper.u_cdm.mem[246][20] (+)
|-- (1)top.u_system_wrapper.u_cdm.mem[246][21] (+)
|-- (1)top.u_system_wrapper.u_cdm.mem[246][22] (+)
|-- (1)top.u_system_wrapper.u_cdm.mem[246][23] (+)
|-- (1)top.u_system_wrapper.u_cdm.mem[246][24] (+)
|-- (1)top.u_system_wrapper.u_cdm.mem[246][25] (+)
|-- (1)top.u_system_wrapper.u_cdm.mem[246][26] (+)
|-- (1)top.u_system_wrapper.u_cdm.mem[246][27] (+)
|-- (1)top.u_system_wrapper.u_cdm.mem[246][28] (+)
|-- (1)top.u_system_wrapper.u_cdm.mem[246][29] (+)
|-- (1)top.u_system_wrapper.u_cdm.mem[246][30] (+)
|-- (1)top.u_system_wrapper.u_cdm.mem[246][31] (+)
|-- (1)top.u_system_wrapper.u_cdm.mem[246][32] (+)
|-- (1)top.u_system_wrapper.u_cdm.mem[245][0] (+)
|-- (1)top.u_system_wrapper.u_cdm.mem[245][1] (+)
|-- (1)top.u_system_wrapper.u_cdm.mem[245][2] (+)
|-- (1)top.u_system_wrapper.u_cdm.mem[245][3] (+)
|-- (1)top.u_system_wrapper.u_cdm.mem[245][4] (+)
|-- (1)top.u_system_wrapper.u_cdm.mem[245][5] (+)
|-- (1)top.u_system_wrapper.u_cdm.mem[245][6] (+)
|-- (1)top.u_system_wrapper.u_cdm.mem[245][7] (+)
|-- (1)top.u_system_wrapper.u_cdm.mem[245][8] (+)
|-- (1)top.u_system_wrapper.u_cdm.mem[245][9] (+)
|-- (1)top.u_system_wrapper.u_cdm.mem[245][10] (+)
|-- (1)top.u_system_wrapper.u_cdm.mem[245][11] (+)
|-- (1)top.u_system_wrapper.u_cdm.mem[245][12] (+)
|-- (1)top.u_system_wrapper.u_cdm.mem[245][13] (+)
|-- (1)top.u_system_wrapper.u_cdm.mem[245][14] (+)
|-- (1)top.u_system_wrapper.u_cdm.mem[245][15] (+)
|-- (1)top.u_system_wrapper.u_cdm.mem[245][16] (+)
|-- (1)top.u_system_wrapper.u_cdm.mem[245][17] (+)
|-- (1)top.u_system_wrapper.u_cdm.mem[245][18] (+)
|-- (1)top.u_system_wrapper.u_cdm.mem[245][19] (+)
|-- (1)top.u_system_wrapper.u_cdm.mem[245][20] (+)
|-- (1)top.u_system_wrapper.u_cdm.mem[245][21] (+)
|-- (1)top.u_system_wrapper.u_cdm.mem[245][22] (+)
|-- (1)top.u_system_wrapper.u_cdm.mem[245][23] (+)
|-- (1)top.u_system_wrapper.u_cdm.mem[245][24] (+)
|-- (1)top.u_system_wrapper.u_cdm.mem[245][25] (+)
|-- (1)top.u_system_wrapper.u_cdm.mem[245][26] (+)
|-- (1)top.u_system_wrapper.u_cdm.mem[245][27] (+)
|-- (1)top.u_system_wrapper.u_cdm.mem[245][28] (+)
|-- (1)top.u_system_wrapper.u_cdm.mem[245][29] (+)
|-- (1)top.u_system_wrapper.u_cdm.mem[245][30] (+)
|-- (1)top.u_system_wrapper.u_cdm.mem[245][31] (+)
|-- (1)top.u_system_wrapper.u_cdm.mem[245][32] (+)
|-- (1)top.u_system_wrapper.u_cdm.mem[244][0] (+)
|-- (1)top.u_system_wrapper.u_cdm.mem[244][1] (+)
|-- (1)top.u_system_wrapper.u_cdm.mem[244][2] (+)
|-- (1)top.u_system_wrapper.u_cdm.mem[244][3] (+)
|-- (1)top.u_system_wrapper.u_cdm.mem[244][4] (+)
|-- (1)top.u_system_wrapper.u_cdm.mem[244][5] (+)
|-- (1)top.u_system_wrapper.u_cdm.mem[244][6] (+)
|-- (1)top.u_system_wrapper.u_cdm.mem[244][7] (+)
|-- (1)top.u_system_wrapper.u_cdm.mem[244][8] (+)
|-- (1)top.u_system_wrapper.u_cdm.mem[244][9] (+)
|-- (1)top.u_system_wrapper.u_cdm.mem[244][10] (+)
|-- (1)top.u_system_wrapper.u_cdm.mem[244][11] (+)
|-- (1)top.u_system_wrapper.u_cdm.mem[244][12] (+)
|-- (1)top.u_system_wrapper.u_cdm.mem[244][13] (+)
|-- (1)top.u_system_wrapper.u_cdm.mem[244][14] (+)
|-- (1)top.u_system_wrapper.u_cdm.mem[244][15] (+)
|-- (1)top.u_system_wrapper.u_cdm.mem[244][16] (+)
|-- (1)top.u_system_wrapper.u_cdm.mem[244][17] (+)
|-- (1)top.u_system_wrapper.u_cdm.mem[244][18] (+)
|-- (1)top.u_system_wrapper.u_cdm.mem[244][19] (+)
|-- (1)top.u_system_wrapper.u_cdm.mem[244][20] (+)
|-- (1)top.u_system_wrapper.u_cdm.mem[244][21] (+)
|-- (1)top.u_system_wrapper.u_cdm.mem[244][22] (+)
|-- (1)top.u_system_wrapper.u_cdm.mem[244][23] (+)
|-- (1)top.u_system_wrapper.u_cdm.mem[244][24] (+)
|-- (1)top.u_system_wrapper.u_cdm.mem[244][25] (+)
|-- (1)top.u_system_wrapper.u_cdm.mem[244][26] (+)
|-- (1)top.u_system_wrapper.u_cdm.mem[244][27] (+)
|-- (1)top.u_system_wrapper.u_cdm.mem[244][28] (+)
|-- (1)top.u_system_wrapper.u_cdm.mem[244][29] (+)
|-- (1)top.u_system_wrapper.u_cdm.mem[244][30] (+)
|-- (1)top.u_system_wrapper.u_cdm.mem[244][31] (+)
|-- (1)top.u_system_wrapper.u_cdm.mem[244][32] (+)
|-- (1)top.u_system_wrapper.u_cdm.mem[243][0] (+)
|-- (1)top.u_system_wrapper.u_cdm.mem[243][1] (+)
|-- (1)top.u_system_wrapper.u_cdm.mem[243][2] (+)
|-- (1)top.u_system_wrapper.u_cdm.mem[243][3] (+)
|-- (1)top.u_system_wrapper.u_cdm.mem[243][4] (+)
|-- (1)top.u_system_wrapper.u_cdm.mem[243][5] (+)
|-- (1)top.u_system_wrapper.u_cdm.mem[243][6] (+)
|-- (1)top.u_system_wrapper.u_cdm.mem[243][7] (+)
|-- (1)top.u_system_wrapper.u_cdm.mem[243][8] (+)
|-- (1)top.u_system_wrapper.u_cdm.mem[243][9] (+)
|-- (1)top.u_system_wrapper.u_cdm.mem[243][10] (+)
|-- (1)top.u_system_wrapper.u_cdm.mem[243][11] (+)
|-- (1)top.u_system_wrapper.u_cdm.mem[243][12] (+)
|-- (1)top.u_system_wrapper.u_cdm.mem[243][13] (+)
|-- (1)top.u_system_wrapper.u_cdm.mem[243][14] (+)
|-- (1)top.u_system_wrapper.u_cdm.mem[243][15] (+)
|-- (1)top.u_system_wrapper.u_cdm.mem[243][16] (+)
|-- (1)top.u_system_wrapper.u_cdm.mem[243][17] (+)
|-- (1)top.u_system_wrapper.u_cdm.mem[243][18] (+)
|-- (1)top.u_system_wrapper.u_cdm.mem[243][19] (+)
|-- (1)top.u_system_wrapper.u_cdm.mem[243][20] (+)
|-- (1)top.u_system_wrapper.u_cdm.mem[243][21] (+)
|-- (1)top.u_system_wrapper.u_cdm.mem[243][22] (+)
|-- (1)top.u_system_wrapper.u_cdm.mem[243][23] (+)
|-- (1)top.u_system_wrapper.u_cdm.mem[243][24] (+)
|-- (1)top.u_system_wrapper.u_cdm.mem[243][25] (+)
|-- (1)top.u_system_wrapper.u_cdm.mem[243][26] (+)
|-- (1)top.u_system_wrapper.u_cdm.mem[243][27] (+)
|-- (1)top.u_system_wrapper.u_cdm.mem[243][28] (+)
|-- (1)top.u_system_wrapper.u_cdm.mem[243][29] (+)
|-- (1)top.u_system_wrapper.u_cdm.mem[243][30] (+)
|-- (1)top.u_system_wrapper.u_cdm.mem[243][31] (+)
|-- (1)top.u_system_wrapper.u_cdm.mem[243][32] (+)
|-- (1)top.u_system_wrapper.u_cdm.mem[242][0] (+)
|-- (1)top.u_system_wrapper.u_cdm.mem[242][1] (+)
|-- (1)top.u_system_wrapper.u_cdm.mem[242][2] (+)
|-- (1)top.u_system_wrapper.u_cdm.mem[242][3] (+)
|-- (1)top.u_system_wrapper.u_cdm.mem[242][4] (+)
|-- (1)top.u_system_wrapper.u_cdm.mem[242][5] (+)
|-- (1)top.u_system_wrapper.u_cdm.mem[242][6] (+)
|-- (1)top.u_system_wrapper.u_cdm.mem[242][7] (+)
|-- (1)top.u_system_wrapper.u_cdm.mem[242][8] (+)
|-- (1)top.u_system_wrapper.u_cdm.mem[242][9] (+)
|-- (1)top.u_system_wrapper.u_cdm.mem[242][10] (+)
|-- (1)top.u_system_wrapper.u_cdm.mem[242][11] (+)
|-- (1)top.u_system_wrapper.u_cdm.mem[242][12] (+)
|-- (1)top.u_system_wrapper.u_cdm.mem[242][13] (+)
|-- (1)top.u_system_wrapper.u_cdm.mem[242][14] (+)
|-- (1)top.u_system_wrapper.u_cdm.mem[242][15] (+)
|-- (1)top.u_system_wrapper.u_cdm.mem[242][16] (+)
|-- (1)top.u_system_wrapper.u_cdm.mem[242][17] (+)
|-- (1)top.u_system_wrapper.u_cdm.mem[242][18] (+)
|-- (1)top.u_system_wrapper.u_cdm.mem[242][19] (+)
|-- (1)top.u_system_wrapper.u_cdm.mem[242][20] (+)
|-- (1)top.u_system_wrapper.u_cdm.mem[242][21] (+)
|-- (1)top.u_system_wrapper.u_cdm.mem[242][22] (+)
|-- (1)top.u_system_wrapper.u_cdm.mem[242][23] (+)
|-- (1)top.u_system_wrapper.u_cdm.mem[242][24] (+)
|-- (1)top.u_system_wrapper.u_cdm.mem[242][25] (+)
|-- (1)top.u_system_wrapper.u_cdm.mem[242][26] (+)
|-- (1)top.u_system_wrapper.u_cdm.mem[242][27] (+)
|-- (1)top.u_system_wrapper.u_cdm.mem[242][28] (+)
|-- (1)top.u_system_wrapper.u_cdm.mem[242][29] (+)
|-- (1)top.u_system_wrapper.u_cdm.mem[242][30] (+)
|-- (1)top.u_system_wrapper.u_cdm.mem[242][31] (+)
|-- (1)top.u_system_wrapper.u_cdm.mem[242][32] (+)
|-- (1)top.u_system_wrapper.u_cdm.mem[241][0] (+)
|-- (1)top.u_system_wrapper.u_cdm.mem[241][1] (+)
|-- (1)top.u_system_wrapper.u_cdm.mem[241][2] (+)
|-- (1)top.u_system_wrapper.u_cdm.mem[241][3] (+)
|-- (1)top.u_system_wrapper.u_cdm.mem[241][4] (+)
|-- (1)top.u_system_wrapper.u_cdm.mem[241][5] (+)
|-- (1)top.u_system_wrapper.u_cdm.mem[241][6] (+)
|-- (1)top.u_system_wrapper.u_cdm.mem[241][7] (+)
|-- (1)top.u_system_wrapper.u_cdm.mem[241][8] (+)
|-- (1)top.u_system_wrapper.u_cdm.mem[241][9] (+)
|-- (1)top.u_system_wrapper.u_cdm.mem[241][10] (+)
|-- (1)top.u_system_wrapper.u_cdm.mem[241][11] (+)
|-- (1)top.u_system_wrapper.u_cdm.mem[241][12] (+)
|-- (1)top.u_system_wrapper.u_cdm.mem[241][13] (+)
|-- (1)top.u_system_wrapper.u_cdm.mem[241][14] (+)
|-- (1)top.u_system_wrapper.u_cdm.mem[241][15] (+)
|-- (1)top.u_system_wrapper.u_cdm.mem[241][16] (+)
|-- (1)top.u_system_wrapper.u_cdm.mem[241][17] (+)
|-- (1)top.u_system_wrapper.u_cdm.mem[241][18] (+)
|-- (1)top.u_system_wrapper.u_cdm.mem[241][19] (+)
|-- (1)top.u_system_wrapper.u_cdm.mem[241][20] (+)
|-- (1)top.u_system_wrapper.u_cdm.mem[241][21] (+)
|-- (1)top.u_system_wrapper.u_cdm.mem[241][22] (+)
|-- (1)top.u_system_wrapper.u_cdm.mem[241][23] (+)
|-- (1)top.u_system_wrapper.u_cdm.mem[241][24] (+)
|-- (1)top.u_system_wrapper.u_cdm.mem[241][25] (+)
|-- (1)top.u_system_wrapper.u_cdm.mem[241][26] (+)
|-- (1)top.u_system_wrapper.u_cdm.mem[241][27] (+)
|-- (1)top.u_system_wrapper.u_cdm.mem[241][28] (+)
|-- (1)top.u_system_wrapper.u_cdm.mem[241][29] (+)
|-- (1)top.u_system_wrapper.u_cdm.mem[241][30] (+)
|-- (1)top.u_system_wrapper.u_cdm.mem[241][31] (+)
|-- (1)top.u_system_wrapper.u_cdm.mem[241][32] (+)
|-- (1)top.u_system_wrapper.u_cdm.mem[240][0] (+)
|-- (1)top.u_system_wrapper.u_cdm.mem[240][1] (+)
|-- (1)top.u_system_wrapper.u_cdm.mem[240][2] (+)
|-- (1)top.u_system_wrapper.u_cdm.mem[240][3] (+)
|-- (1)top.u_system_wrapper.u_cdm.mem[240][4] (+)
|-- (1)top.u_system_wrapper.u_cdm.mem[240][5] (+)
|-- (1)top.u_system_wrapper.u_cdm.mem[240][6] (+)
|-- (1)top.u_system_wrapper.u_cdm.mem[240][7] (+)
|-- (1)top.u_system_wrapper.u_cdm.mem[240][8] (+)
|-- (1)top.u_system_wrapper.u_cdm.mem[240][9] (+)
|-- (1)top.u_system_wrapper.u_cdm.mem[240][10] (+)
|-- (1)top.u_system_wrapper.u_cdm.mem[240][11] (+)
|-- (1)top.u_system_wrapper.u_cdm.mem[240][12] (+)
|-- (1)top.u_system_wrapper.u_cdm.mem[240][13] (+)
|-- (1)top.u_system_wrapper.u_cdm.mem[240][14] (+)
|-- (1)top.u_system_wrapper.u_cdm.mem[240][15] (+)
|-- (1)top.u_system_wrapper.u_cdm.mem[240][16] (+)
|-- (1)top.u_system_wrapper.u_cdm.mem[240][17] (+)
|-- (1)top.u_system_wrapper.u_cdm.mem[240][18] (+)
|-- (1)top.u_system_wrapper.u_cdm.mem[240][19] (+)
|-- (1)top.u_system_wrapper.u_cdm.mem[240][20] (+)
|-- (1)top.u_system_wrapper.u_cdm.mem[240][21] (+)
|-- (1)top.u_system_wrapper.u_cdm.mem[240][22] (+)
|-- (1)top.u_system_wrapper.u_cdm.mem[240][23] (+)
|-- (1)top.u_system_wrapper.u_cdm.mem[240][24] (+)
|-- (1)top.u_system_wrapper.u_cdm.mem[240][25] (+)
|-- (1)top.u_system_wrapper.u_cdm.mem[240][26] (+)
|-- (1)top.u_system_wrapper.u_cdm.mem[240][27] (+)
|-- (1)top.u_system_wrapper.u_cdm.mem[240][28] (+)
|-- (1)top.u_system_wrapper.u_cdm.mem[240][29] (+)
|-- (1)top.u_system_wrapper.u_cdm.mem[240][30] (+)
|-- (1)top.u_system_wrapper.u_cdm.mem[240][31] (+)
|-- (1)top.u_system_wrapper.u_cdm.mem[240][32] (+)
|-- (1)top.u_system_wrapper.u_cdm.mem[239][0] (+)
|-- (1)top.u_system_wrapper.u_cdm.mem[239][1] (+)
|-- (1)top.u_system_wrapper.u_cdm.mem[239][2] (+)
|-- (1)top.u_system_wrapper.u_cdm.mem[239][3] (+)
|-- (1)top.u_system_wrapper.u_cdm.mem[239][4] (+)
|-- (1)top.u_system_wrapper.u_cdm.mem[239][5] (+)
|-- (1)top.u_system_wrapper.u_cdm.mem[239][6] (+)
|-- (1)top.u_system_wrapper.u_cdm.mem[239][7] (+)
|-- (1)top.u_system_wrapper.u_cdm.mem[239][8] (+)
|-- (1)top.u_system_wrapper.u_cdm.mem[239][9] (+)
|-- (1)top.u_system_wrapper.u_cdm.mem[239][10] (+)
|-- (1)top.u_system_wrapper.u_cdm.mem[239][11] (+)
|-- (1)top.u_system_wrapper.u_cdm.mem[239][12] (+)
|-- (1)top.u_system_wrapper.u_cdm.mem[239][13] (+)
|-- (1)top.u_system_wrapper.u_cdm.mem[239][14] (+)
|-- (1)top.u_system_wrapper.u_cdm.mem[239][15] (+)
|-- (1)top.u_system_wrapper.u_cdm.mem[239][16] (+)
|-- (1)top.u_system_wrapper.u_cdm.mem[239][17] (+)
|-- (1)top.u_system_wrapper.u_cdm.mem[239][18] (+)
|-- (1)top.u_system_wrapper.u_cdm.mem[239][19] (+)
|-- (1)top.u_system_wrapper.u_cdm.mem[239][20] (+)
|-- (1)top.u_system_wrapper.u_cdm.mem[239][21] (+)
|-- (1)top.u_system_wrapper.u_cdm.mem[239][22] (+)
|-- (1)top.u_system_wrapper.u_cdm.mem[239][23] (+)
|-- (1)top.u_system_wrapper.u_cdm.mem[239][24] (+)
|-- (1)top.u_system_wrapper.u_cdm.mem[239][25] (+)
|-- (1)top.u_system_wrapper.u_cdm.mem[239][26] (+)
|-- (1)top.u_system_wrapper.u_cdm.mem[239][27] (+)
|-- (1)top.u_system_wrapper.u_cdm.mem[239][28] (+)
|-- (1)top.u_system_wrapper.u_cdm.mem[239][29] (+)
|-- (1)top.u_system_wrapper.u_cdm.mem[239][30] (+)
|-- (1)top.u_system_wrapper.u_cdm.mem[239][31] (+)
|-- (1)top.u_system_wrapper.u_cdm.mem[239][32] (+)
|-- (1)top.u_system_wrapper.u_cdm.mem[238][0] (+)
|-- (1)top.u_system_wrapper.u_cdm.mem[238][1] (+)
|-- (1)top.u_system_wrapper.u_cdm.mem[238][2] (+)
|-- (1)top.u_system_wrapper.u_cdm.mem[238][3] (+)
|-- (1)top.u_system_wrapper.u_cdm.mem[238][4] (+)
|-- (1)top.u_system_wrapper.u_cdm.mem[238][5] (+)
|-- (1)top.u_system_wrapper.u_cdm.mem[238][6] (+)
|-- (1)top.u_system_wrapper.u_cdm.mem[238][7] (+)
|-- (1)top.u_system_wrapper.u_cdm.mem[238][8] (+)
|-- (1)top.u_system_wrapper.u_cdm.mem[238][9] (+)
|-- (1)top.u_system_wrapper.u_cdm.mem[238][10] (+)
|-- (1)top.u_system_wrapper.u_cdm.mem[238][11] (+)
|-- (1)top.u_system_wrapper.u_cdm.mem[238][12] (+)
|-- (1)top.u_system_wrapper.u_cdm.mem[238][13] (+)
|-- (1)top.u_system_wrapper.u_cdm.mem[238][14] (+)
|-- (1)top.u_system_wrapper.u_cdm.mem[238][15] (+)
|-- (1)top.u_system_wrapper.u_cdm.mem[238][16] (+)
|-- (1)top.u_system_wrapper.u_cdm.mem[238][17] (+)
|-- (1)top.u_system_wrapper.u_cdm.mem[238][18] (+)
|-- (1)top.u_system_wrapper.u_cdm.mem[238][19] (+)
|-- (1)top.u_system_wrapper.u_cdm.mem[238][20] (+)
|-- (1)top.u_system_wrapper.u_cdm.mem[238][21] (+)
|-- (1)top.u_system_wrapper.u_cdm.mem[238][22] (+)
|-- (1)top.u_system_wrapper.u_cdm.mem[238][23] (+)
|-- (1)top.u_system_wrapper.u_cdm.mem[238][24] (+)
|-- (1)top.u_system_wrapper.u_cdm.mem[238][25] (+)
|-- (1)top.u_system_wrapper.u_cdm.mem[238][26] (+)
|-- (1)top.u_system_wrapper.u_cdm.mem[238][27] (+)
|-- (1)top.u_system_wrapper.u_cdm.mem[238][28] (+)
|-- (1)top.u_system_wrapper.u_cdm.mem[238][29] (+)
|-- (1)top.u_system_wrapper.u_cdm.mem[238][30] (+)
|-- (1)top.u_system_wrapper.u_cdm.mem[238][31] (+)
|-- (1)top.u_system_wrapper.u_cdm.mem[238][32] (+)
|-- (1)top.u_system_wrapper.u_cdm.mem[237][0] (+)
|-- (1)top.u_system_wrapper.u_cdm.mem[237][1] (+)
|-- (1)top.u_system_wrapper.u_cdm.mem[237][2] (+)
|-- (1)top.u_system_wrapper.u_cdm.mem[237][3] (+)
|-- (1)top.u_system_wrapper.u_cdm.mem[237][4] (+)
|-- (1)top.u_system_wrapper.u_cdm.mem[237][5] (+)
|-- (1)top.u_system_wrapper.u_cdm.mem[237][6] (+)
|-- (1)top.u_system_wrapper.u_cdm.mem[237][7] (+)
|-- (1)top.u_system_wrapper.u_cdm.mem[237][8] (+)
|-- (1)top.u_system_wrapper.u_cdm.mem[237][9] (+)
|-- (1)top.u_system_wrapper.u_cdm.mem[237][10] (+)
|-- (1)top.u_system_wrapper.u_cdm.mem[237][11] (+)
|-- (1)top.u_system_wrapper.u_cdm.mem[237][12] (+)
|-- (1)top.u_system_wrapper.u_cdm.mem[237][13] (+)
|-- (1)top.u_system_wrapper.u_cdm.mem[237][14] (+)
|-- (1)top.u_system_wrapper.u_cdm.mem[237][15] (+)
|-- (1)top.u_system_wrapper.u_cdm.mem[237][16] (+)
|-- (1)top.u_system_wrapper.u_cdm.mem[237][17] (+)
|-- (1)top.u_system_wrapper.u_cdm.mem[237][18] (+)
|-- (1)top.u_system_wrapper.u_cdm.mem[237][19] (+)
|-- (1)top.u_system_wrapper.u_cdm.mem[237][20] (+)
|-- (1)top.u_system_wrapper.u_cdm.mem[237][21] (+)
|-- (1)top.u_system_wrapper.u_cdm.mem[237][22] (+)
|-- (1)top.u_system_wrapper.u_cdm.mem[237][23] (+)
|-- (1)top.u_system_wrapper.u_cdm.mem[237][24] (+)
|-- (1)top.u_system_wrapper.u_cdm.mem[237][25] (+)
|-- (1)top.u_system_wrapper.u_cdm.mem[237][26] (+)
|-- (1)top.u_system_wrapper.u_cdm.mem[237][27] (+)
|-- (1)top.u_system_wrapper.u_cdm.mem[237][28] (+)
|-- (1)top.u_system_wrapper.u_cdm.mem[237][29] (+)
|-- (1)top.u_system_wrapper.u_cdm.mem[237][30] (+)
|-- (1)top.u_system_wrapper.u_cdm.mem[237][31] (+)
|-- (1)top.u_system_wrapper.u_cdm.mem[237][32] (+)
|-- (1)top.u_system_wrapper.u_cdm.mem[236][0] (+)
|-- (1)top.u_system_wrapper.u_cdm.mem[236][1] (+)
|-- (1)top.u_system_wrapper.u_cdm.mem[236][2] (+)
|-- (1)top.u_system_wrapper.u_cdm.mem[236][3] (+)
|-- (1)top.u_system_wrapper.u_cdm.mem[236][4] (+)
|-- (1)top.u_system_wrapper.u_cdm.mem[236][5] (+)
|-- (1)top.u_system_wrapper.u_cdm.mem[236][6] (+)
|-- (1)top.u_system_wrapper.u_cdm.mem[236][7] (+)
|-- (1)top.u_system_wrapper.u_cdm.mem[236][8] (+)
|-- (1)top.u_system_wrapper.u_cdm.mem[236][9] (+)
|-- (1)top.u_system_wrapper.u_cdm.mem[236][10] (+)
|-- (1)top.u_system_wrapper.u_cdm.mem[236][11] (+)
|-- (1)top.u_system_wrapper.u_cdm.mem[236][12] (+)
|-- (1)top.u_system_wrapper.u_cdm.mem[236][13] (+)
|-- (1)top.u_system_wrapper.u_cdm.mem[236][14] (+)
|-- (1)top.u_system_wrapper.u_cdm.mem[236][15] (+)
|-- (1)top.u_system_wrapper.u_cdm.mem[236][16] (+)
|-- (1)top.u_system_wrapper.u_cdm.mem[236][17] (+)
|-- (1)top.u_system_wrapper.u_cdm.mem[236][18] (+)
|-- (1)top.u_system_wrapper.u_cdm.mem[236][19] (+)
|-- (1)top.u_system_wrapper.u_cdm.mem[236][20] (+)
|-- (1)top.u_system_wrapper.u_cdm.mem[236][21] (+)
|-- (1)top.u_system_wrapper.u_cdm.mem[236][22] (+)
|-- (1)top.u_system_wrapper.u_cdm.mem[236][23] (+)
|-- (1)top.u_system_wrapper.u_cdm.mem[236][24] (+)
|-- (1)top.u_system_wrapper.u_cdm.mem[236][25] (+)
|-- (1)top.u_system_wrapper.u_cdm.mem[236][26] (+)
|-- (1)top.u_system_wrapper.u_cdm.mem[236][27] (+)
|-- (1)top.u_system_wrapper.u_cdm.mem[236][28] (+)
|-- (1)top.u_system_wrapper.u_cdm.mem[236][29] (+)
|-- (1)top.u_system_wrapper.u_cdm.mem[236][30] (+)
|-- (1)top.u_system_wrapper.u_cdm.mem[236][31] (+)
|-- (1)top.u_system_wrapper.u_cdm.mem[236][32] (+)
|-- (1)top.u_system_wrapper.u_cdm.mem[235][0] (+)
|-- (1)top.u_system_wrapper.u_cdm.mem[235][1] (+)
|-- (1)top.u_system_wrapper.u_cdm.mem[235][2] (+)
|-- (1)top.u_system_wrapper.u_cdm.mem[235][3] (+)
|-- (1)top.u_system_wrapper.u_cdm.mem[235][4] (+)
|-- (1)top.u_system_wrapper.u_cdm.mem[235][5] (+)
|-- (1)top.u_system_wrapper.u_cdm.mem[235][6] (+)
|-- (1)top.u_system_wrapper.u_cdm.mem[235][7] (+)
|-- (1)top.u_system_wrapper.u_cdm.mem[235][8] (+)
|-- (1)top.u_system_wrapper.u_cdm.mem[235][9] (+)
|-- (1)top.u_system_wrapper.u_cdm.mem[235][10] (+)
|-- (1)top.u_system_wrapper.u_cdm.mem[235][11] (+)
|-- (1)top.u_system_wrapper.u_cdm.mem[235][12] (+)
|-- (1)top.u_system_wrapper.u_cdm.mem[235][13] (+)
|-- (1)top.u_system_wrapper.u_cdm.mem[235][14] (+)
|-- (1)top.u_system_wrapper.u_cdm.mem[235][15] (+)
|-- (1)top.u_system_wrapper.u_cdm.mem[235][16] (+)
|-- (1)top.u_system_wrapper.u_cdm.mem[235][17] (+)
|-- (1)top.u_system_wrapper.u_cdm.mem[235][18] (+)
|-- (1)top.u_system_wrapper.u_cdm.mem[235][19] (+)
|-- (1)top.u_system_wrapper.u_cdm.mem[235][20] (+)
|-- (1)top.u_system_wrapper.u_cdm.mem[235][21] (+)
|-- (1)top.u_system_wrapper.u_cdm.mem[235][22] (+)
|-- (1)top.u_system_wrapper.u_cdm.mem[235][23] (+)
|-- (1)top.u_system_wrapper.u_cdm.mem[235][24] (+)
|-- (1)top.u_system_wrapper.u_cdm.mem[235][25] (+)
|-- (1)top.u_system_wrapper.u_cdm.mem[235][26] (+)
|-- (1)top.u_system_wrapper.u_cdm.mem[235][27] (+)
|-- (1)top.u_system_wrapper.u_cdm.mem[235][28] (+)
|-- (1)top.u_system_wrapper.u_cdm.mem[235][29] (+)
|-- (1)top.u_system_wrapper.u_cdm.mem[235][30] (+)
|-- (1)top.u_system_wrapper.u_cdm.mem[235][31] (+)
|-- (1)top.u_system_wrapper.u_cdm.mem[235][32] (+)
|-- (1)top.u_system_wrapper.u_cdm.mem[234][0] (+)
|-- (1)top.u_system_wrapper.u_cdm.mem[234][1] (+)
|-- (1)top.u_system_wrapper.u_cdm.mem[234][2] (+)
|-- (1)top.u_system_wrapper.u_cdm.mem[234][3] (+)
|-- (1)top.u_system_wrapper.u_cdm.mem[234][4] (+)
|-- (1)top.u_system_wrapper.u_cdm.mem[234][5] (+)
|-- (1)top.u_system_wrapper.u_cdm.mem[234][6] (+)
|-- (1)top.u_system_wrapper.u_cdm.mem[234][7] (+)
|-- (1)top.u_system_wrapper.u_cdm.mem[234][8] (+)
|-- (1)top.u_system_wrapper.u_cdm.mem[234][9] (+)
|-- (1)top.u_system_wrapper.u_cdm.mem[234][10] (+)
|-- (1)top.u_system_wrapper.u_cdm.mem[234][11] (+)
|-- (1)top.u_system_wrapper.u_cdm.mem[234][12] (+)
|-- (1)top.u_system_wrapper.u_cdm.mem[234][13] (+)
|-- (1)top.u_system_wrapper.u_cdm.mem[234][14] (+)
|-- (1)top.u_system_wrapper.u_cdm.mem[234][15] (+)
|-- (1)top.u_system_wrapper.u_cdm.mem[234][16] (+)
|-- (1)top.u_system_wrapper.u_cdm.mem[234][17] (+)
|-- (1)top.u_system_wrapper.u_cdm.mem[234][18] (+)
|-- (1)top.u_system_wrapper.u_cdm.mem[234][19] (+)
|-- (1)top.u_system_wrapper.u_cdm.mem[234][20] (+)
|-- (1)top.u_system_wrapper.u_cdm.mem[234][21] (+)
|-- (1)top.u_system_wrapper.u_cdm.mem[234][22] (+)
|-- (1)top.u_system_wrapper.u_cdm.mem[234][23] (+)
|-- (1)top.u_system_wrapper.u_cdm.mem[234][24] (+)
|-- (1)top.u_system_wrapper.u_cdm.mem[234][25] (+)
|-- (1)top.u_system_wrapper.u_cdm.mem[234][26] (+)
|-- (1)top.u_system_wrapper.u_cdm.mem[234][27] (+)
|-- (1)top.u_system_wrapper.u_cdm.mem[234][28] (+)
|-- (1)top.u_system_wrapper.u_cdm.mem[234][29] (+)
|-- (1)top.u_system_wrapper.u_cdm.mem[234][30] (+)
|-- (1)top.u_system_wrapper.u_cdm.mem[234][31] (+)
|-- (1)top.u_system_wrapper.u_cdm.mem[234][32] (+)
|-- (1)top.u_system_wrapper.u_cdm.mem[233][0] (+)
|-- (1)top.u_system_wrapper.u_cdm.mem[233][1] (+)
|-- (1)top.u_system_wrapper.u_cdm.mem[233][2] (+)
|-- (1)top.u_system_wrapper.u_cdm.mem[233][3] (+)
|-- (1)top.u_system_wrapper.u_cdm.mem[233][4] (+)
|-- (1)top.u_system_wrapper.u_cdm.mem[233][5] (+)
|-- (1)top.u_system_wrapper.u_cdm.mem[233][6] (+)
|-- (1)top.u_system_wrapper.u_cdm.mem[233][7] (+)
|-- (1)top.u_system_wrapper.u_cdm.mem[233][8] (+)
|-- (1)top.u_system_wrapper.u_cdm.mem[233][9] (+)
|-- (1)top.u_system_wrapper.u_cdm.mem[233][10] (+)
|-- (1)top.u_system_wrapper.u_cdm.mem[233][11] (+)
|-- (1)top.u_system_wrapper.u_cdm.mem[233][12] (+)
|-- (1)top.u_system_wrapper.u_cdm.mem[233][13] (+)
|-- (1)top.u_system_wrapper.u_cdm.mem[233][14] (+)
|-- (1)top.u_system_wrapper.u_cdm.mem[233][15] (+)
|-- (1)top.u_system_wrapper.u_cdm.mem[233][16] (+)
|-- (1)top.u_system_wrapper.u_cdm.mem[233][17] (+)
|-- (1)top.u_system_wrapper.u_cdm.mem[233][18] (+)
|-- (1)top.u_system_wrapper.u_cdm.mem[233][19] (+)
|-- (1)top.u_system_wrapper.u_cdm.mem[233][20] (+)
|-- (1)top.u_system_wrapper.u_cdm.mem[233][21] (+)
|-- (1)top.u_system_wrapper.u_cdm.mem[233][22] (+)
|-- (1)top.u_system_wrapper.u_cdm.mem[233][23] (+)
|-- (1)top.u_system_wrapper.u_cdm.mem[233][24] (+)
|-- (1)top.u_system_wrapper.u_cdm.mem[233][25] (+)
|-- (1)top.u_system_wrapper.u_cdm.mem[233][26] (+)
|-- (1)top.u_system_wrapper.u_cdm.mem[233][27] (+)
|-- (1)top.u_system_wrapper.u_cdm.mem[233][28] (+)
|-- (1)top.u_system_wrapper.u_cdm.mem[233][29] (+)
|-- (1)top.u_system_wrapper.u_cdm.mem[233][30] (+)
|-- (1)top.u_system_wrapper.u_cdm.mem[233][31] (+)
|-- (1)top.u_system_wrapper.u_cdm.mem[233][32] (+)
|-- (1)top.u_system_wrapper.u_cdm.mem[232][0] (+)
|-- (1)top.u_system_wrapper.u_cdm.mem[232][1] (+)
|-- (1)top.u_system_wrapper.u_cdm.mem[232][2] (+)
|-- (1)top.u_system_wrapper.u_cdm.mem[232][3] (+)
|-- (1)top.u_system_wrapper.u_cdm.mem[232][4] (+)
|-- (1)top.u_system_wrapper.u_cdm.mem[232][5] (+)
|-- (1)top.u_system_wrapper.u_cdm.mem[232][6] (+)
|-- (1)top.u_system_wrapper.u_cdm.mem[232][7] (+)
|-- (1)top.u_system_wrapper.u_cdm.mem[232][8] (+)
|-- (1)top.u_system_wrapper.u_cdm.mem[232][9] (+)
|-- (1)top.u_system_wrapper.u_cdm.mem[232][10] (+)
|-- (1)top.u_system_wrapper.u_cdm.mem[232][11] (+)
|-- (1)top.u_system_wrapper.u_cdm.mem[232][12] (+)
|-- (1)top.u_system_wrapper.u_cdm.mem[232][13] (+)
|-- (1)top.u_system_wrapper.u_cdm.mem[232][14] (+)
|-- (1)top.u_system_wrapper.u_cdm.mem[232][15] (+)
|-- (1)top.u_system_wrapper.u_cdm.mem[232][16] (+)
|-- (1)top.u_system_wrapper.u_cdm.mem[232][17] (+)
|-- (1)top.u_system_wrapper.u_cdm.mem[232][18] (+)
|-- (1)top.u_system_wrapper.u_cdm.mem[232][19] (+)
|-- (1)top.u_system_wrapper.u_cdm.mem[232][20] (+)
|-- (1)top.u_system_wrapper.u_cdm.mem[232][21] (+)
|-- (1)top.u_system_wrapper.u_cdm.mem[232][22] (+)
|-- (1)top.u_system_wrapper.u_cdm.mem[232][23] (+)
|-- (1)top.u_system_wrapper.u_cdm.mem[232][24] (+)
|-- (1)top.u_system_wrapper.u_cdm.mem[232][25] (+)
|-- (1)top.u_system_wrapper.u_cdm.mem[232][26] (+)
|-- (1)top.u_system_wrapper.u_cdm.mem[232][27] (+)
|-- (1)top.u_system_wrapper.u_cdm.mem[232][28] (+)
|-- (1)top.u_system_wrapper.u_cdm.mem[232][29] (+)
|-- (1)top.u_system_wrapper.u_cdm.mem[232][30] (+)
|-- (1)top.u_system_wrapper.u_cdm.mem[232][31] (+)
|-- (1)top.u_system_wrapper.u_cdm.mem[232][32] (+)
|-- (1)top.u_system_wrapper.u_cdm.mem[231][0] (+)
|-- (1)top.u_system_wrapper.u_cdm.mem[231][1] (+)
|-- (1)top.u_system_wrapper.u_cdm.mem[231][2] (+)
|-- (1)top.u_system_wrapper.u_cdm.mem[231][3] (+)
|-- (1)top.u_system_wrapper.u_cdm.mem[231][4] (+)
|-- (1)top.u_system_wrapper.u_cdm.mem[231][5] (+)
|-- (1)top.u_system_wrapper.u_cdm.mem[231][6] (+)
|-- (1)top.u_system_wrapper.u_cdm.mem[231][7] (+)
|-- (1)top.u_system_wrapper.u_cdm.mem[231][8] (+)
|-- (1)top.u_system_wrapper.u_cdm.mem[231][9] (+)
|-- (1)top.u_system_wrapper.u_cdm.mem[231][10] (+)
|-- (1)top.u_system_wrapper.u_cdm.mem[231][11] (+)
|-- (1)top.u_system_wrapper.u_cdm.mem[231][12] (+)
|-- (1)top.u_system_wrapper.u_cdm.mem[231][13] (+)
|-- (1)top.u_system_wrapper.u_cdm.mem[231][14] (+)
|-- (1)top.u_system_wrapper.u_cdm.mem[231][15] (+)
|-- (1)top.u_system_wrapper.u_cdm.mem[231][16] (+)
|-- (1)top.u_system_wrapper.u_cdm.mem[231][17] (+)
|-- (1)top.u_system_wrapper.u_cdm.mem[231][18] (+)
|-- (1)top.u_system_wrapper.u_cdm.mem[231][19] (+)
|-- (1)top.u_system_wrapper.u_cdm.mem[231][20] (+)
|-- (1)top.u_system_wrapper.u_cdm.mem[231][21] (+)
|-- (1)top.u_system_wrapper.u_cdm.mem[231][22] (+)
|-- (1)top.u_system_wrapper.u_cdm.mem[231][23] (+)
|-- (1)top.u_system_wrapper.u_cdm.mem[231][24] (+)
|-- (1)top.u_system_wrapper.u_cdm.mem[231][25] (+)
|-- (1)top.u_system_wrapper.u_cdm.mem[231][26] (+)
|-- (1)top.u_system_wrapper.u_cdm.mem[231][27] (+)
|-- (1)top.u_system_wrapper.u_cdm.mem[231][28] (+)
|-- (1)top.u_system_wrapper.u_cdm.mem[231][29] (+)
|-- (1)top.u_system_wrapper.u_cdm.mem[231][30] (+)
|-- (1)top.u_system_wrapper.u_cdm.mem[231][31] (+)
|-- (1)top.u_system_wrapper.u_cdm.mem[231][32] (+)
|-- (1)top.u_system_wrapper.u_cdm.mem[230][0] (+)
|-- (1)top.u_system_wrapper.u_cdm.mem[230][1] (+)
|-- (1)top.u_system_wrapper.u_cdm.mem[230][2] (+)
|-- (1)top.u_system_wrapper.u_cdm.mem[230][3] (+)
|-- (1)top.u_system_wrapper.u_cdm.mem[230][4] (+)
|-- (1)top.u_system_wrapper.u_cdm.mem[230][5] (+)
|-- (1)top.u_system_wrapper.u_cdm.mem[230][6] (+)
|-- (1)top.u_system_wrapper.u_cdm.mem[230][7] (+)
|-- (1)top.u_system_wrapper.u_cdm.mem[230][8] (+)
|-- (1)top.u_system_wrapper.u_cdm.mem[230][9] (+)
|-- (1)top.u_system_wrapper.u_cdm.mem[230][10] (+)
|-- (1)top.u_system_wrapper.u_cdm.mem[230][11] (+)
|-- (1)top.u_system_wrapper.u_cdm.mem[230][12] (+)
|-- (1)top.u_system_wrapper.u_cdm.mem[230][13] (+)
|-- (1)top.u_system_wrapper.u_cdm.mem[230][14] (+)
|-- (1)top.u_system_wrapper.u_cdm.mem[230][15] (+)
|-- (1)top.u_system_wrapper.u_cdm.mem[230][16] (+)
|-- (1)top.u_system_wrapper.u_cdm.mem[230][17] (+)
|-- (1)top.u_system_wrapper.u_cdm.mem[230][18] (+)
|-- (1)top.u_system_wrapper.u_cdm.mem[230][19] (+)
|-- (1)top.u_system_wrapper.u_cdm.mem[230][20] (+)
|-- (1)top.u_system_wrapper.u_cdm.mem[230][21] (+)
|-- (1)top.u_system_wrapper.u_cdm.mem[230][22] (+)
|-- (1)top.u_system_wrapper.u_cdm.mem[230][23] (+)
|-- (1)top.u_system_wrapper.u_cdm.mem[230][24] (+)
|-- (1)top.u_system_wrapper.u_cdm.mem[230][25] (+)
|-- (1)top.u_system_wrapper.u_cdm.mem[230][26] (+)
|-- (1)top.u_system_wrapper.u_cdm.mem[230][27] (+)
|-- (1)top.u_system_wrapper.u_cdm.mem[230][28] (+)
|-- (1)top.u_system_wrapper.u_cdm.mem[230][29] (+)
|-- (1)top.u_system_wrapper.u_cdm.mem[230][30] (+)
|-- (1)top.u_system_wrapper.u_cdm.mem[230][31] (+)
|-- (1)top.u_system_wrapper.u_cdm.mem[230][32] (+)
|-- (1)top.u_system_wrapper.u_cdm.mem[229][0] (+)
|-- (1)top.u_system_wrapper.u_cdm.mem[229][1] (+)
|-- (1)top.u_system_wrapper.u_cdm.mem[229][2] (+)
|-- (1)top.u_system_wrapper.u_cdm.mem[229][3] (+)
|-- (1)top.u_system_wrapper.u_cdm.mem[229][4] (+)
|-- (1)top.u_system_wrapper.u_cdm.mem[229][5] (+)
|-- (1)top.u_system_wrapper.u_cdm.mem[229][6] (+)
|-- (1)top.u_system_wrapper.u_cdm.mem[229][7] (+)
|-- (1)top.u_system_wrapper.u_cdm.mem[229][8] (+)
|-- (1)top.u_system_wrapper.u_cdm.mem[229][9] (+)
|-- (1)top.u_system_wrapper.u_cdm.mem[229][10] (+)
|-- (1)top.u_system_wrapper.u_cdm.mem[229][11] (+)
|-- (1)top.u_system_wrapper.u_cdm.mem[229][12] (+)
|-- (1)top.u_system_wrapper.u_cdm.mem[229][13] (+)
|-- (1)top.u_system_wrapper.u_cdm.mem[229][14] (+)
|-- (1)top.u_system_wrapper.u_cdm.mem[229][15] (+)
|-- (1)top.u_system_wrapper.u_cdm.mem[229][16] (+)
|-- (1)top.u_system_wrapper.u_cdm.mem[229][17] (+)
|-- (1)top.u_system_wrapper.u_cdm.mem[229][18] (+)
|-- (1)top.u_system_wrapper.u_cdm.mem[229][19] (+)
|-- (1)top.u_system_wrapper.u_cdm.mem[229][20] (+)
|-- (1)top.u_system_wrapper.u_cdm.mem[229][21] (+)
|-- (1)top.u_system_wrapper.u_cdm.mem[229][22] (+)
|-- (1)top.u_system_wrapper.u_cdm.mem[229][23] (+)
|-- (1)top.u_system_wrapper.u_cdm.mem[229][24] (+)
|-- (1)top.u_system_wrapper.u_cdm.mem[229][25] (+)
|-- (1)top.u_system_wrapper.u_cdm.mem[229][26] (+)
|-- (1)top.u_system_wrapper.u_cdm.mem[229][27] (+)
|-- (1)top.u_system_wrapper.u_cdm.mem[229][28] (+)
|-- (1)top.u_system_wrapper.u_cdm.mem[229][29] (+)
|-- (1)top.u_system_wrapper.u_cdm.mem[229][30] (+)
|-- (1)top.u_system_wrapper.u_cdm.mem[229][31] (+)
|-- (1)top.u_system_wrapper.u_cdm.mem[229][32] (+)
|-- (1)top.u_system_wrapper.u_cdm.mem[228][0] (+)
|-- (1)top.u_system_wrapper.u_cdm.mem[228][1] (+)
|-- (1)top.u_system_wrapper.u_cdm.mem[228][2] (+)
|-- (1)top.u_system_wrapper.u_cdm.mem[228][3] (+)
|-- (1)top.u_system_wrapper.u_cdm.mem[228][4] (+)
|-- (1)top.u_system_wrapper.u_cdm.mem[228][5] (+)
|-- (1)top.u_system_wrapper.u_cdm.mem[228][6] (+)
|-- (1)top.u_system_wrapper.u_cdm.mem[228][7] (+)
|-- (1)top.u_system_wrapper.u_cdm.mem[228][8] (+)
|-- (1)top.u_system_wrapper.u_cdm.mem[228][9] (+)
|-- (1)top.u_system_wrapper.u_cdm.mem[228][10] (+)
|-- (1)top.u_system_wrapper.u_cdm.mem[228][11] (+)
|-- (1)top.u_system_wrapper.u_cdm.mem[228][12] (+)
|-- (1)top.u_system_wrapper.u_cdm.mem[228][13] (+)
|-- (1)top.u_system_wrapper.u_cdm.mem[228][14] (+)
|-- (1)top.u_system_wrapper.u_cdm.mem[228][15] (+)
|-- (1)top.u_system_wrapper.u_cdm.mem[228][16] (+)
|-- (1)top.u_system_wrapper.u_cdm.mem[228][17] (+)
|-- (1)top.u_system_wrapper.u_cdm.mem[228][18] (+)
|-- (1)top.u_system_wrapper.u_cdm.mem[228][19] (+)
|-- (1)top.u_system_wrapper.u_cdm.mem[228][20] (+)
|-- (1)top.u_system_wrapper.u_cdm.mem[228][21] (+)
|-- (1)top.u_system_wrapper.u_cdm.mem[228][22] (+)
|-- (1)top.u_system_wrapper.u_cdm.mem[228][23] (+)
|-- (1)top.u_system_wrapper.u_cdm.mem[228][24] (+)
|-- (1)top.u_system_wrapper.u_cdm.mem[228][25] (+)
|-- (1)top.u_system_wrapper.u_cdm.mem[228][26] (+)
|-- (1)top.u_system_wrapper.u_cdm.mem[228][27] (+)
|-- (1)top.u_system_wrapper.u_cdm.mem[228][28] (+)
|-- (1)top.u_system_wrapper.u_cdm.mem[228][29] (+)
|-- (1)top.u_system_wrapper.u_cdm.mem[228][30] (+)
|-- (1)top.u_system_wrapper.u_cdm.mem[228][31] (+)
|-- (1)top.u_system_wrapper.u_cdm.mem[228][32] (+)
|-- (1)top.u_system_wrapper.u_cdm.mem[227][0] (+)
|-- (1)top.u_system_wrapper.u_cdm.mem[227][1] (+)
|-- (1)top.u_system_wrapper.u_cdm.mem[227][2] (+)
|-- (1)top.u_system_wrapper.u_cdm.mem[227][3] (+)
|-- (1)top.u_system_wrapper.u_cdm.mem[227][4] (+)
|-- (1)top.u_system_wrapper.u_cdm.mem[227][5] (+)
|-- (1)top.u_system_wrapper.u_cdm.mem[227][6] (+)
|-- (1)top.u_system_wrapper.u_cdm.mem[227][7] (+)
|-- (1)top.u_system_wrapper.u_cdm.mem[227][8] (+)
|-- (1)top.u_system_wrapper.u_cdm.mem[227][9] (+)
|-- (1)top.u_system_wrapper.u_cdm.mem[227][10] (+)
|-- (1)top.u_system_wrapper.u_cdm.mem[227][11] (+)
|-- (1)top.u_system_wrapper.u_cdm.mem[227][12] (+)
|-- (1)top.u_system_wrapper.u_cdm.mem[227][13] (+)
|-- (1)top.u_system_wrapper.u_cdm.mem[227][14] (+)
|-- (1)top.u_system_wrapper.u_cdm.mem[227][15] (+)
|-- (1)top.u_system_wrapper.u_cdm.mem[227][16] (+)
|-- (1)top.u_system_wrapper.u_cdm.mem[227][17] (+)
|-- (1)top.u_system_wrapper.u_cdm.mem[227][18] (+)
|-- (1)top.u_system_wrapper.u_cdm.mem[227][19] (+)
|-- (1)top.u_system_wrapper.u_cdm.mem[227][20] (+)
|-- (1)top.u_system_wrapper.u_cdm.mem[227][21] (+)
|-- (1)top.u_system_wrapper.u_cdm.mem[227][22] (+)
|-- (1)top.u_system_wrapper.u_cdm.mem[227][23] (+)
|-- (1)top.u_system_wrapper.u_cdm.mem[227][24] (+)
|-- (1)top.u_system_wrapper.u_cdm.mem[227][25] (+)
|-- (1)top.u_system_wrapper.u_cdm.mem[227][26] (+)
|-- (1)top.u_system_wrapper.u_cdm.mem[227][27] (+)
|-- (1)top.u_system_wrapper.u_cdm.mem[227][28] (+)
|-- (1)top.u_system_wrapper.u_cdm.mem[227][29] (+)
|-- (1)top.u_system_wrapper.u_cdm.mem[227][30] (+)
|-- (1)top.u_system_wrapper.u_cdm.mem[227][31] (+)
|-- (1)top.u_system_wrapper.u_cdm.mem[227][32] (+)
|-- (1)top.u_system_wrapper.u_cdm.mem[226][0] (+)
|-- (1)top.u_system_wrapper.u_cdm.mem[226][1] (+)
|-- (1)top.u_system_wrapper.u_cdm.mem[226][2] (+)
|-- (1)top.u_system_wrapper.u_cdm.mem[226][3] (+)
|-- (1)top.u_system_wrapper.u_cdm.mem[226][4] (+)
|-- (1)top.u_system_wrapper.u_cdm.mem[226][5] (+)
|-- (1)top.u_system_wrapper.u_cdm.mem[226][6] (+)
|-- (1)top.u_system_wrapper.u_cdm.mem[226][7] (+)
|-- (1)top.u_system_wrapper.u_cdm.mem[226][8] (+)
|-- (1)top.u_system_wrapper.u_cdm.mem[226][9] (+)
|-- (1)top.u_system_wrapper.u_cdm.mem[226][10] (+)
|-- (1)top.u_system_wrapper.u_cdm.mem[226][11] (+)
|-- (1)top.u_system_wrapper.u_cdm.mem[226][12] (+)
|-- (1)top.u_system_wrapper.u_cdm.mem[226][13] (+)
|-- (1)top.u_system_wrapper.u_cdm.mem[226][14] (+)
|-- (1)top.u_system_wrapper.u_cdm.mem[226][15] (+)
|-- (1)top.u_system_wrapper.u_cdm.mem[226][16] (+)
|-- (1)top.u_system_wrapper.u_cdm.mem[226][17] (+)
|-- (1)top.u_system_wrapper.u_cdm.mem[226][18] (+)
|-- (1)top.u_system_wrapper.u_cdm.mem[226][19] (+)
|-- (1)top.u_system_wrapper.u_cdm.mem[226][20] (+)
|-- (1)top.u_system_wrapper.u_cdm.mem[226][21] (+)
|-- (1)top.u_system_wrapper.u_cdm.mem[226][22] (+)
|-- (1)top.u_system_wrapper.u_cdm.mem[226][23] (+)
|-- (1)top.u_system_wrapper.u_cdm.mem[226][24] (+)
|-- (1)top.u_system_wrapper.u_cdm.mem[226][25] (+)
|-- (1)top.u_system_wrapper.u_cdm.mem[226][26] (+)
|-- (1)top.u_system_wrapper.u_cdm.mem[226][27] (+)
|-- (1)top.u_system_wrapper.u_cdm.mem[226][28] (+)
|-- (1)top.u_system_wrapper.u_cdm.mem[226][29] (+)
|-- (1)top.u_system_wrapper.u_cdm.mem[226][30] (+)
|-- (1)top.u_system_wrapper.u_cdm.mem[226][31] (+)
|-- (1)top.u_system_wrapper.u_cdm.mem[226][32] (+)
|-- (1)top.u_system_wrapper.u_cdm.mem[225][0] (+)
|-- (1)top.u_system_wrapper.u_cdm.mem[225][1] (+)
|-- (1)top.u_system_wrapper.u_cdm.mem[225][2] (+)
|-- (1)top.u_system_wrapper.u_cdm.mem[225][3] (+)
|-- (1)top.u_system_wrapper.u_cdm.mem[225][4] (+)
|-- (1)top.u_system_wrapper.u_cdm.mem[225][5] (+)
|-- (1)top.u_system_wrapper.u_cdm.mem[225][6] (+)
|-- (1)top.u_system_wrapper.u_cdm.mem[225][7] (+)
|-- (1)top.u_system_wrapper.u_cdm.mem[225][8] (+)
|-- (1)top.u_system_wrapper.u_cdm.mem[225][9] (+)
|-- (1)top.u_system_wrapper.u_cdm.mem[225][10] (+)
|-- (1)top.u_system_wrapper.u_cdm.mem[225][11] (+)
|-- (1)top.u_system_wrapper.u_cdm.mem[225][12] (+)
|-- (1)top.u_system_wrapper.u_cdm.mem[225][13] (+)
|-- (1)top.u_system_wrapper.u_cdm.mem[225][14] (+)
|-- (1)top.u_system_wrapper.u_cdm.mem[225][15] (+)
|-- (1)top.u_system_wrapper.u_cdm.mem[225][16] (+)
|-- (1)top.u_system_wrapper.u_cdm.mem[225][17] (+)
|-- (1)top.u_system_wrapper.u_cdm.mem[225][18] (+)
|-- (1)top.u_system_wrapper.u_cdm.mem[225][19] (+)
|-- (1)top.u_system_wrapper.u_cdm.mem[225][20] (+)
|-- (1)top.u_system_wrapper.u_cdm.mem[225][21] (+)
|-- (1)top.u_system_wrapper.u_cdm.mem[225][22] (+)
|-- (1)top.u_system_wrapper.u_cdm.mem[225][23] (+)
|-- (1)top.u_system_wrapper.u_cdm.mem[225][24] (+)
|-- (1)top.u_system_wrapper.u_cdm.mem[225][25] (+)
|-- (1)top.u_system_wrapper.u_cdm.mem[225][26] (+)
|-- (1)top.u_system_wrapper.u_cdm.mem[225][27] (+)
|-- (1)top.u_system_wrapper.u_cdm.mem[225][28] (+)
|-- (1)top.u_system_wrapper.u_cdm.mem[225][29] (+)
|-- (1)top.u_system_wrapper.u_cdm.mem[225][30] (+)
|-- (1)top.u_system_wrapper.u_cdm.mem[225][31] (+)
|-- (1)top.u_system_wrapper.u_cdm.mem[225][32] (+)
|-- (1)top.u_system_wrapper.u_cdm.mem[224][0] (+)
|-- (1)top.u_system_wrapper.u_cdm.mem[224][1] (+)
|-- (1)top.u_system_wrapper.u_cdm.mem[224][2] (+)
|-- (1)top.u_system_wrapper.u_cdm.mem[224][3] (+)
|-- (1)top.u_system_wrapper.u_cdm.mem[224][4] (+)
|-- (1)top.u_system_wrapper.u_cdm.mem[224][5] (+)
|-- (1)top.u_system_wrapper.u_cdm.mem[224][6] (+)
|-- (1)top.u_system_wrapper.u_cdm.mem[224][7] (+)
|-- (1)top.u_system_wrapper.u_cdm.mem[224][8] (+)
|-- (1)top.u_system_wrapper.u_cdm.mem[224][9] (+)
|-- (1)top.u_system_wrapper.u_cdm.mem[224][10] (+)
|-- (1)top.u_system_wrapper.u_cdm.mem[224][11] (+)
|-- (1)top.u_system_wrapper.u_cdm.mem[224][12] (+)
|-- (1)top.u_system_wrapper.u_cdm.mem[224][13] (+)
|-- (1)top.u_system_wrapper.u_cdm.mem[224][14] (+)
|-- (1)top.u_system_wrapper.u_cdm.mem[224][15] (+)
|-- (1)top.u_system_wrapper.u_cdm.mem[224][16] (+)
|-- (1)top.u_system_wrapper.u_cdm.mem[224][17] (+)
|-- (1)top.u_system_wrapper.u_cdm.mem[224][18] (+)
|-- (1)top.u_system_wrapper.u_cdm.mem[224][19] (+)
|-- (1)top.u_system_wrapper.u_cdm.mem[224][20] (+)
|-- (1)top.u_system_wrapper.u_cdm.mem[224][21] (+)
|-- (1)top.u_system_wrapper.u_cdm.mem[224][22] (+)
|-- (1)top.u_system_wrapper.u_cdm.mem[224][23] (+)
|-- (1)top.u_system_wrapper.u_cdm.mem[224][24] (+)
|-- (1)top.u_system_wrapper.u_cdm.mem[224][25] (+)
|-- (1)top.u_system_wrapper.u_cdm.mem[224][26] (+)
|-- (1)top.u_system_wrapper.u_cdm.mem[224][27] (+)
|-- (1)top.u_system_wrapper.u_cdm.mem[224][28] (+)
|-- (1)top.u_system_wrapper.u_cdm.mem[224][29] (+)
|-- (1)top.u_system_wrapper.u_cdm.mem[224][30] (+)
|-- (1)top.u_system_wrapper.u_cdm.mem[224][31] (+)
|-- (1)top.u_system_wrapper.u_cdm.mem[224][32] (+)
|-- (1)top.u_system_wrapper.u_cdm.mem[223][0] (+)
|-- (1)top.u_system_wrapper.u_cdm.mem[223][1] (+)
|-- (1)top.u_system_wrapper.u_cdm.mem[223][2] (+)
|-- (1)top.u_system_wrapper.u_cdm.mem[223][3] (+)
|-- (1)top.u_system_wrapper.u_cdm.mem[223][4] (+)
|-- (1)top.u_system_wrapper.u_cdm.mem[223][5] (+)
|-- (1)top.u_system_wrapper.u_cdm.mem[223][6] (+)
|-- (1)top.u_system_wrapper.u_cdm.mem[223][7] (+)
|-- (1)top.u_system_wrapper.u_cdm.mem[223][8] (+)
|-- (1)top.u_system_wrapper.u_cdm.mem[223][9] (+)
|-- (1)top.u_system_wrapper.u_cdm.mem[223][10] (+)
|-- (1)top.u_system_wrapper.u_cdm.mem[223][11] (+)
|-- (1)top.u_system_wrapper.u_cdm.mem[223][12] (+)
|-- (1)top.u_system_wrapper.u_cdm.mem[223][13] (+)
|-- (1)top.u_system_wrapper.u_cdm.mem[223][14] (+)
|-- (1)top.u_system_wrapper.u_cdm.mem[223][15] (+)
|-- (1)top.u_system_wrapper.u_cdm.mem[223][16] (+)
|-- (1)top.u_system_wrapper.u_cdm.mem[223][17] (+)
|-- (1)top.u_system_wrapper.u_cdm.mem[223][18] (+)
|-- (1)top.u_system_wrapper.u_cdm.mem[223][19] (+)
|-- (1)top.u_system_wrapper.u_cdm.mem[223][20] (+)
|-- (1)top.u_system_wrapper.u_cdm.mem[223][21] (+)
|-- (1)top.u_system_wrapper.u_cdm.mem[223][22] (+)
|-- (1)top.u_system_wrapper.u_cdm.mem[223][23] (+)
|-- (1)top.u_system_wrapper.u_cdm.mem[223][24] (+)
|-- (1)top.u_system_wrapper.u_cdm.mem[223][25] (+)
|-- (1)top.u_system_wrapper.u_cdm.mem[223][26] (+)
|-- (1)top.u_system_wrapper.u_cdm.mem[223][27] (+)
|-- (1)top.u_system_wrapper.u_cdm.mem[223][28] (+)
|-- (1)top.u_system_wrapper.u_cdm.mem[223][29] (+)
|-- (1)top.u_system_wrapper.u_cdm.mem[223][30] (+)
|-- (1)top.u_system_wrapper.u_cdm.mem[223][31] (+)
|-- (1)top.u_system_wrapper.u_cdm.mem[223][32] (+)
|-- (1)top.u_system_wrapper.u_cdm.mem[222][0] (+)
|-- (1)top.u_system_wrapper.u_cdm.mem[222][1] (+)
|-- (1)top.u_system_wrapper.u_cdm.mem[222][2] (+)
|-- (1)top.u_system_wrapper.u_cdm.mem[222][3] (+)
|-- (1)top.u_system_wrapper.u_cdm.mem[222][4] (+)
|-- (1)top.u_system_wrapper.u_cdm.mem[222][5] (+)
|-- (1)top.u_system_wrapper.u_cdm.mem[222][6] (+)
|-- (1)top.u_system_wrapper.u_cdm.mem[222][7] (+)
|-- (1)top.u_system_wrapper.u_cdm.mem[222][8] (+)
|-- (1)top.u_system_wrapper.u_cdm.mem[222][9] (+)
|-- (1)top.u_system_wrapper.u_cdm.mem[222][10] (+)
|-- (1)top.u_system_wrapper.u_cdm.mem[222][11] (+)
|-- (1)top.u_system_wrapper.u_cdm.mem[222][12] (+)
|-- (1)top.u_system_wrapper.u_cdm.mem[222][13] (+)
|-- (1)top.u_system_wrapper.u_cdm.mem[222][14] (+)
|-- (1)top.u_system_wrapper.u_cdm.mem[222][15] (+)
|-- (1)top.u_system_wrapper.u_cdm.mem[222][16] (+)
|-- (1)top.u_system_wrapper.u_cdm.mem[222][17] (+)
|-- (1)top.u_system_wrapper.u_cdm.mem[222][18] (+)
|-- (1)top.u_system_wrapper.u_cdm.mem[222][19] (+)
|-- (1)top.u_system_wrapper.u_cdm.mem[222][20] (+)
|-- (1)top.u_system_wrapper.u_cdm.mem[222][21] (+)
|-- (1)top.u_system_wrapper.u_cdm.mem[222][22] (+)
|-- (1)top.u_system_wrapper.u_cdm.mem[222][23] (+)
|-- (1)top.u_system_wrapper.u_cdm.mem[222][24] (+)
|-- (1)top.u_system_wrapper.u_cdm.mem[222][25] (+)
|-- (1)top.u_system_wrapper.u_cdm.mem[222][26] (+)
|-- (1)top.u_system_wrapper.u_cdm.mem[222][27] (+)
|-- (1)top.u_system_wrapper.u_cdm.mem[222][28] (+)
|-- (1)top.u_system_wrapper.u_cdm.mem[222][29] (+)
|-- (1)top.u_system_wrapper.u_cdm.mem[222][30] (+)
|-- (1)top.u_system_wrapper.u_cdm.mem[222][31] (+)
|-- (1)top.u_system_wrapper.u_cdm.mem[222][32] (+)
|-- (1)top.u_system_wrapper.u_cdm.mem[221][0] (+)
|-- (1)top.u_system_wrapper.u_cdm.mem[221][1] (+)
|-- (1)top.u_system_wrapper.u_cdm.mem[221][2] (+)
|-- (1)top.u_system_wrapper.u_cdm.mem[221][3] (+)
|-- (1)top.u_system_wrapper.u_cdm.mem[221][4] (+)
|-- (1)top.u_system_wrapper.u_cdm.mem[221][5] (+)
|-- (1)top.u_system_wrapper.u_cdm.mem[221][6] (+)
|-- (1)top.u_system_wrapper.u_cdm.mem[221][7] (+)
|-- (1)top.u_system_wrapper.u_cdm.mem[221][8] (+)
|-- (1)top.u_system_wrapper.u_cdm.mem[221][9] (+)
|-- (1)top.u_system_wrapper.u_cdm.mem[221][10] (+)
|-- (1)top.u_system_wrapper.u_cdm.mem[221][11] (+)
|-- (1)top.u_system_wrapper.u_cdm.mem[221][12] (+)
|-- (1)top.u_system_wrapper.u_cdm.mem[221][13] (+)
|-- (1)top.u_system_wrapper.u_cdm.mem[221][14] (+)
|-- (1)top.u_system_wrapper.u_cdm.mem[221][15] (+)
|-- (1)top.u_system_wrapper.u_cdm.mem[221][16] (+)
|-- (1)top.u_system_wrapper.u_cdm.mem[221][17] (+)
|-- (1)top.u_system_wrapper.u_cdm.mem[221][18] (+)
|-- (1)top.u_system_wrapper.u_cdm.mem[221][19] (+)
|-- (1)top.u_system_wrapper.u_cdm.mem[221][20] (+)
|-- (1)top.u_system_wrapper.u_cdm.mem[221][21] (+)
|-- (1)top.u_system_wrapper.u_cdm.mem[221][22] (+)
|-- (1)top.u_system_wrapper.u_cdm.mem[221][23] (+)
|-- (1)top.u_system_wrapper.u_cdm.mem[221][24] (+)
|-- (1)top.u_system_wrapper.u_cdm.mem[221][25] (+)
|-- (1)top.u_system_wrapper.u_cdm.mem[221][26] (+)
|-- (1)top.u_system_wrapper.u_cdm.mem[221][27] (+)
|-- (1)top.u_system_wrapper.u_cdm.mem[221][28] (+)
|-- (1)top.u_system_wrapper.u_cdm.mem[221][29] (+)
|-- (1)top.u_system_wrapper.u_cdm.mem[221][30] (+)
|-- (1)top.u_system_wrapper.u_cdm.mem[221][31] (+)
|-- (1)top.u_system_wrapper.u_cdm.mem[221][32] (+)
|-- (1)top.u_system_wrapper.u_cdm.mem[220][0] (+)
|-- (1)top.u_system_wrapper.u_cdm.mem[220][1] (+)
|-- (1)top.u_system_wrapper.u_cdm.mem[220][2] (+)
|-- (1)top.u_system_wrapper.u_cdm.mem[220][3] (+)
|-- (1)top.u_system_wrapper.u_cdm.mem[220][4] (+)
|-- (1)top.u_system_wrapper.u_cdm.mem[220][5] (+)
|-- (1)top.u_system_wrapper.u_cdm.mem[220][6] (+)
|-- (1)top.u_system_wrapper.u_cdm.mem[220][7] (+)
|-- (1)top.u_system_wrapper.u_cdm.mem[220][8] (+)
|-- (1)top.u_system_wrapper.u_cdm.mem[220][9] (+)
|-- (1)top.u_system_wrapper.u_cdm.mem[220][10] (+)
|-- (1)top.u_system_wrapper.u_cdm.mem[220][11] (+)
|-- (1)top.u_system_wrapper.u_cdm.mem[220][12] (+)
|-- (1)top.u_system_wrapper.u_cdm.mem[220][13] (+)
|-- (1)top.u_system_wrapper.u_cdm.mem[220][14] (+)
|-- (1)top.u_system_wrapper.u_cdm.mem[220][15] (+)
|-- (1)top.u_system_wrapper.u_cdm.mem[220][16] (+)
|-- (1)top.u_system_wrapper.u_cdm.mem[220][17] (+)
|-- (1)top.u_system_wrapper.u_cdm.mem[220][18] (+)
|-- (1)top.u_system_wrapper.u_cdm.mem[220][19] (+)
|-- (1)top.u_system_wrapper.u_cdm.mem[220][20] (+)
|-- (1)top.u_system_wrapper.u_cdm.mem[220][21] (+)
|-- (1)top.u_system_wrapper.u_cdm.mem[220][22] (+)
|-- (1)top.u_system_wrapper.u_cdm.mem[220][23] (+)
|-- (1)top.u_system_wrapper.u_cdm.mem[220][24] (+)
|-- (1)top.u_system_wrapper.u_cdm.mem[220][25] (+)
|-- (1)top.u_system_wrapper.u_cdm.mem[220][26] (+)
|-- (1)top.u_system_wrapper.u_cdm.mem[220][27] (+)
|-- (1)top.u_system_wrapper.u_cdm.mem[220][28] (+)
|-- (1)top.u_system_wrapper.u_cdm.mem[220][29] (+)
|-- (1)top.u_system_wrapper.u_cdm.mem[220][30] (+)
|-- (1)top.u_system_wrapper.u_cdm.mem[220][31] (+)
|-- (1)top.u_system_wrapper.u_cdm.mem[220][32] (+)
|-- (1)top.u_system_wrapper.u_cdm.mem[219][0] (+)
|-- (1)top.u_system_wrapper.u_cdm.mem[219][1] (+)
|-- (1)top.u_system_wrapper.u_cdm.mem[219][2] (+)
|-- (1)top.u_system_wrapper.u_cdm.mem[219][3] (+)
|-- (1)top.u_system_wrapper.u_cdm.mem[219][4] (+)
|-- (1)top.u_system_wrapper.u_cdm.mem[219][5] (+)
|-- (1)top.u_system_wrapper.u_cdm.mem[219][6] (+)
|-- (1)top.u_system_wrapper.u_cdm.mem[219][7] (+)
|-- (1)top.u_system_wrapper.u_cdm.mem[219][8] (+)
|-- (1)top.u_system_wrapper.u_cdm.mem[219][9] (+)
|-- (1)top.u_system_wrapper.u_cdm.mem[219][10] (+)
|-- (1)top.u_system_wrapper.u_cdm.mem[219][11] (+)
|-- (1)top.u_system_wrapper.u_cdm.mem[219][12] (+)
|-- (1)top.u_system_wrapper.u_cdm.mem[219][13] (+)
|-- (1)top.u_system_wrapper.u_cdm.mem[219][14] (+)
|-- (1)top.u_system_wrapper.u_cdm.mem[219][15] (+)
|-- (1)top.u_system_wrapper.u_cdm.mem[219][16] (+)
|-- (1)top.u_system_wrapper.u_cdm.mem[219][17] (+)
|-- (1)top.u_system_wrapper.u_cdm.mem[219][18] (+)
|-- (1)top.u_system_wrapper.u_cdm.mem[219][19] (+)
|-- (1)top.u_system_wrapper.u_cdm.mem[219][20] (+)
|-- (1)top.u_system_wrapper.u_cdm.mem[219][21] (+)
|-- (1)top.u_system_wrapper.u_cdm.mem[219][22] (+)
|-- (1)top.u_system_wrapper.u_cdm.mem[219][23] (+)
|-- (1)top.u_system_wrapper.u_cdm.mem[219][24] (+)
|-- (1)top.u_system_wrapper.u_cdm.mem[219][25] (+)
|-- (1)top.u_system_wrapper.u_cdm.mem[219][26] (+)
|-- (1)top.u_system_wrapper.u_cdm.mem[219][27] (+)
|-- (1)top.u_system_wrapper.u_cdm.mem[219][28] (+)
|-- (1)top.u_system_wrapper.u_cdm.mem[219][29] (+)
|-- (1)top.u_system_wrapper.u_cdm.mem[219][30] (+)
|-- (1)top.u_system_wrapper.u_cdm.mem[219][31] (+)
|-- (1)top.u_system_wrapper.u_cdm.mem[219][32] (+)
|-- (1)top.u_system_wrapper.u_cdm.mem[218][0] (+)
|-- (1)top.u_system_wrapper.u_cdm.mem[218][1] (+)
|-- (1)top.u_system_wrapper.u_cdm.mem[218][2] (+)
|-- (1)top.u_system_wrapper.u_cdm.mem[218][3] (+)
|-- (1)top.u_system_wrapper.u_cdm.mem[218][4] (+)
|-- (1)top.u_system_wrapper.u_cdm.mem[218][5] (+)
|-- (1)top.u_system_wrapper.u_cdm.mem[218][6] (+)
|-- (1)top.u_system_wrapper.u_cdm.mem[218][7] (+)
|-- (1)top.u_system_wrapper.u_cdm.mem[218][8] (+)
|-- (1)top.u_system_wrapper.u_cdm.mem[218][9] (+)
|-- (1)top.u_system_wrapper.u_cdm.mem[218][10] (+)
|-- (1)top.u_system_wrapper.u_cdm.mem[218][11] (+)
|-- (1)top.u_system_wrapper.u_cdm.mem[218][12] (+)
|-- (1)top.u_system_wrapper.u_cdm.mem[218][13] (+)
|-- (1)top.u_system_wrapper.u_cdm.mem[218][14] (+)
|-- (1)top.u_system_wrapper.u_cdm.mem[218][15] (+)
|-- (1)top.u_system_wrapper.u_cdm.mem[218][16] (+)
|-- (1)top.u_system_wrapper.u_cdm.mem[218][17] (+)
|-- (1)top.u_system_wrapper.u_cdm.mem[218][18] (+)
|-- (1)top.u_system_wrapper.u_cdm.mem[218][19] (+)
|-- (1)top.u_system_wrapper.u_cdm.mem[218][20] (+)
|-- (1)top.u_system_wrapper.u_cdm.mem[218][21] (+)
|-- (1)top.u_system_wrapper.u_cdm.mem[218][22] (+)
|-- (1)top.u_system_wrapper.u_cdm.mem[218][23] (+)
|-- (1)top.u_system_wrapper.u_cdm.mem[218][24] (+)
|-- (1)top.u_system_wrapper.u_cdm.mem[218][25] (+)
|-- (1)top.u_system_wrapper.u_cdm.mem[218][26] (+)
|-- (1)top.u_system_wrapper.u_cdm.mem[218][27] (+)
|-- (1)top.u_system_wrapper.u_cdm.mem[218][28] (+)
|-- (1)top.u_system_wrapper.u_cdm.mem[218][29] (+)
|-- (1)top.u_system_wrapper.u_cdm.mem[218][30] (+)
|-- (1)top.u_system_wrapper.u_cdm.mem[218][31] (+)
|-- (1)top.u_system_wrapper.u_cdm.mem[218][32] (+)
|-- (1)top.u_system_wrapper.u_cdm.mem[217][0] (+)
|-- (1)top.u_system_wrapper.u_cdm.mem[217][1] (+)
|-- (1)top.u_system_wrapper.u_cdm.mem[217][2] (+)
|-- (1)top.u_system_wrapper.u_cdm.mem[217][3] (+)
|-- (1)top.u_system_wrapper.u_cdm.mem[217][4] (+)
|-- (1)top.u_system_wrapper.u_cdm.mem[217][5] (+)
|-- (1)top.u_system_wrapper.u_cdm.mem[217][6] (+)
|-- (1)top.u_system_wrapper.u_cdm.mem[217][7] (+)
|-- (1)top.u_system_wrapper.u_cdm.mem[217][8] (+)
|-- (1)top.u_system_wrapper.u_cdm.mem[217][9] (+)
|-- (1)top.u_system_wrapper.u_cdm.mem[217][10] (+)
|-- (1)top.u_system_wrapper.u_cdm.mem[217][11] (+)
|-- (1)top.u_system_wrapper.u_cdm.mem[217][12] (+)
|-- (1)top.u_system_wrapper.u_cdm.mem[217][13] (+)
|-- (1)top.u_system_wrapper.u_cdm.mem[217][14] (+)
|-- (1)top.u_system_wrapper.u_cdm.mem[217][15] (+)
|-- (1)top.u_system_wrapper.u_cdm.mem[217][16] (+)
|-- (1)top.u_system_wrapper.u_cdm.mem[217][17] (+)
|-- (1)top.u_system_wrapper.u_cdm.mem[217][18] (+)
|-- (1)top.u_system_wrapper.u_cdm.mem[217][19] (+)
|-- (1)top.u_system_wrapper.u_cdm.mem[217][20] (+)
|-- (1)top.u_system_wrapper.u_cdm.mem[217][21] (+)
|-- (1)top.u_system_wrapper.u_cdm.mem[217][22] (+)
|-- (1)top.u_system_wrapper.u_cdm.mem[217][23] (+)
|-- (1)top.u_system_wrapper.u_cdm.mem[217][24] (+)
|-- (1)top.u_system_wrapper.u_cdm.mem[217][25] (+)
|-- (1)top.u_system_wrapper.u_cdm.mem[217][26] (+)
|-- (1)top.u_system_wrapper.u_cdm.mem[217][27] (+)
|-- (1)top.u_system_wrapper.u_cdm.mem[217][28] (+)
|-- (1)top.u_system_wrapper.u_cdm.mem[217][29] (+)
|-- (1)top.u_system_wrapper.u_cdm.mem[217][30] (+)
|-- (1)top.u_system_wrapper.u_cdm.mem[217][31] (+)
|-- (1)top.u_system_wrapper.u_cdm.mem[217][32] (+)
|-- (1)top.u_system_wrapper.u_cdm.mem[216][0] (+)
|-- (1)top.u_system_wrapper.u_cdm.mem[216][1] (+)
|-- (1)top.u_system_wrapper.u_cdm.mem[216][2] (+)
|-- (1)top.u_system_wrapper.u_cdm.mem[216][3] (+)
|-- (1)top.u_system_wrapper.u_cdm.mem[216][4] (+)
|-- (1)top.u_system_wrapper.u_cdm.mem[216][5] (+)
|-- (1)top.u_system_wrapper.u_cdm.mem[216][6] (+)
|-- (1)top.u_system_wrapper.u_cdm.mem[216][7] (+)
|-- (1)top.u_system_wrapper.u_cdm.mem[216][8] (+)
|-- (1)top.u_system_wrapper.u_cdm.mem[216][9] (+)
|-- (1)top.u_system_wrapper.u_cdm.mem[216][10] (+)
|-- (1)top.u_system_wrapper.u_cdm.mem[216][11] (+)
|-- (1)top.u_system_wrapper.u_cdm.mem[216][12] (+)
|-- (1)top.u_system_wrapper.u_cdm.mem[216][13] (+)
|-- (1)top.u_system_wrapper.u_cdm.mem[216][14] (+)
|-- (1)top.u_system_wrapper.u_cdm.mem[216][15] (+)
|-- (1)top.u_system_wrapper.u_cdm.mem[216][16] (+)
|-- (1)top.u_system_wrapper.u_cdm.mem[216][17] (+)
|-- (1)top.u_system_wrapper.u_cdm.mem[216][18] (+)
|-- (1)top.u_system_wrapper.u_cdm.mem[216][19] (+)
|-- (1)top.u_system_wrapper.u_cdm.mem[216][20] (+)
|-- (1)top.u_system_wrapper.u_cdm.mem[216][21] (+)
|-- (1)top.u_system_wrapper.u_cdm.mem[216][22] (+)
|-- (1)top.u_system_wrapper.u_cdm.mem[216][23] (+)
|-- (1)top.u_system_wrapper.u_cdm.mem[216][24] (+)
|-- (1)top.u_system_wrapper.u_cdm.mem[216][25] (+)
|-- (1)top.u_system_wrapper.u_cdm.mem[216][26] (+)
|-- (1)top.u_system_wrapper.u_cdm.mem[216][27] (+)
|-- (1)top.u_system_wrapper.u_cdm.mem[216][28] (+)
|-- (1)top.u_system_wrapper.u_cdm.mem[216][29] (+)
|-- (1)top.u_system_wrapper.u_cdm.mem[216][30] (+)
|-- (1)top.u_system_wrapper.u_cdm.mem[216][31] (+)
|-- (1)top.u_system_wrapper.u_cdm.mem[216][32] (+)
|-- (1)top.u_system_wrapper.u_cdm.mem[215][0] (+)
|-- (1)top.u_system_wrapper.u_cdm.mem[215][1] (+)
|-- (1)top.u_system_wrapper.u_cdm.mem[215][2] (+)
|-- (1)top.u_system_wrapper.u_cdm.mem[215][3] (+)
|-- (1)top.u_system_wrapper.u_cdm.mem[215][4] (+)
|-- (1)top.u_system_wrapper.u_cdm.mem[215][5] (+)
|-- (1)top.u_system_wrapper.u_cdm.mem[215][6] (+)
|-- (1)top.u_system_wrapper.u_cdm.mem[215][7] (+)
|-- (1)top.u_system_wrapper.u_cdm.mem[215][8] (+)
|-- (1)top.u_system_wrapper.u_cdm.mem[215][9] (+)
|-- (1)top.u_system_wrapper.u_cdm.mem[215][10] (+)
|-- (1)top.u_system_wrapper.u_cdm.mem[215][11] (+)
|-- (1)top.u_system_wrapper.u_cdm.mem[215][12] (+)
|-- (1)top.u_system_wrapper.u_cdm.mem[215][13] (+)
|-- (1)top.u_system_wrapper.u_cdm.mem[215][14] (+)
|-- (1)top.u_system_wrapper.u_cdm.mem[215][15] (+)
|-- (1)top.u_system_wrapper.u_cdm.mem[215][16] (+)
|-- (1)top.u_system_wrapper.u_cdm.mem[215][17] (+)
|-- (1)top.u_system_wrapper.u_cdm.mem[215][18] (+)
|-- (1)top.u_system_wrapper.u_cdm.mem[215][19] (+)
|-- (1)top.u_system_wrapper.u_cdm.mem[215][20] (+)
|-- (1)top.u_system_wrapper.u_cdm.mem[215][21] (+)
|-- (1)top.u_system_wrapper.u_cdm.mem[215][22] (+)
|-- (1)top.u_system_wrapper.u_cdm.mem[215][23] (+)
|-- (1)top.u_system_wrapper.u_cdm.mem[215][24] (+)
|-- (1)top.u_system_wrapper.u_cdm.mem[215][25] (+)
|-- (1)top.u_system_wrapper.u_cdm.mem[215][26] (+)
|-- (1)top.u_system_wrapper.u_cdm.mem[215][27] (+)
|-- (1)top.u_system_wrapper.u_cdm.mem[215][28] (+)
|-- (1)top.u_system_wrapper.u_cdm.mem[215][29] (+)
|-- (1)top.u_system_wrapper.u_cdm.mem[215][30] (+)
|-- (1)top.u_system_wrapper.u_cdm.mem[215][31] (+)
|-- (1)top.u_system_wrapper.u_cdm.mem[215][32] (+)
|-- (1)top.u_system_wrapper.u_cdm.mem[214][0] (+)
|-- (1)top.u_system_wrapper.u_cdm.mem[214][1] (+)
|-- (1)top.u_system_wrapper.u_cdm.mem[214][2] (+)
|-- (1)top.u_system_wrapper.u_cdm.mem[214][3] (+)
|-- (1)top.u_system_wrapper.u_cdm.mem[214][4] (+)
|-- (1)top.u_system_wrapper.u_cdm.mem[214][5] (+)
|-- (1)top.u_system_wrapper.u_cdm.mem[214][6] (+)
|-- (1)top.u_system_wrapper.u_cdm.mem[214][7] (+)
|-- (1)top.u_system_wrapper.u_cdm.mem[214][8] (+)
|-- (1)top.u_system_wrapper.u_cdm.mem[214][9] (+)
|-- (1)top.u_system_wrapper.u_cdm.mem[214][10] (+)
|-- (1)top.u_system_wrapper.u_cdm.mem[214][11] (+)
|-- (1)top.u_system_wrapper.u_cdm.mem[214][12] (+)
|-- (1)top.u_system_wrapper.u_cdm.mem[214][13] (+)
|-- (1)top.u_system_wrapper.u_cdm.mem[214][14] (+)
|-- (1)top.u_system_wrapper.u_cdm.mem[214][15] (+)
|-- (1)top.u_system_wrapper.u_cdm.mem[214][16] (+)
|-- (1)top.u_system_wrapper.u_cdm.mem[214][17] (+)
|-- (1)top.u_system_wrapper.u_cdm.mem[214][18] (+)
|-- (1)top.u_system_wrapper.u_cdm.mem[214][19] (+)
|-- (1)top.u_system_wrapper.u_cdm.mem[214][20] (+)
|-- (1)top.u_system_wrapper.u_cdm.mem[214][21] (+)
|-- (1)top.u_system_wrapper.u_cdm.mem[214][22] (+)
|-- (1)top.u_system_wrapper.u_cdm.mem[214][23] (+)
|-- (1)top.u_system_wrapper.u_cdm.mem[214][24] (+)
|-- (1)top.u_system_wrapper.u_cdm.mem[214][25] (+)
|-- (1)top.u_system_wrapper.u_cdm.mem[214][26] (+)
|-- (1)top.u_system_wrapper.u_cdm.mem[214][27] (+)
|-- (1)top.u_system_wrapper.u_cdm.mem[214][28] (+)
|-- (1)top.u_system_wrapper.u_cdm.mem[214][29] (+)
|-- (1)top.u_system_wrapper.u_cdm.mem[214][30] (+)
|-- (1)top.u_system_wrapper.u_cdm.mem[214][31] (+)
|-- (1)top.u_system_wrapper.u_cdm.mem[214][32] (+)
|-- (1)top.u_system_wrapper.u_cdm.mem[213][0] (+)
|-- (1)top.u_system_wrapper.u_cdm.mem[213][1] (+)
|-- (1)top.u_system_wrapper.u_cdm.mem[213][2] (+)
|-- (1)top.u_system_wrapper.u_cdm.mem[213][3] (+)
|-- (1)top.u_system_wrapper.u_cdm.mem[213][4] (+)
|-- (1)top.u_system_wrapper.u_cdm.mem[213][5] (+)
|-- (1)top.u_system_wrapper.u_cdm.mem[213][6] (+)
|-- (1)top.u_system_wrapper.u_cdm.mem[213][7] (+)
|-- (1)top.u_system_wrapper.u_cdm.mem[213][8] (+)
|-- (1)top.u_system_wrapper.u_cdm.mem[213][9] (+)
|-- (1)top.u_system_wrapper.u_cdm.mem[213][10] (+)
|-- (1)top.u_system_wrapper.u_cdm.mem[213][11] (+)
|-- (1)top.u_system_wrapper.u_cdm.mem[213][12] (+)
|-- (1)top.u_system_wrapper.u_cdm.mem[213][13] (+)
|-- (1)top.u_system_wrapper.u_cdm.mem[213][14] (+)
|-- (1)top.u_system_wrapper.u_cdm.mem[213][15] (+)
|-- (1)top.u_system_wrapper.u_cdm.mem[213][16] (+)
|-- (1)top.u_system_wrapper.u_cdm.mem[213][17] (+)
|-- (1)top.u_system_wrapper.u_cdm.mem[213][18] (+)
|-- (1)top.u_system_wrapper.u_cdm.mem[213][19] (+)
|-- (1)top.u_system_wrapper.u_cdm.mem[213][20] (+)
|-- (1)top.u_system_wrapper.u_cdm.mem[213][21] (+)
|-- (1)top.u_system_wrapper.u_cdm.mem[213][22] (+)
|-- (1)top.u_system_wrapper.u_cdm.mem[213][23] (+)
|-- (1)top.u_system_wrapper.u_cdm.mem[213][24] (+)
|-- (1)top.u_system_wrapper.u_cdm.mem[213][25] (+)
|-- (1)top.u_system_wrapper.u_cdm.mem[213][26] (+)
|-- (1)top.u_system_wrapper.u_cdm.mem[213][27] (+)
|-- (1)top.u_system_wrapper.u_cdm.mem[213][28] (+)
|-- (1)top.u_system_wrapper.u_cdm.mem[213][29] (+)
|-- (1)top.u_system_wrapper.u_cdm.mem[213][30] (+)
|-- (1)top.u_system_wrapper.u_cdm.mem[213][31] (+)
|-- (1)top.u_system_wrapper.u_cdm.mem[213][32] (+)
|-- (1)top.u_system_wrapper.u_cdm.mem[212][0] (+)
|-- (1)top.u_system_wrapper.u_cdm.mem[212][1] (+)
|-- (1)top.u_system_wrapper.u_cdm.mem[212][2] (+)
|-- (1)top.u_system_wrapper.u_cdm.mem[212][3] (+)
|-- (1)top.u_system_wrapper.u_cdm.mem[212][4] (+)
|-- (1)top.u_system_wrapper.u_cdm.mem[212][5] (+)
|-- (1)top.u_system_wrapper.u_cdm.mem[212][6] (+)
|-- (1)top.u_system_wrapper.u_cdm.mem[212][7] (+)
|-- (1)top.u_system_wrapper.u_cdm.mem[212][8] (+)
|-- (1)top.u_system_wrapper.u_cdm.mem[212][9] (+)
|-- (1)top.u_system_wrapper.u_cdm.mem[212][10] (+)
|-- (1)top.u_system_wrapper.u_cdm.mem[212][11] (+)
|-- (1)top.u_system_wrapper.u_cdm.mem[212][12] (+)
|-- (1)top.u_system_wrapper.u_cdm.mem[212][13] (+)
|-- (1)top.u_system_wrapper.u_cdm.mem[212][14] (+)
|-- (1)top.u_system_wrapper.u_cdm.mem[212][15] (+)
|-- (1)top.u_system_wrapper.u_cdm.mem[212][16] (+)
|-- (1)top.u_system_wrapper.u_cdm.mem[212][17] (+)
|-- (1)top.u_system_wrapper.u_cdm.mem[212][18] (+)
|-- (1)top.u_system_wrapper.u_cdm.mem[212][19] (+)
|-- (1)top.u_system_wrapper.u_cdm.mem[212][20] (+)
|-- (1)top.u_system_wrapper.u_cdm.mem[212][21] (+)
|-- (1)top.u_system_wrapper.u_cdm.mem[212][22] (+)
|-- (1)top.u_system_wrapper.u_cdm.mem[212][23] (+)
|-- (1)top.u_system_wrapper.u_cdm.mem[212][24] (+)
|-- (1)top.u_system_wrapper.u_cdm.mem[212][25] (+)
|-- (1)top.u_system_wrapper.u_cdm.mem[212][26] (+)
|-- (1)top.u_system_wrapper.u_cdm.mem[212][27] (+)
|-- (1)top.u_system_wrapper.u_cdm.mem[212][28] (+)
|-- (1)top.u_system_wrapper.u_cdm.mem[212][29] (+)
|-- (1)top.u_system_wrapper.u_cdm.mem[212][30] (+)
|-- (1)top.u_system_wrapper.u_cdm.mem[212][31] (+)
|-- (1)top.u_system_wrapper.u_cdm.mem[212][32] (+)
|-- (1)top.u_system_wrapper.u_cdm.mem[211][0] (+)
|-- (1)top.u_system_wrapper.u_cdm.mem[211][1] (+)
|-- (1)top.u_system_wrapper.u_cdm.mem[211][2] (+)
|-- (1)top.u_system_wrapper.u_cdm.mem[211][3] (+)
|-- (1)top.u_system_wrapper.u_cdm.mem[211][4] (+)
|-- (1)top.u_system_wrapper.u_cdm.mem[211][5] (+)
|-- (1)top.u_system_wrapper.u_cdm.mem[211][6] (+)
|-- (1)top.u_system_wrapper.u_cdm.mem[211][7] (+)
|-- (1)top.u_system_wrapper.u_cdm.mem[211][8] (+)
|-- (1)top.u_system_wrapper.u_cdm.mem[211][9] (+)
|-- (1)top.u_system_wrapper.u_cdm.mem[211][10] (+)
|-- (1)top.u_system_wrapper.u_cdm.mem[211][11] (+)
|-- (1)top.u_system_wrapper.u_cdm.mem[211][12] (+)
|-- (1)top.u_system_wrapper.u_cdm.mem[211][13] (+)
|-- (1)top.u_system_wrapper.u_cdm.mem[211][14] (+)
|-- (1)top.u_system_wrapper.u_cdm.mem[211][15] (+)
|-- (1)top.u_system_wrapper.u_cdm.mem[211][16] (+)
|-- (1)top.u_system_wrapper.u_cdm.mem[211][17] (+)
|-- (1)top.u_system_wrapper.u_cdm.mem[211][18] (+)
|-- (1)top.u_system_wrapper.u_cdm.mem[211][19] (+)
|-- (1)top.u_system_wrapper.u_cdm.mem[211][20] (+)
|-- (1)top.u_system_wrapper.u_cdm.mem[211][21] (+)
|-- (1)top.u_system_wrapper.u_cdm.mem[211][22] (+)
|-- (1)top.u_system_wrapper.u_cdm.mem[211][23] (+)
|-- (1)top.u_system_wrapper.u_cdm.mem[211][24] (+)
|-- (1)top.u_system_wrapper.u_cdm.mem[211][25] (+)
|-- (1)top.u_system_wrapper.u_cdm.mem[211][26] (+)
|-- (1)top.u_system_wrapper.u_cdm.mem[211][27] (+)
|-- (1)top.u_system_wrapper.u_cdm.mem[211][28] (+)
|-- (1)top.u_system_wrapper.u_cdm.mem[211][29] (+)
|-- (1)top.u_system_wrapper.u_cdm.mem[211][30] (+)
|-- (1)top.u_system_wrapper.u_cdm.mem[211][31] (+)
|-- (1)top.u_system_wrapper.u_cdm.mem[211][32] (+)
|-- (1)top.u_system_wrapper.u_cdm.mem[210][0] (+)
|-- (1)top.u_system_wrapper.u_cdm.mem[210][1] (+)
|-- (1)top.u_system_wrapper.u_cdm.mem[210][2] (+)
|-- (1)top.u_system_wrapper.u_cdm.mem[210][3] (+)
|-- (1)top.u_system_wrapper.u_cdm.mem[210][4] (+)
|-- (1)top.u_system_wrapper.u_cdm.mem[210][5] (+)
|-- (1)top.u_system_wrapper.u_cdm.mem[210][6] (+)
|-- (1)top.u_system_wrapper.u_cdm.mem[210][7] (+)
|-- (1)top.u_system_wrapper.u_cdm.mem[210][8] (+)
|-- (1)top.u_system_wrapper.u_cdm.mem[210][9] (+)
|-- (1)top.u_system_wrapper.u_cdm.mem[210][10] (+)
|-- (1)top.u_system_wrapper.u_cdm.mem[210][11] (+)
|-- (1)top.u_system_wrapper.u_cdm.mem[210][12] (+)
|-- (1)top.u_system_wrapper.u_cdm.mem[210][13] (+)
|-- (1)top.u_system_wrapper.u_cdm.mem[210][14] (+)
|-- (1)top.u_system_wrapper.u_cdm.mem[210][15] (+)
|-- (1)top.u_system_wrapper.u_cdm.mem[210][16] (+)
|-- (1)top.u_system_wrapper.u_cdm.mem[210][17] (+)
|-- (1)top.u_system_wrapper.u_cdm.mem[210][18] (+)
|-- (1)top.u_system_wrapper.u_cdm.mem[210][19] (+)
|-- (1)top.u_system_wrapper.u_cdm.mem[210][20] (+)
|-- (1)top.u_system_wrapper.u_cdm.mem[210][21] (+)
|-- (1)top.u_system_wrapper.u_cdm.mem[210][22] (+)
|-- (1)top.u_system_wrapper.u_cdm.mem[210][23] (+)
|-- (1)top.u_system_wrapper.u_cdm.mem[210][24] (+)
|-- (1)top.u_system_wrapper.u_cdm.mem[210][25] (+)
|-- (1)top.u_system_wrapper.u_cdm.mem[210][26] (+)
|-- (1)top.u_system_wrapper.u_cdm.mem[210][27] (+)
|-- (1)top.u_system_wrapper.u_cdm.mem[210][28] (+)
|-- (1)top.u_system_wrapper.u_cdm.mem[210][29] (+)
|-- (1)top.u_system_wrapper.u_cdm.mem[210][30] (+)
|-- (1)top.u_system_wrapper.u_cdm.mem[210][31] (+)
|-- (1)top.u_system_wrapper.u_cdm.mem[210][32] (+)
|-- (1)top.u_system_wrapper.u_cdm.mem[209][0] (+)
|-- (1)top.u_system_wrapper.u_cdm.mem[209][1] (+)
|-- (1)top.u_system_wrapper.u_cdm.mem[209][2] (+)
|-- (1)top.u_system_wrapper.u_cdm.mem[209][3] (+)
|-- (1)top.u_system_wrapper.u_cdm.mem[209][4] (+)
|-- (1)top.u_system_wrapper.u_cdm.mem[209][5] (+)
|-- (1)top.u_system_wrapper.u_cdm.mem[209][6] (+)
|-- (1)top.u_system_wrapper.u_cdm.mem[209][7] (+)
|-- (1)top.u_system_wrapper.u_cdm.mem[209][8] (+)
|-- (1)top.u_system_wrapper.u_cdm.mem[209][9] (+)
|-- (1)top.u_system_wrapper.u_cdm.mem[209][10] (+)
|-- (1)top.u_system_wrapper.u_cdm.mem[209][11] (+)
|-- (1)top.u_system_wrapper.u_cdm.mem[209][12] (+)
|-- (1)top.u_system_wrapper.u_cdm.mem[209][13] (+)
|-- (1)top.u_system_wrapper.u_cdm.mem[209][14] (+)
|-- (1)top.u_system_wrapper.u_cdm.mem[209][15] (+)
|-- (1)top.u_system_wrapper.u_cdm.mem[209][16] (+)
|-- (1)top.u_system_wrapper.u_cdm.mem[209][17] (+)
|-- (1)top.u_system_wrapper.u_cdm.mem[209][18] (+)
|-- (1)top.u_system_wrapper.u_cdm.mem[209][19] (+)
|-- (1)top.u_system_wrapper.u_cdm.mem[209][20] (+)
|-- (1)top.u_system_wrapper.u_cdm.mem[209][21] (+)
|-- (1)top.u_system_wrapper.u_cdm.mem[209][22] (+)
|-- (1)top.u_system_wrapper.u_cdm.mem[209][23] (+)
|-- (1)top.u_system_wrapper.u_cdm.mem[209][24] (+)
|-- (1)top.u_system_wrapper.u_cdm.mem[209][25] (+)
|-- (1)top.u_system_wrapper.u_cdm.mem[209][26] (+)
|-- (1)top.u_system_wrapper.u_cdm.mem[209][27] (+)
|-- (1)top.u_system_wrapper.u_cdm.mem[209][28] (+)
|-- (1)top.u_system_wrapper.u_cdm.mem[209][29] (+)
|-- (1)top.u_system_wrapper.u_cdm.mem[209][30] (+)
|-- (1)top.u_system_wrapper.u_cdm.mem[209][31] (+)
|-- (1)top.u_system_wrapper.u_cdm.mem[209][32] (+)
|-- (1)top.u_system_wrapper.u_cdm.mem[208][0] (+)
|-- (1)top.u_system_wrapper.u_cdm.mem[208][1] (+)
|-- (1)top.u_system_wrapper.u_cdm.mem[208][2] (+)
|-- (1)top.u_system_wrapper.u_cdm.mem[208][3] (+)
|-- (1)top.u_system_wrapper.u_cdm.mem[208][4] (+)
|-- (1)top.u_system_wrapper.u_cdm.mem[208][5] (+)
|-- (1)top.u_system_wrapper.u_cdm.mem[208][6] (+)
|-- (1)top.u_system_wrapper.u_cdm.mem[208][7] (+)
|-- (1)top.u_system_wrapper.u_cdm.mem[208][8] (+)
|-- (1)top.u_system_wrapper.u_cdm.mem[208][9] (+)
|-- (1)top.u_system_wrapper.u_cdm.mem[208][10] (+)
|-- (1)top.u_system_wrapper.u_cdm.mem[208][11] (+)
|-- (1)top.u_system_wrapper.u_cdm.mem[208][12] (+)
|-- (1)top.u_system_wrapper.u_cdm.mem[208][13] (+)
|-- (1)top.u_system_wrapper.u_cdm.mem[208][14] (+)
|-- (1)top.u_system_wrapper.u_cdm.mem[208][15] (+)
|-- (1)top.u_system_wrapper.u_cdm.mem[208][16] (+)
|-- (1)top.u_system_wrapper.u_cdm.mem[208][17] (+)
|-- (1)top.u_system_wrapper.u_cdm.mem[208][18] (+)
|-- (1)top.u_system_wrapper.u_cdm.mem[208][19] (+)
|-- (1)top.u_system_wrapper.u_cdm.mem[208][20] (+)
|-- (1)top.u_system_wrapper.u_cdm.mem[208][21] (+)
|-- (1)top.u_system_wrapper.u_cdm.mem[208][22] (+)
|-- (1)top.u_system_wrapper.u_cdm.mem[208][23] (+)
|-- (1)top.u_system_wrapper.u_cdm.mem[208][24] (+)
|-- (1)top.u_system_wrapper.u_cdm.mem[208][25] (+)
|-- (1)top.u_system_wrapper.u_cdm.mem[208][26] (+)
|-- (1)top.u_system_wrapper.u_cdm.mem[208][27] (+)
|-- (1)top.u_system_wrapper.u_cdm.mem[208][28] (+)
|-- (1)top.u_system_wrapper.u_cdm.mem[208][29] (+)
|-- (1)top.u_system_wrapper.u_cdm.mem[208][30] (+)
|-- (1)top.u_system_wrapper.u_cdm.mem[208][31] (+)
|-- (1)top.u_system_wrapper.u_cdm.mem[208][32] (+)
|-- (1)top.u_system_wrapper.u_cdm.mem[207][0] (+)
|-- (1)top.u_system_wrapper.u_cdm.mem[207][1] (+)
|-- (1)top.u_system_wrapper.u_cdm.mem[207][2] (+)
|-- (1)top.u_system_wrapper.u_cdm.mem[207][3] (+)
|-- (1)top.u_system_wrapper.u_cdm.mem[207][4] (+)
|-- (1)top.u_system_wrapper.u_cdm.mem[207][5] (+)
|-- (1)top.u_system_wrapper.u_cdm.mem[207][6] (+)
|-- (1)top.u_system_wrapper.u_cdm.mem[207][7] (+)
|-- (1)top.u_system_wrapper.u_cdm.mem[207][8] (+)
|-- (1)top.u_system_wrapper.u_cdm.mem[207][9] (+)
|-- (1)top.u_system_wrapper.u_cdm.mem[207][10] (+)
|-- (1)top.u_system_wrapper.u_cdm.mem[207][11] (+)
|-- (1)top.u_system_wrapper.u_cdm.mem[207][12] (+)
|-- (1)top.u_system_wrapper.u_cdm.mem[207][13] (+)
|-- (1)top.u_system_wrapper.u_cdm.mem[207][14] (+)
|-- (1)top.u_system_wrapper.u_cdm.mem[207][15] (+)
|-- (1)top.u_system_wrapper.u_cdm.mem[207][16] (+)
|-- (1)top.u_system_wrapper.u_cdm.mem[207][17] (+)
|-- (1)top.u_system_wrapper.u_cdm.mem[207][18] (+)
|-- (1)top.u_system_wrapper.u_cdm.mem[207][19] (+)
|-- (1)top.u_system_wrapper.u_cdm.mem[207][20] (+)
|-- (1)top.u_system_wrapper.u_cdm.mem[207][21] (+)
|-- (1)top.u_system_wrapper.u_cdm.mem[207][22] (+)
|-- (1)top.u_system_wrapper.u_cdm.mem[207][23] (+)
|-- (1)top.u_system_wrapper.u_cdm.mem[207][24] (+)
|-- (1)top.u_system_wrapper.u_cdm.mem[207][25] (+)
|-- (1)top.u_system_wrapper.u_cdm.mem[207][26] (+)
|-- (1)top.u_system_wrapper.u_cdm.mem[207][27] (+)
|-- (1)top.u_system_wrapper.u_cdm.mem[207][28] (+)
|-- (1)top.u_system_wrapper.u_cdm.mem[207][29] (+)
|-- (1)top.u_system_wrapper.u_cdm.mem[207][30] (+)
|-- (1)top.u_system_wrapper.u_cdm.mem[207][31] (+)
|-- (1)top.u_system_wrapper.u_cdm.mem[207][32] (+)
|-- (1)top.u_system_wrapper.u_cdm.mem[206][0] (+)
|-- (1)top.u_system_wrapper.u_cdm.mem[206][1] (+)
|-- (1)top.u_system_wrapper.u_cdm.mem[206][2] (+)
|-- (1)top.u_system_wrapper.u_cdm.mem[206][3] (+)
|-- (1)top.u_system_wrapper.u_cdm.mem[206][4] (+)
|-- (1)top.u_system_wrapper.u_cdm.mem[206][5] (+)
|-- (1)top.u_system_wrapper.u_cdm.mem[206][6] (+)
|-- (1)top.u_system_wrapper.u_cdm.mem[206][7] (+)
|-- (1)top.u_system_wrapper.u_cdm.mem[206][8] (+)
|-- (1)top.u_system_wrapper.u_cdm.mem[206][9] (+)
|-- (1)top.u_system_wrapper.u_cdm.mem[206][10] (+)
|-- (1)top.u_system_wrapper.u_cdm.mem[206][11] (+)
|-- (1)top.u_system_wrapper.u_cdm.mem[206][12] (+)
|-- (1)top.u_system_wrapper.u_cdm.mem[206][13] (+)
|-- (1)top.u_system_wrapper.u_cdm.mem[206][14] (+)
|-- (1)top.u_system_wrapper.u_cdm.mem[206][15] (+)
|-- (1)top.u_system_wrapper.u_cdm.mem[206][16] (+)
|-- (1)top.u_system_wrapper.u_cdm.mem[206][17] (+)
|-- (1)top.u_system_wrapper.u_cdm.mem[206][18] (+)
|-- (1)top.u_system_wrapper.u_cdm.mem[206][19] (+)
|-- (1)top.u_system_wrapper.u_cdm.mem[206][20] (+)
|-- (1)top.u_system_wrapper.u_cdm.mem[206][21] (+)
|-- (1)top.u_system_wrapper.u_cdm.mem[206][22] (+)
|-- (1)top.u_system_wrapper.u_cdm.mem[206][23] (+)
|-- (1)top.u_system_wrapper.u_cdm.mem[206][24] (+)
|-- (1)top.u_system_wrapper.u_cdm.mem[206][25] (+)
|-- (1)top.u_system_wrapper.u_cdm.mem[206][26] (+)
|-- (1)top.u_system_wrapper.u_cdm.mem[206][27] (+)
|-- (1)top.u_system_wrapper.u_cdm.mem[206][28] (+)
|-- (1)top.u_system_wrapper.u_cdm.mem[206][29] (+)
|-- (1)top.u_system_wrapper.u_cdm.mem[206][30] (+)
|-- (1)top.u_system_wrapper.u_cdm.mem[206][31] (+)
|-- (1)top.u_system_wrapper.u_cdm.mem[206][32] (+)
|-- (1)top.u_system_wrapper.u_cdm.mem[205][0] (+)
|-- (1)top.u_system_wrapper.u_cdm.mem[205][1] (+)
|-- (1)top.u_system_wrapper.u_cdm.mem[205][2] (+)
|-- (1)top.u_system_wrapper.u_cdm.mem[205][3] (+)
|-- (1)top.u_system_wrapper.u_cdm.mem[205][4] (+)
|-- (1)top.u_system_wrapper.u_cdm.mem[205][5] (+)
|-- (1)top.u_system_wrapper.u_cdm.mem[205][6] (+)
|-- (1)top.u_system_wrapper.u_cdm.mem[205][7] (+)
|-- (1)top.u_system_wrapper.u_cdm.mem[205][8] (+)
|-- (1)top.u_system_wrapper.u_cdm.mem[205][9] (+)
|-- (1)top.u_system_wrapper.u_cdm.mem[205][10] (+)
|-- (1)top.u_system_wrapper.u_cdm.mem[205][11] (+)
|-- (1)top.u_system_wrapper.u_cdm.mem[205][12] (+)
|-- (1)top.u_system_wrapper.u_cdm.mem[205][13] (+)
|-- (1)top.u_system_wrapper.u_cdm.mem[205][14] (+)
|-- (1)top.u_system_wrapper.u_cdm.mem[205][15] (+)
|-- (1)top.u_system_wrapper.u_cdm.mem[205][16] (+)
|-- (1)top.u_system_wrapper.u_cdm.mem[205][17] (+)
|-- (1)top.u_system_wrapper.u_cdm.mem[205][18] (+)
|-- (1)top.u_system_wrapper.u_cdm.mem[205][19] (+)
|-- (1)top.u_system_wrapper.u_cdm.mem[205][20] (+)
|-- (1)top.u_system_wrapper.u_cdm.mem[205][21] (+)
|-- (1)top.u_system_wrapper.u_cdm.mem[205][22] (+)
|-- (1)top.u_system_wrapper.u_cdm.mem[205][23] (+)
|-- (1)top.u_system_wrapper.u_cdm.mem[205][24] (+)
|-- (1)top.u_system_wrapper.u_cdm.mem[205][25] (+)
|-- (1)top.u_system_wrapper.u_cdm.mem[205][26] (+)
|-- (1)top.u_system_wrapper.u_cdm.mem[205][27] (+)
|-- (1)top.u_system_wrapper.u_cdm.mem[205][28] (+)
|-- (1)top.u_system_wrapper.u_cdm.mem[205][29] (+)
|-- (1)top.u_system_wrapper.u_cdm.mem[205][30] (+)
|-- (1)top.u_system_wrapper.u_cdm.mem[205][31] (+)
|-- (1)top.u_system_wrapper.u_cdm.mem[205][32] (+)
|-- (1)top.u_system_wrapper.u_cdm.mem[204][0] (+)
|-- (1)top.u_system_wrapper.u_cdm.mem[204][1] (+)
|-- (1)top.u_system_wrapper.u_cdm.mem[204][2] (+)
|-- (1)top.u_system_wrapper.u_cdm.mem[204][3] (+)
|-- (1)top.u_system_wrapper.u_cdm.mem[204][4] (+)
|-- (1)top.u_system_wrapper.u_cdm.mem[204][5] (+)
|-- (1)top.u_system_wrapper.u_cdm.mem[204][6] (+)
|-- (1)top.u_system_wrapper.u_cdm.mem[204][7] (+)
|-- (1)top.u_system_wrapper.u_cdm.mem[204][8] (+)
|-- (1)top.u_system_wrapper.u_cdm.mem[204][9] (+)
|-- (1)top.u_system_wrapper.u_cdm.mem[204][10] (+)
|-- (1)top.u_system_wrapper.u_cdm.mem[204][11] (+)
|-- (1)top.u_system_wrapper.u_cdm.mem[204][12] (+)
|-- (1)top.u_system_wrapper.u_cdm.mem[204][13] (+)
|-- (1)top.u_system_wrapper.u_cdm.mem[204][14] (+)
|-- (1)top.u_system_wrapper.u_cdm.mem[204][15] (+)
|-- (1)top.u_system_wrapper.u_cdm.mem[204][16] (+)
|-- (1)top.u_system_wrapper.u_cdm.mem[204][17] (+)
|-- (1)top.u_system_wrapper.u_cdm.mem[204][18] (+)
|-- (1)top.u_system_wrapper.u_cdm.mem[204][19] (+)
|-- (1)top.u_system_wrapper.u_cdm.mem[204][20] (+)
|-- (1)top.u_system_wrapper.u_cdm.mem[204][21] (+)
|-- (1)top.u_system_wrapper.u_cdm.mem[204][22] (+)
|-- (1)top.u_system_wrapper.u_cdm.mem[204][23] (+)
|-- (1)top.u_system_wrapper.u_cdm.mem[204][24] (+)
|-- (1)top.u_system_wrapper.u_cdm.mem[204][25] (+)
|-- (1)top.u_system_wrapper.u_cdm.mem[204][26] (+)
|-- (1)top.u_system_wrapper.u_cdm.mem[204][27] (+)
|-- (1)top.u_system_wrapper.u_cdm.mem[204][28] (+)
|-- (1)top.u_system_wrapper.u_cdm.mem[204][29] (+)
|-- (1)top.u_system_wrapper.u_cdm.mem[204][30] (+)
|-- (1)top.u_system_wrapper.u_cdm.mem[204][31] (+)
|-- (1)top.u_system_wrapper.u_cdm.mem[204][32] (+)
|-- (1)top.u_system_wrapper.u_cdm.mem[203][0] (+)
|-- (1)top.u_system_wrapper.u_cdm.mem[203][1] (+)
|-- (1)top.u_system_wrapper.u_cdm.mem[203][2] (+)
|-- (1)top.u_system_wrapper.u_cdm.mem[203][3] (+)
|-- (1)top.u_system_wrapper.u_cdm.mem[203][4] (+)
|-- (1)top.u_system_wrapper.u_cdm.mem[203][5] (+)
|-- (1)top.u_system_wrapper.u_cdm.mem[203][6] (+)
|-- (1)top.u_system_wrapper.u_cdm.mem[203][7] (+)
|-- (1)top.u_system_wrapper.u_cdm.mem[203][8] (+)
|-- (1)top.u_system_wrapper.u_cdm.mem[203][9] (+)
|-- (1)top.u_system_wrapper.u_cdm.mem[203][10] (+)
|-- (1)top.u_system_wrapper.u_cdm.mem[203][11] (+)
|-- (1)top.u_system_wrapper.u_cdm.mem[203][12] (+)
|-- (1)top.u_system_wrapper.u_cdm.mem[203][13] (+)
|-- (1)top.u_system_wrapper.u_cdm.mem[203][14] (+)
|-- (1)top.u_system_wrapper.u_cdm.mem[203][15] (+)
|-- (1)top.u_system_wrapper.u_cdm.mem[203][16] (+)
|-- (1)top.u_system_wrapper.u_cdm.mem[203][17] (+)
|-- (1)top.u_system_wrapper.u_cdm.mem[203][18] (+)
|-- (1)top.u_system_wrapper.u_cdm.mem[203][19] (+)
|-- (1)top.u_system_wrapper.u_cdm.mem[203][20] (+)
|-- (1)top.u_system_wrapper.u_cdm.mem[203][21] (+)
|-- (1)top.u_system_wrapper.u_cdm.mem[203][22] (+)
|-- (1)top.u_system_wrapper.u_cdm.mem[203][23] (+)
|-- (1)top.u_system_wrapper.u_cdm.mem[203][24] (+)
|-- (1)top.u_system_wrapper.u_cdm.mem[203][25] (+)
|-- (1)top.u_system_wrapper.u_cdm.mem[203][26] (+)
|-- (1)top.u_system_wrapper.u_cdm.mem[203][27] (+)
|-- (1)top.u_system_wrapper.u_cdm.mem[203][28] (+)
|-- (1)top.u_system_wrapper.u_cdm.mem[203][29] (+)
|-- (1)top.u_system_wrapper.u_cdm.mem[203][30] (+)
|-- (1)top.u_system_wrapper.u_cdm.mem[203][31] (+)
|-- (1)top.u_system_wrapper.u_cdm.mem[203][32] (+)
|-- (1)top.u_system_wrapper.u_cdm.mem[202][0] (+)
|-- (1)top.u_system_wrapper.u_cdm.mem[202][1] (+)
|-- (1)top.u_system_wrapper.u_cdm.mem[202][2] (+)
|-- (1)top.u_system_wrapper.u_cdm.mem[202][3] (+)
|-- (1)top.u_system_wrapper.u_cdm.mem[202][4] (+)
|-- (1)top.u_system_wrapper.u_cdm.mem[202][5] (+)
|-- (1)top.u_system_wrapper.u_cdm.mem[202][6] (+)
|-- (1)top.u_system_wrapper.u_cdm.mem[202][7] (+)
|-- (1)top.u_system_wrapper.u_cdm.mem[202][8] (+)
|-- (1)top.u_system_wrapper.u_cdm.mem[202][9] (+)
|-- (1)top.u_system_wrapper.u_cdm.mem[202][10] (+)
|-- (1)top.u_system_wrapper.u_cdm.mem[202][11] (+)
|-- (1)top.u_system_wrapper.u_cdm.mem[202][12] (+)
|-- (1)top.u_system_wrapper.u_cdm.mem[202][13] (+)
|-- (1)top.u_system_wrapper.u_cdm.mem[202][14] (+)
|-- (1)top.u_system_wrapper.u_cdm.mem[202][15] (+)
|-- (1)top.u_system_wrapper.u_cdm.mem[202][16] (+)
|-- (1)top.u_system_wrapper.u_cdm.mem[202][17] (+)
|-- (1)top.u_system_wrapper.u_cdm.mem[202][18] (+)
|-- (1)top.u_system_wrapper.u_cdm.mem[202][19] (+)
|-- (1)top.u_system_wrapper.u_cdm.mem[202][20] (+)
|-- (1)top.u_system_wrapper.u_cdm.mem[202][21] (+)
|-- (1)top.u_system_wrapper.u_cdm.mem[202][22] (+)
|-- (1)top.u_system_wrapper.u_cdm.mem[202][23] (+)
|-- (1)top.u_system_wrapper.u_cdm.mem[202][24] (+)
|-- (1)top.u_system_wrapper.u_cdm.mem[202][25] (+)
|-- (1)top.u_system_wrapper.u_cdm.mem[202][26] (+)
|-- (1)top.u_system_wrapper.u_cdm.mem[202][27] (+)
|-- (1)top.u_system_wrapper.u_cdm.mem[202][28] (+)
|-- (1)top.u_system_wrapper.u_cdm.mem[202][29] (+)
|-- (1)top.u_system_wrapper.u_cdm.mem[202][30] (+)
|-- (1)top.u_system_wrapper.u_cdm.mem[202][31] (+)
|-- (1)top.u_system_wrapper.u_cdm.mem[202][32] (+)
|-- (1)top.u_system_wrapper.u_cdm.mem[201][0] (+)
|-- (1)top.u_system_wrapper.u_cdm.mem[201][1] (+)
|-- (1)top.u_system_wrapper.u_cdm.mem[201][2] (+)
|-- (1)top.u_system_wrapper.u_cdm.mem[201][3] (+)
|-- (1)top.u_system_wrapper.u_cdm.mem[201][4] (+)
|-- (1)top.u_system_wrapper.u_cdm.mem[201][5] (+)
|-- (1)top.u_system_wrapper.u_cdm.mem[201][6] (+)
|-- (1)top.u_system_wrapper.u_cdm.mem[201][7] (+)
|-- (1)top.u_system_wrapper.u_cdm.mem[201][8] (+)
|-- (1)top.u_system_wrapper.u_cdm.mem[201][9] (+)
|-- (1)top.u_system_wrapper.u_cdm.mem[201][10] (+)
|-- (1)top.u_system_wrapper.u_cdm.mem[201][11] (+)
|-- (1)top.u_system_wrapper.u_cdm.mem[201][12] (+)
|-- (1)top.u_system_wrapper.u_cdm.mem[201][13] (+)
|-- (1)top.u_system_wrapper.u_cdm.mem[201][14] (+)
|-- (1)top.u_system_wrapper.u_cdm.mem[201][15] (+)
|-- (1)top.u_system_wrapper.u_cdm.mem[201][16] (+)
|-- (1)top.u_system_wrapper.u_cdm.mem[201][17] (+)
|-- (1)top.u_system_wrapper.u_cdm.mem[201][18] (+)
|-- (1)top.u_system_wrapper.u_cdm.mem[201][19] (+)
|-- (1)top.u_system_wrapper.u_cdm.mem[201][20] (+)
|-- (1)top.u_system_wrapper.u_cdm.mem[201][21] (+)
|-- (1)top.u_system_wrapper.u_cdm.mem[201][22] (+)
|-- (1)top.u_system_wrapper.u_cdm.mem[201][23] (+)
|-- (1)top.u_system_wrapper.u_cdm.mem[201][24] (+)
|-- (1)top.u_system_wrapper.u_cdm.mem[201][25] (+)
|-- (1)top.u_system_wrapper.u_cdm.mem[201][26] (+)
|-- (1)top.u_system_wrapper.u_cdm.mem[201][27] (+)
|-- (1)top.u_system_wrapper.u_cdm.mem[201][28] (+)
|-- (1)top.u_system_wrapper.u_cdm.mem[201][29] (+)
|-- (1)top.u_system_wrapper.u_cdm.mem[201][30] (+)
|-- (1)top.u_system_wrapper.u_cdm.mem[201][31] (+)
|-- (1)top.u_system_wrapper.u_cdm.mem[201][32] (+)
|-- (1)top.u_system_wrapper.u_cdm.mem[200][0] (+)
|-- (1)top.u_system_wrapper.u_cdm.mem[200][1] (+)
|-- (1)top.u_system_wrapper.u_cdm.mem[200][2] (+)
|-- (1)top.u_system_wrapper.u_cdm.mem[200][3] (+)
|-- (1)top.u_system_wrapper.u_cdm.mem[200][4] (+)
|-- (1)top.u_system_wrapper.u_cdm.mem[200][5] (+)
|-- (1)top.u_system_wrapper.u_cdm.mem[200][6] (+)
|-- (1)top.u_system_wrapper.u_cdm.mem[200][7] (+)
|-- (1)top.u_system_wrapper.u_cdm.mem[200][8] (+)
|-- (1)top.u_system_wrapper.u_cdm.mem[200][9] (+)
|-- (1)top.u_system_wrapper.u_cdm.mem[200][10] (+)
|-- (1)top.u_system_wrapper.u_cdm.mem[200][11] (+)
|-- (1)top.u_system_wrapper.u_cdm.mem[200][12] (+)
|-- (1)top.u_system_wrapper.u_cdm.mem[200][13] (+)
|-- (1)top.u_system_wrapper.u_cdm.mem[200][14] (+)
|-- (1)top.u_system_wrapper.u_cdm.mem[200][15] (+)
|-- (1)top.u_system_wrapper.u_cdm.mem[200][16] (+)
|-- (1)top.u_system_wrapper.u_cdm.mem[200][17] (+)
|-- (1)top.u_system_wrapper.u_cdm.mem[200][18] (+)
|-- (1)top.u_system_wrapper.u_cdm.mem[200][19] (+)
|-- (1)top.u_system_wrapper.u_cdm.mem[200][20] (+)
|-- (1)top.u_system_wrapper.u_cdm.mem[200][21] (+)
|-- (1)top.u_system_wrapper.u_cdm.mem[200][22] (+)
|-- (1)top.u_system_wrapper.u_cdm.mem[200][23] (+)
|-- (1)top.u_system_wrapper.u_cdm.mem[200][24] (+)
|-- (1)top.u_system_wrapper.u_cdm.mem[200][25] (+)
|-- (1)top.u_system_wrapper.u_cdm.mem[200][26] (+)
|-- (1)top.u_system_wrapper.u_cdm.mem[200][27] (+)
|-- (1)top.u_system_wrapper.u_cdm.mem[200][28] (+)
|-- (1)top.u_system_wrapper.u_cdm.mem[200][29] (+)
|-- (1)top.u_system_wrapper.u_cdm.mem[200][30] (+)
|-- (1)top.u_system_wrapper.u_cdm.mem[200][31] (+)
|-- (1)top.u_system_wrapper.u_cdm.mem[200][32] (+)
|-- (1)top.u_system_wrapper.u_cdm.mem[199][0] (+)
|-- (1)top.u_system_wrapper.u_cdm.mem[199][1] (+)
|-- (1)top.u_system_wrapper.u_cdm.mem[199][2] (+)
|-- (1)top.u_system_wrapper.u_cdm.mem[199][3] (+)
|-- (1)top.u_system_wrapper.u_cdm.mem[199][4] (+)
|-- (1)top.u_system_wrapper.u_cdm.mem[199][5] (+)
|-- (1)top.u_system_wrapper.u_cdm.mem[199][6] (+)
|-- (1)top.u_system_wrapper.u_cdm.mem[199][7] (+)
|-- (1)top.u_system_wrapper.u_cdm.mem[199][8] (+)
|-- (1)top.u_system_wrapper.u_cdm.mem[199][9] (+)
|-- (1)top.u_system_wrapper.u_cdm.mem[199][10] (+)
|-- (1)top.u_system_wrapper.u_cdm.mem[199][11] (+)
|-- (1)top.u_system_wrapper.u_cdm.mem[199][12] (+)
|-- (1)top.u_system_wrapper.u_cdm.mem[199][13] (+)
|-- (1)top.u_system_wrapper.u_cdm.mem[199][14] (+)
|-- (1)top.u_system_wrapper.u_cdm.mem[199][15] (+)
|-- (1)top.u_system_wrapper.u_cdm.mem[199][16] (+)
|-- (1)top.u_system_wrapper.u_cdm.mem[199][17] (+)
|-- (1)top.u_system_wrapper.u_cdm.mem[199][18] (+)
|-- (1)top.u_system_wrapper.u_cdm.mem[199][19] (+)
|-- (1)top.u_system_wrapper.u_cdm.mem[199][20] (+)
|-- (1)top.u_system_wrapper.u_cdm.mem[199][21] (+)
|-- (1)top.u_system_wrapper.u_cdm.mem[199][22] (+)
|-- (1)top.u_system_wrapper.u_cdm.mem[199][23] (+)
|-- (1)top.u_system_wrapper.u_cdm.mem[199][24] (+)
|-- (1)top.u_system_wrapper.u_cdm.mem[199][25] (+)
|-- (1)top.u_system_wrapper.u_cdm.mem[199][26] (+)
|-- (1)top.u_system_wrapper.u_cdm.mem[199][27] (+)
|-- (1)top.u_system_wrapper.u_cdm.mem[199][28] (+)
|-- (1)top.u_system_wrapper.u_cdm.mem[199][29] (+)
|-- (1)top.u_system_wrapper.u_cdm.mem[199][30] (+)
|-- (1)top.u_system_wrapper.u_cdm.mem[199][31] (+)
|-- (1)top.u_system_wrapper.u_cdm.mem[199][32] (+)
|-- (1)top.u_system_wrapper.u_cdm.mem[198][0] (+)
|-- (1)top.u_system_wrapper.u_cdm.mem[198][1] (+)
|-- (1)top.u_system_wrapper.u_cdm.mem[198][2] (+)
|-- (1)top.u_system_wrapper.u_cdm.mem[198][3] (+)
|-- (1)top.u_system_wrapper.u_cdm.mem[198][4] (+)
|-- (1)top.u_system_wrapper.u_cdm.mem[198][5] (+)
|-- (1)top.u_system_wrapper.u_cdm.mem[198][6] (+)
|-- (1)top.u_system_wrapper.u_cdm.mem[198][7] (+)
|-- (1)top.u_system_wrapper.u_cdm.mem[198][8] (+)
|-- (1)top.u_system_wrapper.u_cdm.mem[198][9] (+)
|-- (1)top.u_system_wrapper.u_cdm.mem[198][10] (+)
|-- (1)top.u_system_wrapper.u_cdm.mem[198][11] (+)
|-- (1)top.u_system_wrapper.u_cdm.mem[198][12] (+)
|-- (1)top.u_system_wrapper.u_cdm.mem[198][13] (+)
|-- (1)top.u_system_wrapper.u_cdm.mem[198][14] (+)
|-- (1)top.u_system_wrapper.u_cdm.mem[198][15] (+)
|-- (1)top.u_system_wrapper.u_cdm.mem[198][16] (+)
|-- (1)top.u_system_wrapper.u_cdm.mem[198][17] (+)
|-- (1)top.u_system_wrapper.u_cdm.mem[198][18] (+)
|-- (1)top.u_system_wrapper.u_cdm.mem[198][19] (+)
|-- (1)top.u_system_wrapper.u_cdm.mem[198][20] (+)
|-- (1)top.u_system_wrapper.u_cdm.mem[198][21] (+)
|-- (1)top.u_system_wrapper.u_cdm.mem[198][22] (+)
|-- (1)top.u_system_wrapper.u_cdm.mem[198][23] (+)
|-- (1)top.u_system_wrapper.u_cdm.mem[198][24] (+)
|-- (1)top.u_system_wrapper.u_cdm.mem[198][25] (+)
|-- (1)top.u_system_wrapper.u_cdm.mem[198][26] (+)
|-- (1)top.u_system_wrapper.u_cdm.mem[198][27] (+)
|-- (1)top.u_system_wrapper.u_cdm.mem[198][28] (+)
|-- (1)top.u_system_wrapper.u_cdm.mem[198][29] (+)
|-- (1)top.u_system_wrapper.u_cdm.mem[198][30] (+)
|-- (1)top.u_system_wrapper.u_cdm.mem[198][31] (+)
|-- (1)top.u_system_wrapper.u_cdm.mem[198][32] (+)
|-- (1)top.u_system_wrapper.u_cdm.mem[197][0] (+)
|-- (1)top.u_system_wrapper.u_cdm.mem[197][1] (+)
|-- (1)top.u_system_wrapper.u_cdm.mem[197][2] (+)
|-- (1)top.u_system_wrapper.u_cdm.mem[197][3] (+)
|-- (1)top.u_system_wrapper.u_cdm.mem[197][4] (+)
|-- (1)top.u_system_wrapper.u_cdm.mem[197][5] (+)
|-- (1)top.u_system_wrapper.u_cdm.mem[197][6] (+)
|-- (1)top.u_system_wrapper.u_cdm.mem[197][7] (+)
|-- (1)top.u_system_wrapper.u_cdm.mem[197][8] (+)
|-- (1)top.u_system_wrapper.u_cdm.mem[197][9] (+)
|-- (1)top.u_system_wrapper.u_cdm.mem[197][10] (+)
|-- (1)top.u_system_wrapper.u_cdm.mem[197][11] (+)
|-- (1)top.u_system_wrapper.u_cdm.mem[197][12] (+)
|-- (1)top.u_system_wrapper.u_cdm.mem[197][13] (+)
|-- (1)top.u_system_wrapper.u_cdm.mem[197][14] (+)
|-- (1)top.u_system_wrapper.u_cdm.mem[197][15] (+)
|-- (1)top.u_system_wrapper.u_cdm.mem[197][16] (+)
|-- (1)top.u_system_wrapper.u_cdm.mem[197][17] (+)
|-- (1)top.u_system_wrapper.u_cdm.mem[197][18] (+)
|-- (1)top.u_system_wrapper.u_cdm.mem[197][19] (+)
|-- (1)top.u_system_wrapper.u_cdm.mem[197][20] (+)
|-- (1)top.u_system_wrapper.u_cdm.mem[197][21] (+)
|-- (1)top.u_system_wrapper.u_cdm.mem[197][22] (+)
|-- (1)top.u_system_wrapper.u_cdm.mem[197][23] (+)
|-- (1)top.u_system_wrapper.u_cdm.mem[197][24] (+)
|-- (1)top.u_system_wrapper.u_cdm.mem[197][25] (+)
|-- (1)top.u_system_wrapper.u_cdm.mem[197][26] (+)
|-- (1)top.u_system_wrapper.u_cdm.mem[197][27] (+)
|-- (1)top.u_system_wrapper.u_cdm.mem[197][28] (+)
|-- (1)top.u_system_wrapper.u_cdm.mem[197][29] (+)
|-- (1)top.u_system_wrapper.u_cdm.mem[197][30] (+)
|-- (1)top.u_system_wrapper.u_cdm.mem[197][31] (+)
|-- (1)top.u_system_wrapper.u_cdm.mem[197][32] (+)
|-- (1)top.u_system_wrapper.u_cdm.mem[196][0] (+)
|-- (1)top.u_system_wrapper.u_cdm.mem[196][1] (+)
|-- (1)top.u_system_wrapper.u_cdm.mem[196][2] (+)
|-- (1)top.u_system_wrapper.u_cdm.mem[196][3] (+)
|-- (1)top.u_system_wrapper.u_cdm.mem[196][4] (+)
|-- (1)top.u_system_wrapper.u_cdm.mem[196][5] (+)
|-- (1)top.u_system_wrapper.u_cdm.mem[196][6] (+)
|-- (1)top.u_system_wrapper.u_cdm.mem[196][7] (+)
|-- (1)top.u_system_wrapper.u_cdm.mem[196][8] (+)
|-- (1)top.u_system_wrapper.u_cdm.mem[196][9] (+)
|-- (1)top.u_system_wrapper.u_cdm.mem[196][10] (+)
|-- (1)top.u_system_wrapper.u_cdm.mem[196][11] (+)
|-- (1)top.u_system_wrapper.u_cdm.mem[196][12] (+)
|-- (1)top.u_system_wrapper.u_cdm.mem[196][13] (+)
|-- (1)top.u_system_wrapper.u_cdm.mem[196][14] (+)
|-- (1)top.u_system_wrapper.u_cdm.mem[196][15] (+)
|-- (1)top.u_system_wrapper.u_cdm.mem[196][16] (+)
|-- (1)top.u_system_wrapper.u_cdm.mem[196][17] (+)
|-- (1)top.u_system_wrapper.u_cdm.mem[196][18] (+)
|-- (1)top.u_system_wrapper.u_cdm.mem[196][19] (+)
|-- (1)top.u_system_wrapper.u_cdm.mem[196][20] (+)
|-- (1)top.u_system_wrapper.u_cdm.mem[196][21] (+)
|-- (1)top.u_system_wrapper.u_cdm.mem[196][22] (+)
|-- (1)top.u_system_wrapper.u_cdm.mem[196][23] (+)
|-- (1)top.u_system_wrapper.u_cdm.mem[196][24] (+)
|-- (1)top.u_system_wrapper.u_cdm.mem[196][25] (+)
|-- (1)top.u_system_wrapper.u_cdm.mem[196][26] (+)
|-- (1)top.u_system_wrapper.u_cdm.mem[196][27] (+)
|-- (1)top.u_system_wrapper.u_cdm.mem[196][28] (+)
|-- (1)top.u_system_wrapper.u_cdm.mem[196][29] (+)
|-- (1)top.u_system_wrapper.u_cdm.mem[196][30] (+)
|-- (1)top.u_system_wrapper.u_cdm.mem[196][31] (+)
|-- (1)top.u_system_wrapper.u_cdm.mem[196][32] (+)
|-- (1)top.u_system_wrapper.u_cdm.mem[195][0] (+)
|-- (1)top.u_system_wrapper.u_cdm.mem[195][1] (+)
|-- (1)top.u_system_wrapper.u_cdm.mem[195][2] (+)
|-- (1)top.u_system_wrapper.u_cdm.mem[195][3] (+)
|-- (1)top.u_system_wrapper.u_cdm.mem[195][4] (+)
|-- (1)top.u_system_wrapper.u_cdm.mem[195][5] (+)
|-- (1)top.u_system_wrapper.u_cdm.mem[195][6] (+)
|-- (1)top.u_system_wrapper.u_cdm.mem[195][7] (+)
|-- (1)top.u_system_wrapper.u_cdm.mem[195][8] (+)
|-- (1)top.u_system_wrapper.u_cdm.mem[195][9] (+)
|-- (1)top.u_system_wrapper.u_cdm.mem[195][10] (+)
|-- (1)top.u_system_wrapper.u_cdm.mem[195][11] (+)
|-- (1)top.u_system_wrapper.u_cdm.mem[195][12] (+)
|-- (1)top.u_system_wrapper.u_cdm.mem[195][13] (+)
|-- (1)top.u_system_wrapper.u_cdm.mem[195][14] (+)
|-- (1)top.u_system_wrapper.u_cdm.mem[195][15] (+)
|-- (1)top.u_system_wrapper.u_cdm.mem[195][16] (+)
|-- (1)top.u_system_wrapper.u_cdm.mem[195][17] (+)
|-- (1)top.u_system_wrapper.u_cdm.mem[195][18] (+)
|-- (1)top.u_system_wrapper.u_cdm.mem[195][19] (+)
|-- (1)top.u_system_wrapper.u_cdm.mem[195][20] (+)
|-- (1)top.u_system_wrapper.u_cdm.mem[195][21] (+)
|-- (1)top.u_system_wrapper.u_cdm.mem[195][22] (+)
|-- (1)top.u_system_wrapper.u_cdm.mem[195][23] (+)
|-- (1)top.u_system_wrapper.u_cdm.mem[195][24] (+)
|-- (1)top.u_system_wrapper.u_cdm.mem[195][25] (+)
|-- (1)top.u_system_wrapper.u_cdm.mem[195][26] (+)
|-- (1)top.u_system_wrapper.u_cdm.mem[195][27] (+)
|-- (1)top.u_system_wrapper.u_cdm.mem[195][28] (+)
|-- (1)top.u_system_wrapper.u_cdm.mem[195][29] (+)
|-- (1)top.u_system_wrapper.u_cdm.mem[195][30] (+)
|-- (1)top.u_system_wrapper.u_cdm.mem[195][31] (+)
|-- (1)top.u_system_wrapper.u_cdm.mem[195][32] (+)
|-- (1)top.u_system_wrapper.u_cdm.mem[194][0] (+)
|-- (1)top.u_system_wrapper.u_cdm.mem[194][1] (+)
|-- (1)top.u_system_wrapper.u_cdm.mem[194][2] (+)
|-- (1)top.u_system_wrapper.u_cdm.mem[194][3] (+)
|-- (1)top.u_system_wrapper.u_cdm.mem[194][4] (+)
|-- (1)top.u_system_wrapper.u_cdm.mem[194][5] (+)
|-- (1)top.u_system_wrapper.u_cdm.mem[194][6] (+)
|-- (1)top.u_system_wrapper.u_cdm.mem[194][7] (+)
|-- (1)top.u_system_wrapper.u_cdm.mem[194][8] (+)
|-- (1)top.u_system_wrapper.u_cdm.mem[194][9] (+)
|-- (1)top.u_system_wrapper.u_cdm.mem[194][10] (+)
|-- (1)top.u_system_wrapper.u_cdm.mem[194][11] (+)
|-- (1)top.u_system_wrapper.u_cdm.mem[194][12] (+)
|-- (1)top.u_system_wrapper.u_cdm.mem[194][13] (+)
|-- (1)top.u_system_wrapper.u_cdm.mem[194][14] (+)
|-- (1)top.u_system_wrapper.u_cdm.mem[194][15] (+)
|-- (1)top.u_system_wrapper.u_cdm.mem[194][16] (+)
|-- (1)top.u_system_wrapper.u_cdm.mem[194][17] (+)
|-- (1)top.u_system_wrapper.u_cdm.mem[194][18] (+)
|-- (1)top.u_system_wrapper.u_cdm.mem[194][19] (+)
|-- (1)top.u_system_wrapper.u_cdm.mem[194][20] (+)
|-- (1)top.u_system_wrapper.u_cdm.mem[194][21] (+)
|-- (1)top.u_system_wrapper.u_cdm.mem[194][22] (+)
|-- (1)top.u_system_wrapper.u_cdm.mem[194][23] (+)
|-- (1)top.u_system_wrapper.u_cdm.mem[194][24] (+)
|-- (1)top.u_system_wrapper.u_cdm.mem[194][25] (+)
|-- (1)top.u_system_wrapper.u_cdm.mem[194][26] (+)
|-- (1)top.u_system_wrapper.u_cdm.mem[194][27] (+)
|-- (1)top.u_system_wrapper.u_cdm.mem[194][28] (+)
|-- (1)top.u_system_wrapper.u_cdm.mem[194][29] (+)
|-- (1)top.u_system_wrapper.u_cdm.mem[194][30] (+)
|-- (1)top.u_system_wrapper.u_cdm.mem[194][31] (+)
|-- (1)top.u_system_wrapper.u_cdm.mem[194][32] (+)
|-- (1)top.u_system_wrapper.u_cdm.mem[193][0] (+)
|-- (1)top.u_system_wrapper.u_cdm.mem[193][1] (+)
|-- (1)top.u_system_wrapper.u_cdm.mem[193][2] (+)
|-- (1)top.u_system_wrapper.u_cdm.mem[193][3] (+)
|-- (1)top.u_system_wrapper.u_cdm.mem[193][4] (+)
|-- (1)top.u_system_wrapper.u_cdm.mem[193][5] (+)
|-- (1)top.u_system_wrapper.u_cdm.mem[193][6] (+)
|-- (1)top.u_system_wrapper.u_cdm.mem[193][7] (+)
|-- (1)top.u_system_wrapper.u_cdm.mem[193][8] (+)
|-- (1)top.u_system_wrapper.u_cdm.mem[193][9] (+)
|-- (1)top.u_system_wrapper.u_cdm.mem[193][10] (+)
|-- (1)top.u_system_wrapper.u_cdm.mem[193][11] (+)
|-- (1)top.u_system_wrapper.u_cdm.mem[193][12] (+)
|-- (1)top.u_system_wrapper.u_cdm.mem[193][13] (+)
|-- (1)top.u_system_wrapper.u_cdm.mem[193][14] (+)
|-- (1)top.u_system_wrapper.u_cdm.mem[193][15] (+)
|-- (1)top.u_system_wrapper.u_cdm.mem[193][16] (+)
|-- (1)top.u_system_wrapper.u_cdm.mem[193][17] (+)
|-- (1)top.u_system_wrapper.u_cdm.mem[193][18] (+)
|-- (1)top.u_system_wrapper.u_cdm.mem[193][19] (+)
|-- (1)top.u_system_wrapper.u_cdm.mem[193][20] (+)
|-- (1)top.u_system_wrapper.u_cdm.mem[193][21] (+)
|-- (1)top.u_system_wrapper.u_cdm.mem[193][22] (+)
|-- (1)top.u_system_wrapper.u_cdm.mem[193][23] (+)
|-- (1)top.u_system_wrapper.u_cdm.mem[193][24] (+)
|-- (1)top.u_system_wrapper.u_cdm.mem[193][25] (+)
|-- (1)top.u_system_wrapper.u_cdm.mem[193][26] (+)
|-- (1)top.u_system_wrapper.u_cdm.mem[193][27] (+)
|-- (1)top.u_system_wrapper.u_cdm.mem[193][28] (+)
|-- (1)top.u_system_wrapper.u_cdm.mem[193][29] (+)
|-- (1)top.u_system_wrapper.u_cdm.mem[193][30] (+)
|-- (1)top.u_system_wrapper.u_cdm.mem[193][31] (+)
|-- (1)top.u_system_wrapper.u_cdm.mem[193][32] (+)
|-- (1)top.u_system_wrapper.u_cdm.mem[192][0] (+)
|-- (1)top.u_system_wrapper.u_cdm.mem[192][1] (+)
|-- (1)top.u_system_wrapper.u_cdm.mem[192][2] (+)
|-- (1)top.u_system_wrapper.u_cdm.mem[192][3] (+)
|-- (1)top.u_system_wrapper.u_cdm.mem[192][4] (+)
|-- (1)top.u_system_wrapper.u_cdm.mem[192][5] (+)
|-- (1)top.u_system_wrapper.u_cdm.mem[192][6] (+)
|-- (1)top.u_system_wrapper.u_cdm.mem[192][7] (+)
|-- (1)top.u_system_wrapper.u_cdm.mem[192][8] (+)
|-- (1)top.u_system_wrapper.u_cdm.mem[192][9] (+)
|-- (1)top.u_system_wrapper.u_cdm.mem[192][10] (+)
|-- (1)top.u_system_wrapper.u_cdm.mem[192][11] (+)
|-- (1)top.u_system_wrapper.u_cdm.mem[192][12] (+)
|-- (1)top.u_system_wrapper.u_cdm.mem[192][13] (+)
|-- (1)top.u_system_wrapper.u_cdm.mem[192][14] (+)
|-- (1)top.u_system_wrapper.u_cdm.mem[192][15] (+)
|-- (1)top.u_system_wrapper.u_cdm.mem[192][16] (+)
|-- (1)top.u_system_wrapper.u_cdm.mem[192][17] (+)
|-- (1)top.u_system_wrapper.u_cdm.mem[192][18] (+)
|-- (1)top.u_system_wrapper.u_cdm.mem[192][19] (+)
|-- (1)top.u_system_wrapper.u_cdm.mem[192][20] (+)
|-- (1)top.u_system_wrapper.u_cdm.mem[192][21] (+)
|-- (1)top.u_system_wrapper.u_cdm.mem[192][22] (+)
|-- (1)top.u_system_wrapper.u_cdm.mem[192][23] (+)
|-- (1)top.u_system_wrapper.u_cdm.mem[192][24] (+)
|-- (1)top.u_system_wrapper.u_cdm.mem[192][25] (+)
|-- (1)top.u_system_wrapper.u_cdm.mem[192][26] (+)
|-- (1)top.u_system_wrapper.u_cdm.mem[192][27] (+)
|-- (1)top.u_system_wrapper.u_cdm.mem[192][28] (+)
|-- (1)top.u_system_wrapper.u_cdm.mem[192][29] (+)
|-- (1)top.u_system_wrapper.u_cdm.mem[192][30] (+)
|-- (1)top.u_system_wrapper.u_cdm.mem[192][31] (+)
|-- (1)top.u_system_wrapper.u_cdm.mem[192][32] (+)
|-- (1)top.u_system_wrapper.u_cdm.mem[191][0] (+)
|-- (1)top.u_system_wrapper.u_cdm.mem[191][1] (+)
|-- (1)top.u_system_wrapper.u_cdm.mem[191][2] (+)
|-- (1)top.u_system_wrapper.u_cdm.mem[191][3] (+)
|-- (1)top.u_system_wrapper.u_cdm.mem[191][4] (+)
|-- (1)top.u_system_wrapper.u_cdm.mem[191][5] (+)
|-- (1)top.u_system_wrapper.u_cdm.mem[191][6] (+)
|-- (1)top.u_system_wrapper.u_cdm.mem[191][7] (+)
|-- (1)top.u_system_wrapper.u_cdm.mem[191][8] (+)
|-- (1)top.u_system_wrapper.u_cdm.mem[191][9] (+)
|-- (1)top.u_system_wrapper.u_cdm.mem[191][10] (+)
|-- (1)top.u_system_wrapper.u_cdm.mem[191][11] (+)
|-- (1)top.u_system_wrapper.u_cdm.mem[191][12] (+)
|-- (1)top.u_system_wrapper.u_cdm.mem[191][13] (+)
|-- (1)top.u_system_wrapper.u_cdm.mem[191][14] (+)
|-- (1)top.u_system_wrapper.u_cdm.mem[191][15] (+)
|-- (1)top.u_system_wrapper.u_cdm.mem[191][16] (+)
|-- (1)top.u_system_wrapper.u_cdm.mem[191][17] (+)
|-- (1)top.u_system_wrapper.u_cdm.mem[191][18] (+)
|-- (1)top.u_system_wrapper.u_cdm.mem[191][19] (+)
|-- (1)top.u_system_wrapper.u_cdm.mem[191][20] (+)
|-- (1)top.u_system_wrapper.u_cdm.mem[191][21] (+)
|-- (1)top.u_system_wrapper.u_cdm.mem[191][22] (+)
|-- (1)top.u_system_wrapper.u_cdm.mem[191][23] (+)
|-- (1)top.u_system_wrapper.u_cdm.mem[191][24] (+)
|-- (1)top.u_system_wrapper.u_cdm.mem[191][25] (+)
|-- (1)top.u_system_wrapper.u_cdm.mem[191][26] (+)
|-- (1)top.u_system_wrapper.u_cdm.mem[191][27] (+)
|-- (1)top.u_system_wrapper.u_cdm.mem[191][28] (+)
|-- (1)top.u_system_wrapper.u_cdm.mem[191][29] (+)
|-- (1)top.u_system_wrapper.u_cdm.mem[191][30] (+)
|-- (1)top.u_system_wrapper.u_cdm.mem[191][31] (+)
|-- (1)top.u_system_wrapper.u_cdm.mem[191][32] (+)
|-- (1)top.u_system_wrapper.u_cdm.mem[190][0] (+)
|-- (1)top.u_system_wrapper.u_cdm.mem[190][1] (+)
|-- (1)top.u_system_wrapper.u_cdm.mem[190][2] (+)
|-- (1)top.u_system_wrapper.u_cdm.mem[190][3] (+)
|-- (1)top.u_system_wrapper.u_cdm.mem[190][4] (+)
|-- (1)top.u_system_wrapper.u_cdm.mem[190][5] (+)
|-- (1)top.u_system_wrapper.u_cdm.mem[190][6] (+)
|-- (1)top.u_system_wrapper.u_cdm.mem[190][7] (+)
|-- (1)top.u_system_wrapper.u_cdm.mem[190][8] (+)
|-- (1)top.u_system_wrapper.u_cdm.mem[190][9] (+)
|-- (1)top.u_system_wrapper.u_cdm.mem[190][10] (+)
|-- (1)top.u_system_wrapper.u_cdm.mem[190][11] (+)
|-- (1)top.u_system_wrapper.u_cdm.mem[190][12] (+)
|-- (1)top.u_system_wrapper.u_cdm.mem[190][13] (+)
|-- (1)top.u_system_wrapper.u_cdm.mem[190][14] (+)
|-- (1)top.u_system_wrapper.u_cdm.mem[190][15] (+)
|-- (1)top.u_system_wrapper.u_cdm.mem[190][16] (+)
|-- (1)top.u_system_wrapper.u_cdm.mem[190][17] (+)
|-- (1)top.u_system_wrapper.u_cdm.mem[190][18] (+)
|-- (1)top.u_system_wrapper.u_cdm.mem[190][19] (+)
|-- (1)top.u_system_wrapper.u_cdm.mem[190][20] (+)
|-- (1)top.u_system_wrapper.u_cdm.mem[190][21] (+)
|-- (1)top.u_system_wrapper.u_cdm.mem[190][22] (+)
|-- (1)top.u_system_wrapper.u_cdm.mem[190][23] (+)
|-- (1)top.u_system_wrapper.u_cdm.mem[190][24] (+)
|-- (1)top.u_system_wrapper.u_cdm.mem[190][25] (+)
|-- (1)top.u_system_wrapper.u_cdm.mem[190][26] (+)
|-- (1)top.u_system_wrapper.u_cdm.mem[190][27] (+)
|-- (1)top.u_system_wrapper.u_cdm.mem[190][28] (+)
|-- (1)top.u_system_wrapper.u_cdm.mem[190][29] (+)
|-- (1)top.u_system_wrapper.u_cdm.mem[190][30] (+)
|-- (1)top.u_system_wrapper.u_cdm.mem[190][31] (+)
|-- (1)top.u_system_wrapper.u_cdm.mem[190][32] (+)
|-- (1)top.u_system_wrapper.u_cdm.mem[189][0] (+)
|-- (1)top.u_system_wrapper.u_cdm.mem[189][1] (+)
|-- (1)top.u_system_wrapper.u_cdm.mem[189][2] (+)
|-- (1)top.u_system_wrapper.u_cdm.mem[189][3] (+)
|-- (1)top.u_system_wrapper.u_cdm.mem[189][4] (+)
|-- (1)top.u_system_wrapper.u_cdm.mem[189][5] (+)
|-- (1)top.u_system_wrapper.u_cdm.mem[189][6] (+)
|-- (1)top.u_system_wrapper.u_cdm.mem[189][7] (+)
|-- (1)top.u_system_wrapper.u_cdm.mem[189][8] (+)
|-- (1)top.u_system_wrapper.u_cdm.mem[189][9] (+)
|-- (1)top.u_system_wrapper.u_cdm.mem[189][10] (+)
|-- (1)top.u_system_wrapper.u_cdm.mem[189][11] (+)
|-- (1)top.u_system_wrapper.u_cdm.mem[189][12] (+)
|-- (1)top.u_system_wrapper.u_cdm.mem[189][13] (+)
|-- (1)top.u_system_wrapper.u_cdm.mem[189][14] (+)
|-- (1)top.u_system_wrapper.u_cdm.mem[189][15] (+)
|-- (1)top.u_system_wrapper.u_cdm.mem[189][16] (+)
|-- (1)top.u_system_wrapper.u_cdm.mem[189][17] (+)
|-- (1)top.u_system_wrapper.u_cdm.mem[189][18] (+)
|-- (1)top.u_system_wrapper.u_cdm.mem[189][19] (+)
|-- (1)top.u_system_wrapper.u_cdm.mem[189][20] (+)
|-- (1)top.u_system_wrapper.u_cdm.mem[189][21] (+)
|-- (1)top.u_system_wrapper.u_cdm.mem[189][22] (+)
|-- (1)top.u_system_wrapper.u_cdm.mem[189][23] (+)
|-- (1)top.u_system_wrapper.u_cdm.mem[189][24] (+)
|-- (1)top.u_system_wrapper.u_cdm.mem[189][25] (+)
|-- (1)top.u_system_wrapper.u_cdm.mem[189][26] (+)
|-- (1)top.u_system_wrapper.u_cdm.mem[189][27] (+)
|-- (1)top.u_system_wrapper.u_cdm.mem[189][28] (+)
|-- (1)top.u_system_wrapper.u_cdm.mem[189][29] (+)
|-- (1)top.u_system_wrapper.u_cdm.mem[189][30] (+)
|-- (1)top.u_system_wrapper.u_cdm.mem[189][31] (+)
|-- (1)top.u_system_wrapper.u_cdm.mem[189][32] (+)
|-- (1)top.u_system_wrapper.u_cdm.mem[188][0] (+)
|-- (1)top.u_system_wrapper.u_cdm.mem[188][1] (+)
|-- (1)top.u_system_wrapper.u_cdm.mem[188][2] (+)
|-- (1)top.u_system_wrapper.u_cdm.mem[188][3] (+)
|-- (1)top.u_system_wrapper.u_cdm.mem[188][4] (+)
|-- (1)top.u_system_wrapper.u_cdm.mem[188][5] (+)
|-- (1)top.u_system_wrapper.u_cdm.mem[188][6] (+)
|-- (1)top.u_system_wrapper.u_cdm.mem[188][7] (+)
|-- (1)top.u_system_wrapper.u_cdm.mem[188][8] (+)
|-- (1)top.u_system_wrapper.u_cdm.mem[188][9] (+)
|-- (1)top.u_system_wrapper.u_cdm.mem[188][10] (+)
|-- (1)top.u_system_wrapper.u_cdm.mem[188][11] (+)
|-- (1)top.u_system_wrapper.u_cdm.mem[188][12] (+)
|-- (1)top.u_system_wrapper.u_cdm.mem[188][13] (+)
|-- (1)top.u_system_wrapper.u_cdm.mem[188][14] (+)
|-- (1)top.u_system_wrapper.u_cdm.mem[188][15] (+)
|-- (1)top.u_system_wrapper.u_cdm.mem[188][16] (+)
|-- (1)top.u_system_wrapper.u_cdm.mem[188][17] (+)
|-- (1)top.u_system_wrapper.u_cdm.mem[188][18] (+)
|-- (1)top.u_system_wrapper.u_cdm.mem[188][19] (+)
|-- (1)top.u_system_wrapper.u_cdm.mem[188][20] (+)
|-- (1)top.u_system_wrapper.u_cdm.mem[188][21] (+)
|-- (1)top.u_system_wrapper.u_cdm.mem[188][22] (+)
|-- (1)top.u_system_wrapper.u_cdm.mem[188][23] (+)
|-- (1)top.u_system_wrapper.u_cdm.mem[188][24] (+)
|-- (1)top.u_system_wrapper.u_cdm.mem[188][25] (+)
|-- (1)top.u_system_wrapper.u_cdm.mem[188][26] (+)
|-- (1)top.u_system_wrapper.u_cdm.mem[188][27] (+)
|-- (1)top.u_system_wrapper.u_cdm.mem[188][28] (+)
|-- (1)top.u_system_wrapper.u_cdm.mem[188][29] (+)
|-- (1)top.u_system_wrapper.u_cdm.mem[188][30] (+)
|-- (1)top.u_system_wrapper.u_cdm.mem[188][31] (+)
|-- (1)top.u_system_wrapper.u_cdm.mem[188][32] (+)
|-- (1)top.u_system_wrapper.u_cdm.mem[187][0] (+)
|-- (1)top.u_system_wrapper.u_cdm.mem[187][1] (+)
|-- (1)top.u_system_wrapper.u_cdm.mem[187][2] (+)
|-- (1)top.u_system_wrapper.u_cdm.mem[187][3] (+)
|-- (1)top.u_system_wrapper.u_cdm.mem[187][4] (+)
|-- (1)top.u_system_wrapper.u_cdm.mem[187][5] (+)
|-- (1)top.u_system_wrapper.u_cdm.mem[187][6] (+)
|-- (1)top.u_system_wrapper.u_cdm.mem[187][7] (+)
|-- (1)top.u_system_wrapper.u_cdm.mem[187][8] (+)
|-- (1)top.u_system_wrapper.u_cdm.mem[187][9] (+)
|-- (1)top.u_system_wrapper.u_cdm.mem[187][10] (+)
|-- (1)top.u_system_wrapper.u_cdm.mem[187][11] (+)
|-- (1)top.u_system_wrapper.u_cdm.mem[187][12] (+)
|-- (1)top.u_system_wrapper.u_cdm.mem[187][13] (+)
|-- (1)top.u_system_wrapper.u_cdm.mem[187][14] (+)
|-- (1)top.u_system_wrapper.u_cdm.mem[187][15] (+)
|-- (1)top.u_system_wrapper.u_cdm.mem[187][16] (+)
|-- (1)top.u_system_wrapper.u_cdm.mem[187][17] (+)
|-- (1)top.u_system_wrapper.u_cdm.mem[187][18] (+)
|-- (1)top.u_system_wrapper.u_cdm.mem[187][19] (+)
|-- (1)top.u_system_wrapper.u_cdm.mem[187][20] (+)
|-- (1)top.u_system_wrapper.u_cdm.mem[187][21] (+)
|-- (1)top.u_system_wrapper.u_cdm.mem[187][22] (+)
|-- (1)top.u_system_wrapper.u_cdm.mem[187][23] (+)
|-- (1)top.u_system_wrapper.u_cdm.mem[187][24] (+)
|-- (1)top.u_system_wrapper.u_cdm.mem[187][25] (+)
|-- (1)top.u_system_wrapper.u_cdm.mem[187][26] (+)
|-- (1)top.u_system_wrapper.u_cdm.mem[187][27] (+)
|-- (1)top.u_system_wrapper.u_cdm.mem[187][28] (+)
|-- (1)top.u_system_wrapper.u_cdm.mem[187][29] (+)
|-- (1)top.u_system_wrapper.u_cdm.mem[187][30] (+)
|-- (1)top.u_system_wrapper.u_cdm.mem[187][31] (+)
|-- (1)top.u_system_wrapper.u_cdm.mem[187][32] (+)
|-- (1)top.u_system_wrapper.u_cdm.mem[186][0] (+)
|-- (1)top.u_system_wrapper.u_cdm.mem[186][1] (+)
|-- (1)top.u_system_wrapper.u_cdm.mem[186][2] (+)
|-- (1)top.u_system_wrapper.u_cdm.mem[186][3] (+)
|-- (1)top.u_system_wrapper.u_cdm.mem[186][4] (+)
|-- (1)top.u_system_wrapper.u_cdm.mem[186][5] (+)
|-- (1)top.u_system_wrapper.u_cdm.mem[186][6] (+)
|-- (1)top.u_system_wrapper.u_cdm.mem[186][7] (+)
|-- (1)top.u_system_wrapper.u_cdm.mem[186][8] (+)
|-- (1)top.u_system_wrapper.u_cdm.mem[186][9] (+)
|-- (1)top.u_system_wrapper.u_cdm.mem[186][10] (+)
|-- (1)top.u_system_wrapper.u_cdm.mem[186][11] (+)
|-- (1)top.u_system_wrapper.u_cdm.mem[186][12] (+)
|-- (1)top.u_system_wrapper.u_cdm.mem[186][13] (+)
|-- (1)top.u_system_wrapper.u_cdm.mem[186][14] (+)
|-- (1)top.u_system_wrapper.u_cdm.mem[186][15] (+)
|-- (1)top.u_system_wrapper.u_cdm.mem[186][16] (+)
|-- (1)top.u_system_wrapper.u_cdm.mem[186][17] (+)
|-- (1)top.u_system_wrapper.u_cdm.mem[186][18] (+)
|-- (1)top.u_system_wrapper.u_cdm.mem[186][19] (+)
|-- (1)top.u_system_wrapper.u_cdm.mem[186][20] (+)
|-- (1)top.u_system_wrapper.u_cdm.mem[186][21] (+)
|-- (1)top.u_system_wrapper.u_cdm.mem[186][22] (+)
|-- (1)top.u_system_wrapper.u_cdm.mem[186][23] (+)
|-- (1)top.u_system_wrapper.u_cdm.mem[186][24] (+)
|-- (1)top.u_system_wrapper.u_cdm.mem[186][25] (+)
|-- (1)top.u_system_wrapper.u_cdm.mem[186][26] (+)
|-- (1)top.u_system_wrapper.u_cdm.mem[186][27] (+)
|-- (1)top.u_system_wrapper.u_cdm.mem[186][28] (+)
|-- (1)top.u_system_wrapper.u_cdm.mem[186][29] (+)
|-- (1)top.u_system_wrapper.u_cdm.mem[186][30] (+)
|-- (1)top.u_system_wrapper.u_cdm.mem[186][31] (+)
|-- (1)top.u_system_wrapper.u_cdm.mem[186][32] (+)
|-- (1)top.u_system_wrapper.u_cdm.mem[185][0] (+)
|-- (1)top.u_system_wrapper.u_cdm.mem[185][1] (+)
|-- (1)top.u_system_wrapper.u_cdm.mem[185][2] (+)
|-- (1)top.u_system_wrapper.u_cdm.mem[185][3] (+)
|-- (1)top.u_system_wrapper.u_cdm.mem[185][4] (+)
|-- (1)top.u_system_wrapper.u_cdm.mem[185][5] (+)
|-- (1)top.u_system_wrapper.u_cdm.mem[185][6] (+)
|-- (1)top.u_system_wrapper.u_cdm.mem[185][7] (+)
|-- (1)top.u_system_wrapper.u_cdm.mem[185][8] (+)
|-- (1)top.u_system_wrapper.u_cdm.mem[185][9] (+)
|-- (1)top.u_system_wrapper.u_cdm.mem[185][10] (+)
|-- (1)top.u_system_wrapper.u_cdm.mem[185][11] (+)
|-- (1)top.u_system_wrapper.u_cdm.mem[185][12] (+)
|-- (1)top.u_system_wrapper.u_cdm.mem[185][13] (+)
|-- (1)top.u_system_wrapper.u_cdm.mem[185][14] (+)
|-- (1)top.u_system_wrapper.u_cdm.mem[185][15] (+)
|-- (1)top.u_system_wrapper.u_cdm.mem[185][16] (+)
|-- (1)top.u_system_wrapper.u_cdm.mem[185][17] (+)
|-- (1)top.u_system_wrapper.u_cdm.mem[185][18] (+)
|-- (1)top.u_system_wrapper.u_cdm.mem[185][19] (+)
|-- (1)top.u_system_wrapper.u_cdm.mem[185][20] (+)
|-- (1)top.u_system_wrapper.u_cdm.mem[185][21] (+)
|-- (1)top.u_system_wrapper.u_cdm.mem[185][22] (+)
|-- (1)top.u_system_wrapper.u_cdm.mem[185][23] (+)
|-- (1)top.u_system_wrapper.u_cdm.mem[185][24] (+)
|-- (1)top.u_system_wrapper.u_cdm.mem[185][25] (+)
|-- (1)top.u_system_wrapper.u_cdm.mem[185][26] (+)
|-- (1)top.u_system_wrapper.u_cdm.mem[185][27] (+)
|-- (1)top.u_system_wrapper.u_cdm.mem[185][28] (+)
|-- (1)top.u_system_wrapper.u_cdm.mem[185][29] (+)
|-- (1)top.u_system_wrapper.u_cdm.mem[185][30] (+)
|-- (1)top.u_system_wrapper.u_cdm.mem[185][31] (+)
|-- (1)top.u_system_wrapper.u_cdm.mem[185][32] (+)
|-- (1)top.u_system_wrapper.u_cdm.mem[184][0] (+)
|-- (1)top.u_system_wrapper.u_cdm.mem[184][1] (+)
|-- (1)top.u_system_wrapper.u_cdm.mem[184][2] (+)
|-- (1)top.u_system_wrapper.u_cdm.mem[184][3] (+)
|-- (1)top.u_system_wrapper.u_cdm.mem[184][4] (+)
|-- (1)top.u_system_wrapper.u_cdm.mem[184][5] (+)
|-- (1)top.u_system_wrapper.u_cdm.mem[184][6] (+)
|-- (1)top.u_system_wrapper.u_cdm.mem[184][7] (+)
|-- (1)top.u_system_wrapper.u_cdm.mem[184][8] (+)
|-- (1)top.u_system_wrapper.u_cdm.mem[184][9] (+)
|-- (1)top.u_system_wrapper.u_cdm.mem[184][10] (+)
|-- (1)top.u_system_wrapper.u_cdm.mem[184][11] (+)
|-- (1)top.u_system_wrapper.u_cdm.mem[184][12] (+)
|-- (1)top.u_system_wrapper.u_cdm.mem[184][13] (+)
|-- (1)top.u_system_wrapper.u_cdm.mem[184][14] (+)
|-- (1)top.u_system_wrapper.u_cdm.mem[184][15] (+)
|-- (1)top.u_system_wrapper.u_cdm.mem[184][16] (+)
|-- (1)top.u_system_wrapper.u_cdm.mem[184][17] (+)
|-- (1)top.u_system_wrapper.u_cdm.mem[184][18] (+)
|-- (1)top.u_system_wrapper.u_cdm.mem[184][19] (+)
|-- (1)top.u_system_wrapper.u_cdm.mem[184][20] (+)
|-- (1)top.u_system_wrapper.u_cdm.mem[184][21] (+)
|-- (1)top.u_system_wrapper.u_cdm.mem[184][22] (+)
|-- (1)top.u_system_wrapper.u_cdm.mem[184][23] (+)
|-- (1)top.u_system_wrapper.u_cdm.mem[184][24] (+)
|-- (1)top.u_system_wrapper.u_cdm.mem[184][25] (+)
|-- (1)top.u_system_wrapper.u_cdm.mem[184][26] (+)
|-- (1)top.u_system_wrapper.u_cdm.mem[184][27] (+)
|-- (1)top.u_system_wrapper.u_cdm.mem[184][28] (+)
|-- (1)top.u_system_wrapper.u_cdm.mem[184][29] (+)
|-- (1)top.u_system_wrapper.u_cdm.mem[184][30] (+)
|-- (1)top.u_system_wrapper.u_cdm.mem[184][31] (+)
|-- (1)top.u_system_wrapper.u_cdm.mem[184][32] (+)
|-- (1)top.u_system_wrapper.u_cdm.mem[183][0] (+)
|-- (1)top.u_system_wrapper.u_cdm.mem[183][1] (+)
|-- (1)top.u_system_wrapper.u_cdm.mem[183][2] (+)
|-- (1)top.u_system_wrapper.u_cdm.mem[183][3] (+)
|-- (1)top.u_system_wrapper.u_cdm.mem[183][4] (+)
|-- (1)top.u_system_wrapper.u_cdm.mem[183][5] (+)
|-- (1)top.u_system_wrapper.u_cdm.mem[183][6] (+)
|-- (1)top.u_system_wrapper.u_cdm.mem[183][7] (+)
|-- (1)top.u_system_wrapper.u_cdm.mem[183][8] (+)
|-- (1)top.u_system_wrapper.u_cdm.mem[183][9] (+)
|-- (1)top.u_system_wrapper.u_cdm.mem[183][10] (+)
|-- (1)top.u_system_wrapper.u_cdm.mem[183][11] (+)
|-- (1)top.u_system_wrapper.u_cdm.mem[183][12] (+)
|-- (1)top.u_system_wrapper.u_cdm.mem[183][13] (+)
|-- (1)top.u_system_wrapper.u_cdm.mem[183][14] (+)
|-- (1)top.u_system_wrapper.u_cdm.mem[183][15] (+)
|-- (1)top.u_system_wrapper.u_cdm.mem[183][16] (+)
|-- (1)top.u_system_wrapper.u_cdm.mem[183][17] (+)
|-- (1)top.u_system_wrapper.u_cdm.mem[183][18] (+)
|-- (1)top.u_system_wrapper.u_cdm.mem[183][19] (+)
|-- (1)top.u_system_wrapper.u_cdm.mem[183][20] (+)
|-- (1)top.u_system_wrapper.u_cdm.mem[183][21] (+)
|-- (1)top.u_system_wrapper.u_cdm.mem[183][22] (+)
|-- (1)top.u_system_wrapper.u_cdm.mem[183][23] (+)
|-- (1)top.u_system_wrapper.u_cdm.mem[183][24] (+)
|-- (1)top.u_system_wrapper.u_cdm.mem[183][25] (+)
|-- (1)top.u_system_wrapper.u_cdm.mem[183][26] (+)
|-- (1)top.u_system_wrapper.u_cdm.mem[183][27] (+)
|-- (1)top.u_system_wrapper.u_cdm.mem[183][28] (+)
|-- (1)top.u_system_wrapper.u_cdm.mem[183][29] (+)
|-- (1)top.u_system_wrapper.u_cdm.mem[183][30] (+)
|-- (1)top.u_system_wrapper.u_cdm.mem[183][31] (+)
|-- (1)top.u_system_wrapper.u_cdm.mem[183][32] (+)
|-- (1)top.u_system_wrapper.u_cdm.mem[182][0] (+)
|-- (1)top.u_system_wrapper.u_cdm.mem[182][1] (+)
|-- (1)top.u_system_wrapper.u_cdm.mem[182][2] (+)
|-- (1)top.u_system_wrapper.u_cdm.mem[182][3] (+)
|-- (1)top.u_system_wrapper.u_cdm.mem[182][4] (+)
|-- (1)top.u_system_wrapper.u_cdm.mem[182][5] (+)
|-- (1)top.u_system_wrapper.u_cdm.mem[182][6] (+)
|-- (1)top.u_system_wrapper.u_cdm.mem[182][7] (+)
|-- (1)top.u_system_wrapper.u_cdm.mem[182][8] (+)
|-- (1)top.u_system_wrapper.u_cdm.mem[182][9] (+)
|-- (1)top.u_system_wrapper.u_cdm.mem[182][10] (+)
|-- (1)top.u_system_wrapper.u_cdm.mem[182][11] (+)
|-- (1)top.u_system_wrapper.u_cdm.mem[182][12] (+)
|-- (1)top.u_system_wrapper.u_cdm.mem[182][13] (+)
|-- (1)top.u_system_wrapper.u_cdm.mem[182][14] (+)
|-- (1)top.u_system_wrapper.u_cdm.mem[182][15] (+)
|-- (1)top.u_system_wrapper.u_cdm.mem[182][16] (+)
|-- (1)top.u_system_wrapper.u_cdm.mem[182][17] (+)
|-- (1)top.u_system_wrapper.u_cdm.mem[182][18] (+)
|-- (1)top.u_system_wrapper.u_cdm.mem[182][19] (+)
|-- (1)top.u_system_wrapper.u_cdm.mem[182][20] (+)
|-- (1)top.u_system_wrapper.u_cdm.mem[182][21] (+)
|-- (1)top.u_system_wrapper.u_cdm.mem[182][22] (+)
|-- (1)top.u_system_wrapper.u_cdm.mem[182][23] (+)
|-- (1)top.u_system_wrapper.u_cdm.mem[182][24] (+)
|-- (1)top.u_system_wrapper.u_cdm.mem[182][25] (+)
|-- (1)top.u_system_wrapper.u_cdm.mem[182][26] (+)
|-- (1)top.u_system_wrapper.u_cdm.mem[182][27] (+)
|-- (1)top.u_system_wrapper.u_cdm.mem[182][28] (+)
|-- (1)top.u_system_wrapper.u_cdm.mem[182][29] (+)
|-- (1)top.u_system_wrapper.u_cdm.mem[182][30] (+)
|-- (1)top.u_system_wrapper.u_cdm.mem[182][31] (+)
|-- (1)top.u_system_wrapper.u_cdm.mem[182][32] (+)
|-- (1)top.u_system_wrapper.u_cdm.mem[181][0] (+)
|-- (1)top.u_system_wrapper.u_cdm.mem[181][1] (+)
|-- (1)top.u_system_wrapper.u_cdm.mem[181][2] (+)
|-- (1)top.u_system_wrapper.u_cdm.mem[181][3] (+)
|-- (1)top.u_system_wrapper.u_cdm.mem[181][4] (+)
|-- (1)top.u_system_wrapper.u_cdm.mem[181][5] (+)
|-- (1)top.u_system_wrapper.u_cdm.mem[181][6] (+)
|-- (1)top.u_system_wrapper.u_cdm.mem[181][7] (+)
|-- (1)top.u_system_wrapper.u_cdm.mem[181][8] (+)
|-- (1)top.u_system_wrapper.u_cdm.mem[181][9] (+)
|-- (1)top.u_system_wrapper.u_cdm.mem[181][10] (+)
|-- (1)top.u_system_wrapper.u_cdm.mem[181][11] (+)
|-- (1)top.u_system_wrapper.u_cdm.mem[181][12] (+)
|-- (1)top.u_system_wrapper.u_cdm.mem[181][13] (+)
|-- (1)top.u_system_wrapper.u_cdm.mem[181][14] (+)
|-- (1)top.u_system_wrapper.u_cdm.mem[181][15] (+)
|-- (1)top.u_system_wrapper.u_cdm.mem[181][16] (+)
|-- (1)top.u_system_wrapper.u_cdm.mem[181][17] (+)
|-- (1)top.u_system_wrapper.u_cdm.mem[181][18] (+)
|-- (1)top.u_system_wrapper.u_cdm.mem[181][19] (+)
|-- (1)top.u_system_wrapper.u_cdm.mem[181][20] (+)
|-- (1)top.u_system_wrapper.u_cdm.mem[181][21] (+)
|-- (1)top.u_system_wrapper.u_cdm.mem[181][22] (+)
|-- (1)top.u_system_wrapper.u_cdm.mem[181][23] (+)
|-- (1)top.u_system_wrapper.u_cdm.mem[181][24] (+)
|-- (1)top.u_system_wrapper.u_cdm.mem[181][25] (+)
|-- (1)top.u_system_wrapper.u_cdm.mem[181][26] (+)
|-- (1)top.u_system_wrapper.u_cdm.mem[181][27] (+)
|-- (1)top.u_system_wrapper.u_cdm.mem[181][28] (+)
|-- (1)top.u_system_wrapper.u_cdm.mem[181][29] (+)
|-- (1)top.u_system_wrapper.u_cdm.mem[181][30] (+)
|-- (1)top.u_system_wrapper.u_cdm.mem[181][31] (+)
|-- (1)top.u_system_wrapper.u_cdm.mem[181][32] (+)
|-- (1)top.u_system_wrapper.u_cdm.mem[180][0] (+)
|-- (1)top.u_system_wrapper.u_cdm.mem[180][1] (+)
|-- (1)top.u_system_wrapper.u_cdm.mem[180][2] (+)
|-- (1)top.u_system_wrapper.u_cdm.mem[180][3] (+)
|-- (1)top.u_system_wrapper.u_cdm.mem[180][4] (+)
|-- (1)top.u_system_wrapper.u_cdm.mem[180][5] (+)
|-- (1)top.u_system_wrapper.u_cdm.mem[180][6] (+)
|-- (1)top.u_system_wrapper.u_cdm.mem[180][7] (+)
|-- (1)top.u_system_wrapper.u_cdm.mem[180][8] (+)
|-- (1)top.u_system_wrapper.u_cdm.mem[180][9] (+)
|-- (1)top.u_system_wrapper.u_cdm.mem[180][10] (+)
|-- (1)top.u_system_wrapper.u_cdm.mem[180][11] (+)
|-- (1)top.u_system_wrapper.u_cdm.mem[180][12] (+)
|-- (1)top.u_system_wrapper.u_cdm.mem[180][13] (+)
|-- (1)top.u_system_wrapper.u_cdm.mem[180][14] (+)
|-- (1)top.u_system_wrapper.u_cdm.mem[180][15] (+)
|-- (1)top.u_system_wrapper.u_cdm.mem[180][16] (+)
|-- (1)top.u_system_wrapper.u_cdm.mem[180][17] (+)
|-- (1)top.u_system_wrapper.u_cdm.mem[180][18] (+)
|-- (1)top.u_system_wrapper.u_cdm.mem[180][19] (+)
|-- (1)top.u_system_wrapper.u_cdm.mem[180][20] (+)
|-- (1)top.u_system_wrapper.u_cdm.mem[180][21] (+)
|-- (1)top.u_system_wrapper.u_cdm.mem[180][22] (+)
|-- (1)top.u_system_wrapper.u_cdm.mem[180][23] (+)
|-- (1)top.u_system_wrapper.u_cdm.mem[180][24] (+)
|-- (1)top.u_system_wrapper.u_cdm.mem[180][25] (+)
|-- (1)top.u_system_wrapper.u_cdm.mem[180][26] (+)
|-- (1)top.u_system_wrapper.u_cdm.mem[180][27] (+)
|-- (1)top.u_system_wrapper.u_cdm.mem[180][28] (+)
|-- (1)top.u_system_wrapper.u_cdm.mem[180][29] (+)
|-- (1)top.u_system_wrapper.u_cdm.mem[180][30] (+)
|-- (1)top.u_system_wrapper.u_cdm.mem[180][31] (+)
|-- (1)top.u_system_wrapper.u_cdm.mem[180][32] (+)
|-- (1)top.u_system_wrapper.u_cdm.mem[179][0] (+)
|-- (1)top.u_system_wrapper.u_cdm.mem[179][1] (+)
|-- (1)top.u_system_wrapper.u_cdm.mem[179][2] (+)
|-- (1)top.u_system_wrapper.u_cdm.mem[179][3] (+)
|-- (1)top.u_system_wrapper.u_cdm.mem[179][4] (+)
|-- (1)top.u_system_wrapper.u_cdm.mem[179][5] (+)
|-- (1)top.u_system_wrapper.u_cdm.mem[179][6] (+)
|-- (1)top.u_system_wrapper.u_cdm.mem[179][7] (+)
|-- (1)top.u_system_wrapper.u_cdm.mem[179][8] (+)
|-- (1)top.u_system_wrapper.u_cdm.mem[179][9] (+)
|-- (1)top.u_system_wrapper.u_cdm.mem[179][10] (+)
|-- (1)top.u_system_wrapper.u_cdm.mem[179][11] (+)
|-- (1)top.u_system_wrapper.u_cdm.mem[179][12] (+)
|-- (1)top.u_system_wrapper.u_cdm.mem[179][13] (+)
|-- (1)top.u_system_wrapper.u_cdm.mem[179][14] (+)
|-- (1)top.u_system_wrapper.u_cdm.mem[179][15] (+)
|-- (1)top.u_system_wrapper.u_cdm.mem[179][16] (+)
|-- (1)top.u_system_wrapper.u_cdm.mem[179][17] (+)
|-- (1)top.u_system_wrapper.u_cdm.mem[179][18] (+)
|-- (1)top.u_system_wrapper.u_cdm.mem[179][19] (+)
|-- (1)top.u_system_wrapper.u_cdm.mem[179][20] (+)
|-- (1)top.u_system_wrapper.u_cdm.mem[179][21] (+)
|-- (1)top.u_system_wrapper.u_cdm.mem[179][22] (+)
|-- (1)top.u_system_wrapper.u_cdm.mem[179][23] (+)
|-- (1)top.u_system_wrapper.u_cdm.mem[179][24] (+)
|-- (1)top.u_system_wrapper.u_cdm.mem[179][25] (+)
|-- (1)top.u_system_wrapper.u_cdm.mem[179][26] (+)
|-- (1)top.u_system_wrapper.u_cdm.mem[179][27] (+)
|-- (1)top.u_system_wrapper.u_cdm.mem[179][28] (+)
|-- (1)top.u_system_wrapper.u_cdm.mem[179][29] (+)
|-- (1)top.u_system_wrapper.u_cdm.mem[179][30] (+)
|-- (1)top.u_system_wrapper.u_cdm.mem[179][31] (+)
|-- (1)top.u_system_wrapper.u_cdm.mem[179][32] (+)
|-- (1)top.u_system_wrapper.u_cdm.mem[178][0] (+)
|-- (1)top.u_system_wrapper.u_cdm.mem[178][1] (+)
|-- (1)top.u_system_wrapper.u_cdm.mem[178][2] (+)
|-- (1)top.u_system_wrapper.u_cdm.mem[178][3] (+)
|-- (1)top.u_system_wrapper.u_cdm.mem[178][4] (+)
|-- (1)top.u_system_wrapper.u_cdm.mem[178][5] (+)
|-- (1)top.u_system_wrapper.u_cdm.mem[178][6] (+)
|-- (1)top.u_system_wrapper.u_cdm.mem[178][7] (+)
|-- (1)top.u_system_wrapper.u_cdm.mem[178][8] (+)
|-- (1)top.u_system_wrapper.u_cdm.mem[178][9] (+)
|-- (1)top.u_system_wrapper.u_cdm.mem[178][10] (+)
|-- (1)top.u_system_wrapper.u_cdm.mem[178][11] (+)
|-- (1)top.u_system_wrapper.u_cdm.mem[178][12] (+)
|-- (1)top.u_system_wrapper.u_cdm.mem[178][13] (+)
|-- (1)top.u_system_wrapper.u_cdm.mem[178][14] (+)
|-- (1)top.u_system_wrapper.u_cdm.mem[178][15] (+)
|-- (1)top.u_system_wrapper.u_cdm.mem[178][16] (+)
|-- (1)top.u_system_wrapper.u_cdm.mem[178][17] (+)
|-- (1)top.u_system_wrapper.u_cdm.mem[178][18] (+)
|-- (1)top.u_system_wrapper.u_cdm.mem[178][19] (+)
|-- (1)top.u_system_wrapper.u_cdm.mem[178][20] (+)
|-- (1)top.u_system_wrapper.u_cdm.mem[178][21] (+)
|-- (1)top.u_system_wrapper.u_cdm.mem[178][22] (+)
|-- (1)top.u_system_wrapper.u_cdm.mem[178][23] (+)
|-- (1)top.u_system_wrapper.u_cdm.mem[178][24] (+)
|-- (1)top.u_system_wrapper.u_cdm.mem[178][25] (+)
|-- (1)top.u_system_wrapper.u_cdm.mem[178][26] (+)
|-- (1)top.u_system_wrapper.u_cdm.mem[178][27] (+)
|-- (1)top.u_system_wrapper.u_cdm.mem[178][28] (+)
|-- (1)top.u_system_wrapper.u_cdm.mem[178][29] (+)
|-- (1)top.u_system_wrapper.u_cdm.mem[178][30] (+)
|-- (1)top.u_system_wrapper.u_cdm.mem[178][31] (+)
|-- (1)top.u_system_wrapper.u_cdm.mem[178][32] (+)
|-- (1)top.u_system_wrapper.u_cdm.mem[177][0] (+)
|-- (1)top.u_system_wrapper.u_cdm.mem[177][1] (+)
|-- (1)top.u_system_wrapper.u_cdm.mem[177][2] (+)
|-- (1)top.u_system_wrapper.u_cdm.mem[177][3] (+)
|-- (1)top.u_system_wrapper.u_cdm.mem[177][4] (+)
|-- (1)top.u_system_wrapper.u_cdm.mem[177][5] (+)
|-- (1)top.u_system_wrapper.u_cdm.mem[177][6] (+)
|-- (1)top.u_system_wrapper.u_cdm.mem[177][7] (+)
|-- (1)top.u_system_wrapper.u_cdm.mem[177][8] (+)
|-- (1)top.u_system_wrapper.u_cdm.mem[177][9] (+)
|-- (1)top.u_system_wrapper.u_cdm.mem[177][10] (+)
|-- (1)top.u_system_wrapper.u_cdm.mem[177][11] (+)
|-- (1)top.u_system_wrapper.u_cdm.mem[177][12] (+)
|-- (1)top.u_system_wrapper.u_cdm.mem[177][13] (+)
|-- (1)top.u_system_wrapper.u_cdm.mem[177][14] (+)
|-- (1)top.u_system_wrapper.u_cdm.mem[177][15] (+)
|-- (1)top.u_system_wrapper.u_cdm.mem[177][16] (+)
|-- (1)top.u_system_wrapper.u_cdm.mem[177][17] (+)
|-- (1)top.u_system_wrapper.u_cdm.mem[177][18] (+)
|-- (1)top.u_system_wrapper.u_cdm.mem[177][19] (+)
|-- (1)top.u_system_wrapper.u_cdm.mem[177][20] (+)
|-- (1)top.u_system_wrapper.u_cdm.mem[177][21] (+)
|-- (1)top.u_system_wrapper.u_cdm.mem[177][22] (+)
|-- (1)top.u_system_wrapper.u_cdm.mem[177][23] (+)
|-- (1)top.u_system_wrapper.u_cdm.mem[177][24] (+)
|-- (1)top.u_system_wrapper.u_cdm.mem[177][25] (+)
|-- (1)top.u_system_wrapper.u_cdm.mem[177][26] (+)
|-- (1)top.u_system_wrapper.u_cdm.mem[177][27] (+)
|-- (1)top.u_system_wrapper.u_cdm.mem[177][28] (+)
|-- (1)top.u_system_wrapper.u_cdm.mem[177][29] (+)
|-- (1)top.u_system_wrapper.u_cdm.mem[177][30] (+)
|-- (1)top.u_system_wrapper.u_cdm.mem[177][31] (+)
|-- (1)top.u_system_wrapper.u_cdm.mem[177][32] (+)
|-- (1)top.u_system_wrapper.u_cdm.mem[176][0] (+)
|-- (1)top.u_system_wrapper.u_cdm.mem[176][1] (+)
|-- (1)top.u_system_wrapper.u_cdm.mem[176][2] (+)
|-- (1)top.u_system_wrapper.u_cdm.mem[176][3] (+)
|-- (1)top.u_system_wrapper.u_cdm.mem[176][4] (+)
|-- (1)top.u_system_wrapper.u_cdm.mem[176][5] (+)
|-- (1)top.u_system_wrapper.u_cdm.mem[176][6] (+)
|-- (1)top.u_system_wrapper.u_cdm.mem[176][7] (+)
|-- (1)top.u_system_wrapper.u_cdm.mem[176][8] (+)
|-- (1)top.u_system_wrapper.u_cdm.mem[176][9] (+)
|-- (1)top.u_system_wrapper.u_cdm.mem[176][10] (+)
|-- (1)top.u_system_wrapper.u_cdm.mem[176][11] (+)
|-- (1)top.u_system_wrapper.u_cdm.mem[176][12] (+)
|-- (1)top.u_system_wrapper.u_cdm.mem[176][13] (+)
|-- (1)top.u_system_wrapper.u_cdm.mem[176][14] (+)
|-- (1)top.u_system_wrapper.u_cdm.mem[176][15] (+)
|-- (1)top.u_system_wrapper.u_cdm.mem[176][16] (+)
|-- (1)top.u_system_wrapper.u_cdm.mem[176][17] (+)
|-- (1)top.u_system_wrapper.u_cdm.mem[176][18] (+)
|-- (1)top.u_system_wrapper.u_cdm.mem[176][19] (+)
|-- (1)top.u_system_wrapper.u_cdm.mem[176][20] (+)
|-- (1)top.u_system_wrapper.u_cdm.mem[176][21] (+)
|-- (1)top.u_system_wrapper.u_cdm.mem[176][22] (+)
|-- (1)top.u_system_wrapper.u_cdm.mem[176][23] (+)
|-- (1)top.u_system_wrapper.u_cdm.mem[176][24] (+)
|-- (1)top.u_system_wrapper.u_cdm.mem[176][25] (+)
|-- (1)top.u_system_wrapper.u_cdm.mem[176][26] (+)
|-- (1)top.u_system_wrapper.u_cdm.mem[176][27] (+)
|-- (1)top.u_system_wrapper.u_cdm.mem[176][28] (+)
|-- (1)top.u_system_wrapper.u_cdm.mem[176][29] (+)
|-- (1)top.u_system_wrapper.u_cdm.mem[176][30] (+)
|-- (1)top.u_system_wrapper.u_cdm.mem[176][31] (+)
|-- (1)top.u_system_wrapper.u_cdm.mem[176][32] (+)
|-- (1)top.u_system_wrapper.u_cdm.mem[175][0] (+)
|-- (1)top.u_system_wrapper.u_cdm.mem[175][1] (+)
|-- (1)top.u_system_wrapper.u_cdm.mem[175][2] (+)
|-- (1)top.u_system_wrapper.u_cdm.mem[175][3] (+)
|-- (1)top.u_system_wrapper.u_cdm.mem[175][4] (+)
|-- (1)top.u_system_wrapper.u_cdm.mem[175][5] (+)
|-- (1)top.u_system_wrapper.u_cdm.mem[175][6] (+)
|-- (1)top.u_system_wrapper.u_cdm.mem[175][7] (+)
|-- (1)top.u_system_wrapper.u_cdm.mem[175][8] (+)
|-- (1)top.u_system_wrapper.u_cdm.mem[175][9] (+)
|-- (1)top.u_system_wrapper.u_cdm.mem[175][10] (+)
|-- (1)top.u_system_wrapper.u_cdm.mem[175][11] (+)
|-- (1)top.u_system_wrapper.u_cdm.mem[175][12] (+)
|-- (1)top.u_system_wrapper.u_cdm.mem[175][13] (+)
|-- (1)top.u_system_wrapper.u_cdm.mem[175][14] (+)
|-- (1)top.u_system_wrapper.u_cdm.mem[175][15] (+)
|-- (1)top.u_system_wrapper.u_cdm.mem[175][16] (+)
|-- (1)top.u_system_wrapper.u_cdm.mem[175][17] (+)
|-- (1)top.u_system_wrapper.u_cdm.mem[175][18] (+)
|-- (1)top.u_system_wrapper.u_cdm.mem[175][19] (+)
|-- (1)top.u_system_wrapper.u_cdm.mem[175][20] (+)
|-- (1)top.u_system_wrapper.u_cdm.mem[175][21] (+)
|-- (1)top.u_system_wrapper.u_cdm.mem[175][22] (+)
|-- (1)top.u_system_wrapper.u_cdm.mem[175][23] (+)
|-- (1)top.u_system_wrapper.u_cdm.mem[175][24] (+)
|-- (1)top.u_system_wrapper.u_cdm.mem[175][25] (+)
|-- (1)top.u_system_wrapper.u_cdm.mem[175][26] (+)
|-- (1)top.u_system_wrapper.u_cdm.mem[175][27] (+)
|-- (1)top.u_system_wrapper.u_cdm.mem[175][28] (+)
|-- (1)top.u_system_wrapper.u_cdm.mem[175][29] (+)
|-- (1)top.u_system_wrapper.u_cdm.mem[175][30] (+)
|-- (1)top.u_system_wrapper.u_cdm.mem[175][31] (+)
|-- (1)top.u_system_wrapper.u_cdm.mem[175][32] (+)
|-- (1)top.u_system_wrapper.u_cdm.mem[174][0] (+)
|-- (1)top.u_system_wrapper.u_cdm.mem[174][1] (+)
|-- (1)top.u_system_wrapper.u_cdm.mem[174][2] (+)
|-- (1)top.u_system_wrapper.u_cdm.mem[174][3] (+)
|-- (1)top.u_system_wrapper.u_cdm.mem[174][4] (+)
|-- (1)top.u_system_wrapper.u_cdm.mem[174][5] (+)
|-- (1)top.u_system_wrapper.u_cdm.mem[174][6] (+)
|-- (1)top.u_system_wrapper.u_cdm.mem[174][7] (+)
|-- (1)top.u_system_wrapper.u_cdm.mem[174][8] (+)
|-- (1)top.u_system_wrapper.u_cdm.mem[174][9] (+)
|-- (1)top.u_system_wrapper.u_cdm.mem[174][10] (+)
|-- (1)top.u_system_wrapper.u_cdm.mem[174][11] (+)
|-- (1)top.u_system_wrapper.u_cdm.mem[174][12] (+)
|-- (1)top.u_system_wrapper.u_cdm.mem[174][13] (+)
|-- (1)top.u_system_wrapper.u_cdm.mem[174][14] (+)
|-- (1)top.u_system_wrapper.u_cdm.mem[174][15] (+)
|-- (1)top.u_system_wrapper.u_cdm.mem[174][16] (+)
|-- (1)top.u_system_wrapper.u_cdm.mem[174][17] (+)
|-- (1)top.u_system_wrapper.u_cdm.mem[174][18] (+)
|-- (1)top.u_system_wrapper.u_cdm.mem[174][19] (+)
|-- (1)top.u_system_wrapper.u_cdm.mem[174][20] (+)
|-- (1)top.u_system_wrapper.u_cdm.mem[174][21] (+)
|-- (1)top.u_system_wrapper.u_cdm.mem[174][22] (+)
|-- (1)top.u_system_wrapper.u_cdm.mem[174][23] (+)
|-- (1)top.u_system_wrapper.u_cdm.mem[174][24] (+)
|-- (1)top.u_system_wrapper.u_cdm.mem[174][25] (+)
|-- (1)top.u_system_wrapper.u_cdm.mem[174][26] (+)
|-- (1)top.u_system_wrapper.u_cdm.mem[174][27] (+)
|-- (1)top.u_system_wrapper.u_cdm.mem[174][28] (+)
|-- (1)top.u_system_wrapper.u_cdm.mem[174][29] (+)
|-- (1)top.u_system_wrapper.u_cdm.mem[174][30] (+)
|-- (1)top.u_system_wrapper.u_cdm.mem[174][31] (+)
|-- (1)top.u_system_wrapper.u_cdm.mem[174][32] (+)
|-- (1)top.u_system_wrapper.u_cdm.mem[173][0] (+)
|-- (1)top.u_system_wrapper.u_cdm.mem[173][1] (+)
|-- (1)top.u_system_wrapper.u_cdm.mem[173][2] (+)
|-- (1)top.u_system_wrapper.u_cdm.mem[173][3] (+)
|-- (1)top.u_system_wrapper.u_cdm.mem[173][4] (+)
|-- (1)top.u_system_wrapper.u_cdm.mem[173][5] (+)
|-- (1)top.u_system_wrapper.u_cdm.mem[173][6] (+)
|-- (1)top.u_system_wrapper.u_cdm.mem[173][7] (+)
|-- (1)top.u_system_wrapper.u_cdm.mem[173][8] (+)
|-- (1)top.u_system_wrapper.u_cdm.mem[173][9] (+)
|-- (1)top.u_system_wrapper.u_cdm.mem[173][10] (+)
|-- (1)top.u_system_wrapper.u_cdm.mem[173][11] (+)
|-- (1)top.u_system_wrapper.u_cdm.mem[173][12] (+)
|-- (1)top.u_system_wrapper.u_cdm.mem[173][13] (+)
|-- (1)top.u_system_wrapper.u_cdm.mem[173][14] (+)
|-- (1)top.u_system_wrapper.u_cdm.mem[173][15] (+)
|-- (1)top.u_system_wrapper.u_cdm.mem[173][16] (+)
|-- (1)top.u_system_wrapper.u_cdm.mem[173][17] (+)
|-- (1)top.u_system_wrapper.u_cdm.mem[173][18] (+)
|-- (1)top.u_system_wrapper.u_cdm.mem[173][19] (+)
|-- (1)top.u_system_wrapper.u_cdm.mem[173][20] (+)
|-- (1)top.u_system_wrapper.u_cdm.mem[173][21] (+)
|-- (1)top.u_system_wrapper.u_cdm.mem[173][22] (+)
|-- (1)top.u_system_wrapper.u_cdm.mem[173][23] (+)
|-- (1)top.u_system_wrapper.u_cdm.mem[173][24] (+)
|-- (1)top.u_system_wrapper.u_cdm.mem[173][25] (+)
|-- (1)top.u_system_wrapper.u_cdm.mem[173][26] (+)
|-- (1)top.u_system_wrapper.u_cdm.mem[173][27] (+)
|-- (1)top.u_system_wrapper.u_cdm.mem[173][28] (+)
|-- (1)top.u_system_wrapper.u_cdm.mem[173][29] (+)
|-- (1)top.u_system_wrapper.u_cdm.mem[173][30] (+)
|-- (1)top.u_system_wrapper.u_cdm.mem[173][31] (+)
|-- (1)top.u_system_wrapper.u_cdm.mem[173][32] (+)
|-- (1)top.u_system_wrapper.u_cdm.mem[172][0] (+)
|-- (1)top.u_system_wrapper.u_cdm.mem[172][1] (+)
|-- (1)top.u_system_wrapper.u_cdm.mem[172][2] (+)
|-- (1)top.u_system_wrapper.u_cdm.mem[172][3] (+)
|-- (1)top.u_system_wrapper.u_cdm.mem[172][4] (+)
|-- (1)top.u_system_wrapper.u_cdm.mem[172][5] (+)
|-- (1)top.u_system_wrapper.u_cdm.mem[172][6] (+)
|-- (1)top.u_system_wrapper.u_cdm.mem[172][7] (+)
|-- (1)top.u_system_wrapper.u_cdm.mem[172][8] (+)
|-- (1)top.u_system_wrapper.u_cdm.mem[172][9] (+)
|-- (1)top.u_system_wrapper.u_cdm.mem[172][10] (+)
|-- (1)top.u_system_wrapper.u_cdm.mem[172][11] (+)
|-- (1)top.u_system_wrapper.u_cdm.mem[172][12] (+)
|-- (1)top.u_system_wrapper.u_cdm.mem[172][13] (+)
|-- (1)top.u_system_wrapper.u_cdm.mem[172][14] (+)
|-- (1)top.u_system_wrapper.u_cdm.mem[172][15] (+)
|-- (1)top.u_system_wrapper.u_cdm.mem[172][16] (+)
|-- (1)top.u_system_wrapper.u_cdm.mem[172][17] (+)
|-- (1)top.u_system_wrapper.u_cdm.mem[172][18] (+)
|-- (1)top.u_system_wrapper.u_cdm.mem[172][19] (+)
|-- (1)top.u_system_wrapper.u_cdm.mem[172][20] (+)
|-- (1)top.u_system_wrapper.u_cdm.mem[172][21] (+)
|-- (1)top.u_system_wrapper.u_cdm.mem[172][22] (+)
|-- (1)top.u_system_wrapper.u_cdm.mem[172][23] (+)
|-- (1)top.u_system_wrapper.u_cdm.mem[172][24] (+)
|-- (1)top.u_system_wrapper.u_cdm.mem[172][25] (+)
|-- (1)top.u_system_wrapper.u_cdm.mem[172][26] (+)
|-- (1)top.u_system_wrapper.u_cdm.mem[172][27] (+)
|-- (1)top.u_system_wrapper.u_cdm.mem[172][28] (+)
|-- (1)top.u_system_wrapper.u_cdm.mem[172][29] (+)
|-- (1)top.u_system_wrapper.u_cdm.mem[172][30] (+)
|-- (1)top.u_system_wrapper.u_cdm.mem[172][31] (+)
|-- (1)top.u_system_wrapper.u_cdm.mem[172][32] (+)
|-- (1)top.u_system_wrapper.u_cdm.mem[171][0] (+)
|-- (1)top.u_system_wrapper.u_cdm.mem[171][1] (+)
|-- (1)top.u_system_wrapper.u_cdm.mem[171][2] (+)
|-- (1)top.u_system_wrapper.u_cdm.mem[171][3] (+)
|-- (1)top.u_system_wrapper.u_cdm.mem[171][4] (+)
|-- (1)top.u_system_wrapper.u_cdm.mem[171][5] (+)
|-- (1)top.u_system_wrapper.u_cdm.mem[171][6] (+)
|-- (1)top.u_system_wrapper.u_cdm.mem[171][7] (+)
|-- (1)top.u_system_wrapper.u_cdm.mem[171][8] (+)
|-- (1)top.u_system_wrapper.u_cdm.mem[171][9] (+)
|-- (1)top.u_system_wrapper.u_cdm.mem[171][10] (+)
|-- (1)top.u_system_wrapper.u_cdm.mem[171][11] (+)
|-- (1)top.u_system_wrapper.u_cdm.mem[171][12] (+)
|-- (1)top.u_system_wrapper.u_cdm.mem[171][13] (+)
|-- (1)top.u_system_wrapper.u_cdm.mem[171][14] (+)
|-- (1)top.u_system_wrapper.u_cdm.mem[171][15] (+)
|-- (1)top.u_system_wrapper.u_cdm.mem[171][16] (+)
|-- (1)top.u_system_wrapper.u_cdm.mem[171][17] (+)
|-- (1)top.u_system_wrapper.u_cdm.mem[171][18] (+)
|-- (1)top.u_system_wrapper.u_cdm.mem[171][19] (+)
|-- (1)top.u_system_wrapper.u_cdm.mem[171][20] (+)
|-- (1)top.u_system_wrapper.u_cdm.mem[171][21] (+)
|-- (1)top.u_system_wrapper.u_cdm.mem[171][22] (+)
|-- (1)top.u_system_wrapper.u_cdm.mem[171][23] (+)
|-- (1)top.u_system_wrapper.u_cdm.mem[171][24] (+)
|-- (1)top.u_system_wrapper.u_cdm.mem[171][25] (+)
|-- (1)top.u_system_wrapper.u_cdm.mem[171][26] (+)
|-- (1)top.u_system_wrapper.u_cdm.mem[171][27] (+)
|-- (1)top.u_system_wrapper.u_cdm.mem[171][28] (+)
|-- (1)top.u_system_wrapper.u_cdm.mem[171][29] (+)
|-- (1)top.u_system_wrapper.u_cdm.mem[171][30] (+)
|-- (1)top.u_system_wrapper.u_cdm.mem[171][31] (+)
|-- (1)top.u_system_wrapper.u_cdm.mem[171][32] (+)
|-- (1)top.u_system_wrapper.u_cdm.mem[170][0] (+)
|-- (1)top.u_system_wrapper.u_cdm.mem[170][1] (+)
|-- (1)top.u_system_wrapper.u_cdm.mem[170][2] (+)
|-- (1)top.u_system_wrapper.u_cdm.mem[170][3] (+)
|-- (1)top.u_system_wrapper.u_cdm.mem[170][4] (+)
|-- (1)top.u_system_wrapper.u_cdm.mem[170][5] (+)
|-- (1)top.u_system_wrapper.u_cdm.mem[170][6] (+)
|-- (1)top.u_system_wrapper.u_cdm.mem[170][7] (+)
|-- (1)top.u_system_wrapper.u_cdm.mem[170][8] (+)
|-- (1)top.u_system_wrapper.u_cdm.mem[170][9] (+)
|-- (1)top.u_system_wrapper.u_cdm.mem[170][10] (+)
|-- (1)top.u_system_wrapper.u_cdm.mem[170][11] (+)
|-- (1)top.u_system_wrapper.u_cdm.mem[170][12] (+)
|-- (1)top.u_system_wrapper.u_cdm.mem[170][13] (+)
|-- (1)top.u_system_wrapper.u_cdm.mem[170][14] (+)
|-- (1)top.u_system_wrapper.u_cdm.mem[170][15] (+)
|-- (1)top.u_system_wrapper.u_cdm.mem[170][16] (+)
|-- (1)top.u_system_wrapper.u_cdm.mem[170][17] (+)
|-- (1)top.u_system_wrapper.u_cdm.mem[170][18] (+)
|-- (1)top.u_system_wrapper.u_cdm.mem[170][19] (+)
|-- (1)top.u_system_wrapper.u_cdm.mem[170][20] (+)
|-- (1)top.u_system_wrapper.u_cdm.mem[170][21] (+)
|-- (1)top.u_system_wrapper.u_cdm.mem[170][22] (+)
|-- (1)top.u_system_wrapper.u_cdm.mem[170][23] (+)
|-- (1)top.u_system_wrapper.u_cdm.mem[170][24] (+)
|-- (1)top.u_system_wrapper.u_cdm.mem[170][25] (+)
|-- (1)top.u_system_wrapper.u_cdm.mem[170][26] (+)
|-- (1)top.u_system_wrapper.u_cdm.mem[170][27] (+)
|-- (1)top.u_system_wrapper.u_cdm.mem[170][28] (+)
|-- (1)top.u_system_wrapper.u_cdm.mem[170][29] (+)
|-- (1)top.u_system_wrapper.u_cdm.mem[170][30] (+)
|-- (1)top.u_system_wrapper.u_cdm.mem[170][31] (+)
|-- (1)top.u_system_wrapper.u_cdm.mem[170][32] (+)
|-- (1)top.u_system_wrapper.u_cdm.mem[169][0] (+)
|-- (1)top.u_system_wrapper.u_cdm.mem[169][1] (+)
|-- (1)top.u_system_wrapper.u_cdm.mem[169][2] (+)
|-- (1)top.u_system_wrapper.u_cdm.mem[169][3] (+)
|-- (1)top.u_system_wrapper.u_cdm.mem[169][4] (+)
|-- (1)top.u_system_wrapper.u_cdm.mem[169][5] (+)
|-- (1)top.u_system_wrapper.u_cdm.mem[169][6] (+)
|-- (1)top.u_system_wrapper.u_cdm.mem[169][7] (+)
|-- (1)top.u_system_wrapper.u_cdm.mem[169][8] (+)
|-- (1)top.u_system_wrapper.u_cdm.mem[169][9] (+)
|-- (1)top.u_system_wrapper.u_cdm.mem[169][10] (+)
|-- (1)top.u_system_wrapper.u_cdm.mem[169][11] (+)
|-- (1)top.u_system_wrapper.u_cdm.mem[169][12] (+)
|-- (1)top.u_system_wrapper.u_cdm.mem[169][13] (+)
|-- (1)top.u_system_wrapper.u_cdm.mem[169][14] (+)
|-- (1)top.u_system_wrapper.u_cdm.mem[169][15] (+)
|-- (1)top.u_system_wrapper.u_cdm.mem[169][16] (+)
|-- (1)top.u_system_wrapper.u_cdm.mem[169][17] (+)
|-- (1)top.u_system_wrapper.u_cdm.mem[169][18] (+)
|-- (1)top.u_system_wrapper.u_cdm.mem[169][19] (+)
|-- (1)top.u_system_wrapper.u_cdm.mem[169][20] (+)
|-- (1)top.u_system_wrapper.u_cdm.mem[169][21] (+)
|-- (1)top.u_system_wrapper.u_cdm.mem[169][22] (+)
|-- (1)top.u_system_wrapper.u_cdm.mem[169][23] (+)
|-- (1)top.u_system_wrapper.u_cdm.mem[169][24] (+)
|-- (1)top.u_system_wrapper.u_cdm.mem[169][25] (+)
|-- (1)top.u_system_wrapper.u_cdm.mem[169][26] (+)
|-- (1)top.u_system_wrapper.u_cdm.mem[169][27] (+)
|-- (1)top.u_system_wrapper.u_cdm.mem[169][28] (+)
|-- (1)top.u_system_wrapper.u_cdm.mem[169][29] (+)
|-- (1)top.u_system_wrapper.u_cdm.mem[169][30] (+)
|-- (1)top.u_system_wrapper.u_cdm.mem[169][31] (+)
|-- (1)top.u_system_wrapper.u_cdm.mem[169][32] (+)
|-- (1)top.u_system_wrapper.u_cdm.mem[168][0] (+)
|-- (1)top.u_system_wrapper.u_cdm.mem[168][1] (+)
|-- (1)top.u_system_wrapper.u_cdm.mem[168][2] (+)
|-- (1)top.u_system_wrapper.u_cdm.mem[168][3] (+)
|-- (1)top.u_system_wrapper.u_cdm.mem[168][4] (+)
|-- (1)top.u_system_wrapper.u_cdm.mem[168][5] (+)
|-- (1)top.u_system_wrapper.u_cdm.mem[168][6] (+)
|-- (1)top.u_system_wrapper.u_cdm.mem[168][7] (+)
|-- (1)top.u_system_wrapper.u_cdm.mem[168][8] (+)
|-- (1)top.u_system_wrapper.u_cdm.mem[168][9] (+)
|-- (1)top.u_system_wrapper.u_cdm.mem[168][10] (+)
|-- (1)top.u_system_wrapper.u_cdm.mem[168][11] (+)
|-- (1)top.u_system_wrapper.u_cdm.mem[168][12] (+)
|-- (1)top.u_system_wrapper.u_cdm.mem[168][13] (+)
|-- (1)top.u_system_wrapper.u_cdm.mem[168][14] (+)
|-- (1)top.u_system_wrapper.u_cdm.mem[168][15] (+)
|-- (1)top.u_system_wrapper.u_cdm.mem[168][16] (+)
|-- (1)top.u_system_wrapper.u_cdm.mem[168][17] (+)
|-- (1)top.u_system_wrapper.u_cdm.mem[168][18] (+)
|-- (1)top.u_system_wrapper.u_cdm.mem[168][19] (+)
|-- (1)top.u_system_wrapper.u_cdm.mem[168][20] (+)
|-- (1)top.u_system_wrapper.u_cdm.mem[168][21] (+)
|-- (1)top.u_system_wrapper.u_cdm.mem[168][22] (+)
|-- (1)top.u_system_wrapper.u_cdm.mem[168][23] (+)
|-- (1)top.u_system_wrapper.u_cdm.mem[168][24] (+)
|-- (1)top.u_system_wrapper.u_cdm.mem[168][25] (+)
|-- (1)top.u_system_wrapper.u_cdm.mem[168][26] (+)
|-- (1)top.u_system_wrapper.u_cdm.mem[168][27] (+)
|-- (1)top.u_system_wrapper.u_cdm.mem[168][28] (+)
|-- (1)top.u_system_wrapper.u_cdm.mem[168][29] (+)
|-- (1)top.u_system_wrapper.u_cdm.mem[168][30] (+)
|-- (1)top.u_system_wrapper.u_cdm.mem[168][31] (+)
|-- (1)top.u_system_wrapper.u_cdm.mem[168][32] (+)
|-- (1)top.u_system_wrapper.u_cdm.mem[167][0] (+)
|-- (1)top.u_system_wrapper.u_cdm.mem[167][1] (+)
|-- (1)top.u_system_wrapper.u_cdm.mem[167][2] (+)
|-- (1)top.u_system_wrapper.u_cdm.mem[167][3] (+)
|-- (1)top.u_system_wrapper.u_cdm.mem[167][4] (+)
|-- (1)top.u_system_wrapper.u_cdm.mem[167][5] (+)
|-- (1)top.u_system_wrapper.u_cdm.mem[167][6] (+)
|-- (1)top.u_system_wrapper.u_cdm.mem[167][7] (+)
|-- (1)top.u_system_wrapper.u_cdm.mem[167][8] (+)
|-- (1)top.u_system_wrapper.u_cdm.mem[167][9] (+)
|-- (1)top.u_system_wrapper.u_cdm.mem[167][10] (+)
|-- (1)top.u_system_wrapper.u_cdm.mem[167][11] (+)
|-- (1)top.u_system_wrapper.u_cdm.mem[167][12] (+)
|-- (1)top.u_system_wrapper.u_cdm.mem[167][13] (+)
|-- (1)top.u_system_wrapper.u_cdm.mem[167][14] (+)
|-- (1)top.u_system_wrapper.u_cdm.mem[167][15] (+)
|-- (1)top.u_system_wrapper.u_cdm.mem[167][16] (+)
|-- (1)top.u_system_wrapper.u_cdm.mem[167][17] (+)
|-- (1)top.u_system_wrapper.u_cdm.mem[167][18] (+)
|-- (1)top.u_system_wrapper.u_cdm.mem[167][19] (+)
|-- (1)top.u_system_wrapper.u_cdm.mem[167][20] (+)
|-- (1)top.u_system_wrapper.u_cdm.mem[167][21] (+)
|-- (1)top.u_system_wrapper.u_cdm.mem[167][22] (+)
|-- (1)top.u_system_wrapper.u_cdm.mem[167][23] (+)
|-- (1)top.u_system_wrapper.u_cdm.mem[167][24] (+)
|-- (1)top.u_system_wrapper.u_cdm.mem[167][25] (+)
|-- (1)top.u_system_wrapper.u_cdm.mem[167][26] (+)
|-- (1)top.u_system_wrapper.u_cdm.mem[167][27] (+)
|-- (1)top.u_system_wrapper.u_cdm.mem[167][28] (+)
|-- (1)top.u_system_wrapper.u_cdm.mem[167][29] (+)
|-- (1)top.u_system_wrapper.u_cdm.mem[167][30] (+)
|-- (1)top.u_system_wrapper.u_cdm.mem[167][31] (+)
|-- (1)top.u_system_wrapper.u_cdm.mem[167][32] (+)
|-- (1)top.u_system_wrapper.u_cdm.mem[166][0] (+)
|-- (1)top.u_system_wrapper.u_cdm.mem[166][1] (+)
|-- (1)top.u_system_wrapper.u_cdm.mem[166][2] (+)
|-- (1)top.u_system_wrapper.u_cdm.mem[166][3] (+)
|-- (1)top.u_system_wrapper.u_cdm.mem[166][4] (+)
|-- (1)top.u_system_wrapper.u_cdm.mem[166][5] (+)
|-- (1)top.u_system_wrapper.u_cdm.mem[166][6] (+)
|-- (1)top.u_system_wrapper.u_cdm.mem[166][7] (+)
|-- (1)top.u_system_wrapper.u_cdm.mem[166][8] (+)
|-- (1)top.u_system_wrapper.u_cdm.mem[166][9] (+)
|-- (1)top.u_system_wrapper.u_cdm.mem[166][10] (+)
|-- (1)top.u_system_wrapper.u_cdm.mem[166][11] (+)
|-- (1)top.u_system_wrapper.u_cdm.mem[166][12] (+)
|-- (1)top.u_system_wrapper.u_cdm.mem[166][13] (+)
|-- (1)top.u_system_wrapper.u_cdm.mem[166][14] (+)
|-- (1)top.u_system_wrapper.u_cdm.mem[166][15] (+)
|-- (1)top.u_system_wrapper.u_cdm.mem[166][16] (+)
|-- (1)top.u_system_wrapper.u_cdm.mem[166][17] (+)
|-- (1)top.u_system_wrapper.u_cdm.mem[166][18] (+)
|-- (1)top.u_system_wrapper.u_cdm.mem[166][19] (+)
|-- (1)top.u_system_wrapper.u_cdm.mem[166][20] (+)
|-- (1)top.u_system_wrapper.u_cdm.mem[166][21] (+)
|-- (1)top.u_system_wrapper.u_cdm.mem[166][22] (+)
|-- (1)top.u_system_wrapper.u_cdm.mem[166][23] (+)
|-- (1)top.u_system_wrapper.u_cdm.mem[166][24] (+)
|-- (1)top.u_system_wrapper.u_cdm.mem[166][25] (+)
|-- (1)top.u_system_wrapper.u_cdm.mem[166][26] (+)
|-- (1)top.u_system_wrapper.u_cdm.mem[166][27] (+)
|-- (1)top.u_system_wrapper.u_cdm.mem[166][28] (+)
|-- (1)top.u_system_wrapper.u_cdm.mem[166][29] (+)
|-- (1)top.u_system_wrapper.u_cdm.mem[166][30] (+)
|-- (1)top.u_system_wrapper.u_cdm.mem[166][31] (+)
|-- (1)top.u_system_wrapper.u_cdm.mem[166][32] (+)
|-- (1)top.u_system_wrapper.u_cdm.mem[165][0] (+)
|-- (1)top.u_system_wrapper.u_cdm.mem[165][1] (+)
|-- (1)top.u_system_wrapper.u_cdm.mem[165][2] (+)
|-- (1)top.u_system_wrapper.u_cdm.mem[165][3] (+)
|-- (1)top.u_system_wrapper.u_cdm.mem[165][4] (+)
|-- (1)top.u_system_wrapper.u_cdm.mem[165][5] (+)
|-- (1)top.u_system_wrapper.u_cdm.mem[165][6] (+)
|-- (1)top.u_system_wrapper.u_cdm.mem[165][7] (+)
|-- (1)top.u_system_wrapper.u_cdm.mem[165][8] (+)
|-- (1)top.u_system_wrapper.u_cdm.mem[165][9] (+)
|-- (1)top.u_system_wrapper.u_cdm.mem[165][10] (+)
|-- (1)top.u_system_wrapper.u_cdm.mem[165][11] (+)
|-- (1)top.u_system_wrapper.u_cdm.mem[165][12] (+)
|-- (1)top.u_system_wrapper.u_cdm.mem[165][13] (+)
|-- (1)top.u_system_wrapper.u_cdm.mem[165][14] (+)
|-- (1)top.u_system_wrapper.u_cdm.mem[165][15] (+)
|-- (1)top.u_system_wrapper.u_cdm.mem[165][16] (+)
|-- (1)top.u_system_wrapper.u_cdm.mem[165][17] (+)
|-- (1)top.u_system_wrapper.u_cdm.mem[165][18] (+)
|-- (1)top.u_system_wrapper.u_cdm.mem[165][19] (+)
|-- (1)top.u_system_wrapper.u_cdm.mem[165][20] (+)
|-- (1)top.u_system_wrapper.u_cdm.mem[165][21] (+)
|-- (1)top.u_system_wrapper.u_cdm.mem[165][22] (+)
|-- (1)top.u_system_wrapper.u_cdm.mem[165][23] (+)
|-- (1)top.u_system_wrapper.u_cdm.mem[165][24] (+)
|-- (1)top.u_system_wrapper.u_cdm.mem[165][25] (+)
|-- (1)top.u_system_wrapper.u_cdm.mem[165][26] (+)
|-- (1)top.u_system_wrapper.u_cdm.mem[165][27] (+)
|-- (1)top.u_system_wrapper.u_cdm.mem[165][28] (+)
|-- (1)top.u_system_wrapper.u_cdm.mem[165][29] (+)
|-- (1)top.u_system_wrapper.u_cdm.mem[165][30] (+)
|-- (1)top.u_system_wrapper.u_cdm.mem[165][31] (+)
|-- (1)top.u_system_wrapper.u_cdm.mem[165][32] (+)
|-- (1)top.u_system_wrapper.u_cdm.mem[164][0] (+)
|-- (1)top.u_system_wrapper.u_cdm.mem[164][1] (+)
|-- (1)top.u_system_wrapper.u_cdm.mem[164][2] (+)
|-- (1)top.u_system_wrapper.u_cdm.mem[164][3] (+)
|-- (1)top.u_system_wrapper.u_cdm.mem[164][4] (+)
|-- (1)top.u_system_wrapper.u_cdm.mem[164][5] (+)
|-- (1)top.u_system_wrapper.u_cdm.mem[164][6] (+)
|-- (1)top.u_system_wrapper.u_cdm.mem[164][7] (+)
|-- (1)top.u_system_wrapper.u_cdm.mem[164][8] (+)
|-- (1)top.u_system_wrapper.u_cdm.mem[164][9] (+)
|-- (1)top.u_system_wrapper.u_cdm.mem[164][10] (+)
|-- (1)top.u_system_wrapper.u_cdm.mem[164][11] (+)
|-- (1)top.u_system_wrapper.u_cdm.mem[164][12] (+)
|-- (1)top.u_system_wrapper.u_cdm.mem[164][13] (+)
|-- (1)top.u_system_wrapper.u_cdm.mem[164][14] (+)
|-- (1)top.u_system_wrapper.u_cdm.mem[164][15] (+)
|-- (1)top.u_system_wrapper.u_cdm.mem[164][16] (+)
|-- (1)top.u_system_wrapper.u_cdm.mem[164][17] (+)
|-- (1)top.u_system_wrapper.u_cdm.mem[164][18] (+)
|-- (1)top.u_system_wrapper.u_cdm.mem[164][19] (+)
|-- (1)top.u_system_wrapper.u_cdm.mem[164][20] (+)
|-- (1)top.u_system_wrapper.u_cdm.mem[164][21] (+)
|-- (1)top.u_system_wrapper.u_cdm.mem[164][22] (+)
|-- (1)top.u_system_wrapper.u_cdm.mem[164][23] (+)
|-- (1)top.u_system_wrapper.u_cdm.mem[164][24] (+)
|-- (1)top.u_system_wrapper.u_cdm.mem[164][25] (+)
|-- (1)top.u_system_wrapper.u_cdm.mem[164][26] (+)
|-- (1)top.u_system_wrapper.u_cdm.mem[164][27] (+)
|-- (1)top.u_system_wrapper.u_cdm.mem[164][28] (+)
|-- (1)top.u_system_wrapper.u_cdm.mem[164][29] (+)
|-- (1)top.u_system_wrapper.u_cdm.mem[164][30] (+)
|-- (1)top.u_system_wrapper.u_cdm.mem[164][31] (+)
|-- (1)top.u_system_wrapper.u_cdm.mem[164][32] (+)
|-- (1)top.u_system_wrapper.u_cdm.mem[163][0] (+)
|-- (1)top.u_system_wrapper.u_cdm.mem[163][1] (+)
|-- (1)top.u_system_wrapper.u_cdm.mem[163][2] (+)
|-- (1)top.u_system_wrapper.u_cdm.mem[163][3] (+)
|-- (1)top.u_system_wrapper.u_cdm.mem[163][4] (+)
|-- (1)top.u_system_wrapper.u_cdm.mem[163][5] (+)
|-- (1)top.u_system_wrapper.u_cdm.mem[163][6] (+)
|-- (1)top.u_system_wrapper.u_cdm.mem[163][7] (+)
|-- (1)top.u_system_wrapper.u_cdm.mem[163][8] (+)
|-- (1)top.u_system_wrapper.u_cdm.mem[163][9] (+)
|-- (1)top.u_system_wrapper.u_cdm.mem[163][10] (+)
|-- (1)top.u_system_wrapper.u_cdm.mem[163][11] (+)
|-- (1)top.u_system_wrapper.u_cdm.mem[163][12] (+)
|-- (1)top.u_system_wrapper.u_cdm.mem[163][13] (+)
|-- (1)top.u_system_wrapper.u_cdm.mem[163][14] (+)
|-- (1)top.u_system_wrapper.u_cdm.mem[163][15] (+)
|-- (1)top.u_system_wrapper.u_cdm.mem[163][16] (+)
|-- (1)top.u_system_wrapper.u_cdm.mem[163][17] (+)
|-- (1)top.u_system_wrapper.u_cdm.mem[163][18] (+)
|-- (1)top.u_system_wrapper.u_cdm.mem[163][19] (+)
|-- (1)top.u_system_wrapper.u_cdm.mem[163][20] (+)
|-- (1)top.u_system_wrapper.u_cdm.mem[163][21] (+)
|-- (1)top.u_system_wrapper.u_cdm.mem[163][22] (+)
|-- (1)top.u_system_wrapper.u_cdm.mem[163][23] (+)
|-- (1)top.u_system_wrapper.u_cdm.mem[163][24] (+)
|-- (1)top.u_system_wrapper.u_cdm.mem[163][25] (+)
|-- (1)top.u_system_wrapper.u_cdm.mem[163][26] (+)
|-- (1)top.u_system_wrapper.u_cdm.mem[163][27] (+)
|-- (1)top.u_system_wrapper.u_cdm.mem[163][28] (+)
|-- (1)top.u_system_wrapper.u_cdm.mem[163][29] (+)
|-- (1)top.u_system_wrapper.u_cdm.mem[163][30] (+)
|-- (1)top.u_system_wrapper.u_cdm.mem[163][31] (+)
|-- (1)top.u_system_wrapper.u_cdm.mem[163][32] (+)
|-- (1)top.u_system_wrapper.u_cdm.mem[162][0] (+)
|-- (1)top.u_system_wrapper.u_cdm.mem[162][1] (+)
|-- (1)top.u_system_wrapper.u_cdm.mem[162][2] (+)
|-- (1)top.u_system_wrapper.u_cdm.mem[162][3] (+)
|-- (1)top.u_system_wrapper.u_cdm.mem[162][4] (+)
|-- (1)top.u_system_wrapper.u_cdm.mem[162][5] (+)
|-- (1)top.u_system_wrapper.u_cdm.mem[162][6] (+)
|-- (1)top.u_system_wrapper.u_cdm.mem[162][7] (+)
|-- (1)top.u_system_wrapper.u_cdm.mem[162][8] (+)
|-- (1)top.u_system_wrapper.u_cdm.mem[162][9] (+)
|-- (1)top.u_system_wrapper.u_cdm.mem[162][10] (+)
|-- (1)top.u_system_wrapper.u_cdm.mem[162][11] (+)
|-- (1)top.u_system_wrapper.u_cdm.mem[162][12] (+)
|-- (1)top.u_system_wrapper.u_cdm.mem[162][13] (+)
|-- (1)top.u_system_wrapper.u_cdm.mem[162][14] (+)
|-- (1)top.u_system_wrapper.u_cdm.mem[162][15] (+)
|-- (1)top.u_system_wrapper.u_cdm.mem[162][16] (+)
|-- (1)top.u_system_wrapper.u_cdm.mem[162][17] (+)
|-- (1)top.u_system_wrapper.u_cdm.mem[162][18] (+)
|-- (1)top.u_system_wrapper.u_cdm.mem[162][19] (+)
|-- (1)top.u_system_wrapper.u_cdm.mem[162][20] (+)
|-- (1)top.u_system_wrapper.u_cdm.mem[162][21] (+)
|-- (1)top.u_system_wrapper.u_cdm.mem[162][22] (+)
|-- (1)top.u_system_wrapper.u_cdm.mem[162][23] (+)
|-- (1)top.u_system_wrapper.u_cdm.mem[162][24] (+)
|-- (1)top.u_system_wrapper.u_cdm.mem[162][25] (+)
|-- (1)top.u_system_wrapper.u_cdm.mem[162][26] (+)
|-- (1)top.u_system_wrapper.u_cdm.mem[162][27] (+)
|-- (1)top.u_system_wrapper.u_cdm.mem[162][28] (+)
|-- (1)top.u_system_wrapper.u_cdm.mem[162][29] (+)
|-- (1)top.u_system_wrapper.u_cdm.mem[162][30] (+)
|-- (1)top.u_system_wrapper.u_cdm.mem[162][31] (+)
|-- (1)top.u_system_wrapper.u_cdm.mem[162][32] (+)
|-- (1)top.u_system_wrapper.u_cdm.mem[161][0] (+)
|-- (1)top.u_system_wrapper.u_cdm.mem[161][1] (+)
|-- (1)top.u_system_wrapper.u_cdm.mem[161][2] (+)
|-- (1)top.u_system_wrapper.u_cdm.mem[161][3] (+)
|-- (1)top.u_system_wrapper.u_cdm.mem[161][4] (+)
|-- (1)top.u_system_wrapper.u_cdm.mem[161][5] (+)
|-- (1)top.u_system_wrapper.u_cdm.mem[161][6] (+)
|-- (1)top.u_system_wrapper.u_cdm.mem[161][7] (+)
|-- (1)top.u_system_wrapper.u_cdm.mem[161][8] (+)
|-- (1)top.u_system_wrapper.u_cdm.mem[161][9] (+)
|-- (1)top.u_system_wrapper.u_cdm.mem[161][10] (+)
|-- (1)top.u_system_wrapper.u_cdm.mem[161][11] (+)
|-- (1)top.u_system_wrapper.u_cdm.mem[161][12] (+)
|-- (1)top.u_system_wrapper.u_cdm.mem[161][13] (+)
|-- (1)top.u_system_wrapper.u_cdm.mem[161][14] (+)
|-- (1)top.u_system_wrapper.u_cdm.mem[161][15] (+)
|-- (1)top.u_system_wrapper.u_cdm.mem[161][16] (+)
|-- (1)top.u_system_wrapper.u_cdm.mem[161][17] (+)
|-- (1)top.u_system_wrapper.u_cdm.mem[161][18] (+)
|-- (1)top.u_system_wrapper.u_cdm.mem[161][19] (+)
|-- (1)top.u_system_wrapper.u_cdm.mem[161][20] (+)
|-- (1)top.u_system_wrapper.u_cdm.mem[161][21] (+)
|-- (1)top.u_system_wrapper.u_cdm.mem[161][22] (+)
|-- (1)top.u_system_wrapper.u_cdm.mem[161][23] (+)
|-- (1)top.u_system_wrapper.u_cdm.mem[161][24] (+)
|-- (1)top.u_system_wrapper.u_cdm.mem[161][25] (+)
|-- (1)top.u_system_wrapper.u_cdm.mem[161][26] (+)
|-- (1)top.u_system_wrapper.u_cdm.mem[161][27] (+)
|-- (1)top.u_system_wrapper.u_cdm.mem[161][28] (+)
|-- (1)top.u_system_wrapper.u_cdm.mem[161][29] (+)
|-- (1)top.u_system_wrapper.u_cdm.mem[161][30] (+)
|-- (1)top.u_system_wrapper.u_cdm.mem[161][31] (+)
|-- (1)top.u_system_wrapper.u_cdm.mem[161][32] (+)
|-- (1)top.u_system_wrapper.u_cdm.mem[160][0] (+)
|-- (1)top.u_system_wrapper.u_cdm.mem[160][1] (+)
|-- (1)top.u_system_wrapper.u_cdm.mem[160][2] (+)
|-- (1)top.u_system_wrapper.u_cdm.mem[160][3] (+)
|-- (1)top.u_system_wrapper.u_cdm.mem[160][4] (+)
|-- (1)top.u_system_wrapper.u_cdm.mem[160][5] (+)
|-- (1)top.u_system_wrapper.u_cdm.mem[160][6] (+)
|-- (1)top.u_system_wrapper.u_cdm.mem[160][7] (+)
|-- (1)top.u_system_wrapper.u_cdm.mem[160][8] (+)
|-- (1)top.u_system_wrapper.u_cdm.mem[160][9] (+)
|-- (1)top.u_system_wrapper.u_cdm.mem[160][10] (+)
|-- (1)top.u_system_wrapper.u_cdm.mem[160][11] (+)
|-- (1)top.u_system_wrapper.u_cdm.mem[160][12] (+)
|-- (1)top.u_system_wrapper.u_cdm.mem[160][13] (+)
|-- (1)top.u_system_wrapper.u_cdm.mem[160][14] (+)
|-- (1)top.u_system_wrapper.u_cdm.mem[160][15] (+)
|-- (1)top.u_system_wrapper.u_cdm.mem[160][16] (+)
|-- (1)top.u_system_wrapper.u_cdm.mem[160][17] (+)
|-- (1)top.u_system_wrapper.u_cdm.mem[160][18] (+)
|-- (1)top.u_system_wrapper.u_cdm.mem[160][19] (+)
|-- (1)top.u_system_wrapper.u_cdm.mem[160][20] (+)
|-- (1)top.u_system_wrapper.u_cdm.mem[160][21] (+)
|-- (1)top.u_system_wrapper.u_cdm.mem[160][22] (+)
|-- (1)top.u_system_wrapper.u_cdm.mem[160][23] (+)
|-- (1)top.u_system_wrapper.u_cdm.mem[160][24] (+)
|-- (1)top.u_system_wrapper.u_cdm.mem[160][25] (+)
|-- (1)top.u_system_wrapper.u_cdm.mem[160][26] (+)
|-- (1)top.u_system_wrapper.u_cdm.mem[160][27] (+)
|-- (1)top.u_system_wrapper.u_cdm.mem[160][28] (+)
|-- (1)top.u_system_wrapper.u_cdm.mem[160][29] (+)
|-- (1)top.u_system_wrapper.u_cdm.mem[160][30] (+)
|-- (1)top.u_system_wrapper.u_cdm.mem[160][31] (+)
|-- (1)top.u_system_wrapper.u_cdm.mem[160][32] (+)
|-- (1)top.u_system_wrapper.u_cdm.mem[159][0] (+)
|-- (1)top.u_system_wrapper.u_cdm.mem[159][1] (+)
|-- (1)top.u_system_wrapper.u_cdm.mem[159][2] (+)
|-- (1)top.u_system_wrapper.u_cdm.mem[159][3] (+)
|-- (1)top.u_system_wrapper.u_cdm.mem[159][4] (+)
|-- (1)top.u_system_wrapper.u_cdm.mem[159][5] (+)
|-- (1)top.u_system_wrapper.u_cdm.mem[159][6] (+)
|-- (1)top.u_system_wrapper.u_cdm.mem[159][7] (+)
|-- (1)top.u_system_wrapper.u_cdm.mem[159][8] (+)
|-- (1)top.u_system_wrapper.u_cdm.mem[159][9] (+)
|-- (1)top.u_system_wrapper.u_cdm.mem[159][10] (+)
|-- (1)top.u_system_wrapper.u_cdm.mem[159][11] (+)
|-- (1)top.u_system_wrapper.u_cdm.mem[159][12] (+)
|-- (1)top.u_system_wrapper.u_cdm.mem[159][13] (+)
|-- (1)top.u_system_wrapper.u_cdm.mem[159][14] (+)
|-- (1)top.u_system_wrapper.u_cdm.mem[159][15] (+)
|-- (1)top.u_system_wrapper.u_cdm.mem[159][16] (+)
|-- (1)top.u_system_wrapper.u_cdm.mem[159][17] (+)
|-- (1)top.u_system_wrapper.u_cdm.mem[159][18] (+)
|-- (1)top.u_system_wrapper.u_cdm.mem[159][19] (+)
|-- (1)top.u_system_wrapper.u_cdm.mem[159][20] (+)
|-- (1)top.u_system_wrapper.u_cdm.mem[159][21] (+)
|-- (1)top.u_system_wrapper.u_cdm.mem[159][22] (+)
|-- (1)top.u_system_wrapper.u_cdm.mem[159][23] (+)
|-- (1)top.u_system_wrapper.u_cdm.mem[159][24] (+)
|-- (1)top.u_system_wrapper.u_cdm.mem[159][25] (+)
|-- (1)top.u_system_wrapper.u_cdm.mem[159][26] (+)
|-- (1)top.u_system_wrapper.u_cdm.mem[159][27] (+)
|-- (1)top.u_system_wrapper.u_cdm.mem[159][28] (+)
|-- (1)top.u_system_wrapper.u_cdm.mem[159][29] (+)
|-- (1)top.u_system_wrapper.u_cdm.mem[159][30] (+)
|-- (1)top.u_system_wrapper.u_cdm.mem[159][31] (+)
|-- (1)top.u_system_wrapper.u_cdm.mem[159][32] (+)
|-- (1)top.u_system_wrapper.u_cdm.mem[158][0] (+)
|-- (1)top.u_system_wrapper.u_cdm.mem[158][1] (+)
|-- (1)top.u_system_wrapper.u_cdm.mem[158][2] (+)
|-- (1)top.u_system_wrapper.u_cdm.mem[158][3] (+)
|-- (1)top.u_system_wrapper.u_cdm.mem[158][4] (+)
|-- (1)top.u_system_wrapper.u_cdm.mem[158][5] (+)
|-- (1)top.u_system_wrapper.u_cdm.mem[158][6] (+)
|-- (1)top.u_system_wrapper.u_cdm.mem[158][7] (+)
|-- (1)top.u_system_wrapper.u_cdm.mem[158][8] (+)
|-- (1)top.u_system_wrapper.u_cdm.mem[158][9] (+)
|-- (1)top.u_system_wrapper.u_cdm.mem[158][10] (+)
|-- (1)top.u_system_wrapper.u_cdm.mem[158][11] (+)
|-- (1)top.u_system_wrapper.u_cdm.mem[158][12] (+)
|-- (1)top.u_system_wrapper.u_cdm.mem[158][13] (+)
|-- (1)top.u_system_wrapper.u_cdm.mem[158][14] (+)
|-- (1)top.u_system_wrapper.u_cdm.mem[158][15] (+)
|-- (1)top.u_system_wrapper.u_cdm.mem[158][16] (+)
|-- (1)top.u_system_wrapper.u_cdm.mem[158][17] (+)
|-- (1)top.u_system_wrapper.u_cdm.mem[158][18] (+)
|-- (1)top.u_system_wrapper.u_cdm.mem[158][19] (+)
|-- (1)top.u_system_wrapper.u_cdm.mem[158][20] (+)
|-- (1)top.u_system_wrapper.u_cdm.mem[158][21] (+)
|-- (1)top.u_system_wrapper.u_cdm.mem[158][22] (+)
|-- (1)top.u_system_wrapper.u_cdm.mem[158][23] (+)
|-- (1)top.u_system_wrapper.u_cdm.mem[158][24] (+)
|-- (1)top.u_system_wrapper.u_cdm.mem[158][25] (+)
|-- (1)top.u_system_wrapper.u_cdm.mem[158][26] (+)
|-- (1)top.u_system_wrapper.u_cdm.mem[158][27] (+)
|-- (1)top.u_system_wrapper.u_cdm.mem[158][28] (+)
|-- (1)top.u_system_wrapper.u_cdm.mem[158][29] (+)
|-- (1)top.u_system_wrapper.u_cdm.mem[158][30] (+)
|-- (1)top.u_system_wrapper.u_cdm.mem[158][31] (+)
|-- (1)top.u_system_wrapper.u_cdm.mem[158][32] (+)
|-- (1)top.u_system_wrapper.u_cdm.mem[157][0] (+)
|-- (1)top.u_system_wrapper.u_cdm.mem[157][1] (+)
|-- (1)top.u_system_wrapper.u_cdm.mem[157][2] (+)
|-- (1)top.u_system_wrapper.u_cdm.mem[157][3] (+)
|-- (1)top.u_system_wrapper.u_cdm.mem[157][4] (+)
|-- (1)top.u_system_wrapper.u_cdm.mem[157][5] (+)
|-- (1)top.u_system_wrapper.u_cdm.mem[157][6] (+)
|-- (1)top.u_system_wrapper.u_cdm.mem[157][7] (+)
|-- (1)top.u_system_wrapper.u_cdm.mem[157][8] (+)
|-- (1)top.u_system_wrapper.u_cdm.mem[157][9] (+)
|-- (1)top.u_system_wrapper.u_cdm.mem[157][10] (+)
|-- (1)top.u_system_wrapper.u_cdm.mem[157][11] (+)
|-- (1)top.u_system_wrapper.u_cdm.mem[157][12] (+)
|-- (1)top.u_system_wrapper.u_cdm.mem[157][13] (+)
|-- (1)top.u_system_wrapper.u_cdm.mem[157][14] (+)
|-- (1)top.u_system_wrapper.u_cdm.mem[157][15] (+)
|-- (1)top.u_system_wrapper.u_cdm.mem[157][16] (+)
|-- (1)top.u_system_wrapper.u_cdm.mem[157][17] (+)
|-- (1)top.u_system_wrapper.u_cdm.mem[157][18] (+)
|-- (1)top.u_system_wrapper.u_cdm.mem[157][19] (+)
|-- (1)top.u_system_wrapper.u_cdm.mem[157][20] (+)
|-- (1)top.u_system_wrapper.u_cdm.mem[157][21] (+)
|-- (1)top.u_system_wrapper.u_cdm.mem[157][22] (+)
|-- (1)top.u_system_wrapper.u_cdm.mem[157][23] (+)
|-- (1)top.u_system_wrapper.u_cdm.mem[157][24] (+)
|-- (1)top.u_system_wrapper.u_cdm.mem[157][25] (+)
|-- (1)top.u_system_wrapper.u_cdm.mem[157][26] (+)
|-- (1)top.u_system_wrapper.u_cdm.mem[157][27] (+)
|-- (1)top.u_system_wrapper.u_cdm.mem[157][28] (+)
|-- (1)top.u_system_wrapper.u_cdm.mem[157][29] (+)
|-- (1)top.u_system_wrapper.u_cdm.mem[157][30] (+)
|-- (1)top.u_system_wrapper.u_cdm.mem[157][31] (+)
|-- (1)top.u_system_wrapper.u_cdm.mem[157][32] (+)
|-- (1)top.u_system_wrapper.u_cdm.mem[156][0] (+)
|-- (1)top.u_system_wrapper.u_cdm.mem[156][1] (+)
|-- (1)top.u_system_wrapper.u_cdm.mem[156][2] (+)
|-- (1)top.u_system_wrapper.u_cdm.mem[156][3] (+)
|-- (1)top.u_system_wrapper.u_cdm.mem[156][4] (+)
|-- (1)top.u_system_wrapper.u_cdm.mem[156][5] (+)
|-- (1)top.u_system_wrapper.u_cdm.mem[156][6] (+)
|-- (1)top.u_system_wrapper.u_cdm.mem[156][7] (+)
|-- (1)top.u_system_wrapper.u_cdm.mem[156][8] (+)
|-- (1)top.u_system_wrapper.u_cdm.mem[156][9] (+)
|-- (1)top.u_system_wrapper.u_cdm.mem[156][10] (+)
|-- (1)top.u_system_wrapper.u_cdm.mem[156][11] (+)
|-- (1)top.u_system_wrapper.u_cdm.mem[156][12] (+)
|-- (1)top.u_system_wrapper.u_cdm.mem[156][13] (+)
|-- (1)top.u_system_wrapper.u_cdm.mem[156][14] (+)
|-- (1)top.u_system_wrapper.u_cdm.mem[156][15] (+)
|-- (1)top.u_system_wrapper.u_cdm.mem[156][16] (+)
|-- (1)top.u_system_wrapper.u_cdm.mem[156][17] (+)
|-- (1)top.u_system_wrapper.u_cdm.mem[156][18] (+)
|-- (1)top.u_system_wrapper.u_cdm.mem[156][19] (+)
|-- (1)top.u_system_wrapper.u_cdm.mem[156][20] (+)
|-- (1)top.u_system_wrapper.u_cdm.mem[156][21] (+)
|-- (1)top.u_system_wrapper.u_cdm.mem[156][22] (+)
|-- (1)top.u_system_wrapper.u_cdm.mem[156][23] (+)
|-- (1)top.u_system_wrapper.u_cdm.mem[156][24] (+)
|-- (1)top.u_system_wrapper.u_cdm.mem[156][25] (+)
|-- (1)top.u_system_wrapper.u_cdm.mem[156][26] (+)
|-- (1)top.u_system_wrapper.u_cdm.mem[156][27] (+)
|-- (1)top.u_system_wrapper.u_cdm.mem[156][28] (+)
|-- (1)top.u_system_wrapper.u_cdm.mem[156][29] (+)
|-- (1)top.u_system_wrapper.u_cdm.mem[156][30] (+)
|-- (1)top.u_system_wrapper.u_cdm.mem[156][31] (+)
|-- (1)top.u_system_wrapper.u_cdm.mem[156][32] (+)
|-- (1)top.u_system_wrapper.u_cdm.mem[155][0] (+)
|-- (1)top.u_system_wrapper.u_cdm.mem[155][1] (+)
|-- (1)top.u_system_wrapper.u_cdm.mem[155][2] (+)
|-- (1)top.u_system_wrapper.u_cdm.mem[155][3] (+)
|-- (1)top.u_system_wrapper.u_cdm.mem[155][4] (+)
|-- (1)top.u_system_wrapper.u_cdm.mem[155][5] (+)
|-- (1)top.u_system_wrapper.u_cdm.mem[155][6] (+)
|-- (1)top.u_system_wrapper.u_cdm.mem[155][7] (+)
|-- (1)top.u_system_wrapper.u_cdm.mem[155][8] (+)
|-- (1)top.u_system_wrapper.u_cdm.mem[155][9] (+)
|-- (1)top.u_system_wrapper.u_cdm.mem[155][10] (+)
|-- (1)top.u_system_wrapper.u_cdm.mem[155][11] (+)
|-- (1)top.u_system_wrapper.u_cdm.mem[155][12] (+)
|-- (1)top.u_system_wrapper.u_cdm.mem[155][13] (+)
|-- (1)top.u_system_wrapper.u_cdm.mem[155][14] (+)
|-- (1)top.u_system_wrapper.u_cdm.mem[155][15] (+)
|-- (1)top.u_system_wrapper.u_cdm.mem[155][16] (+)
|-- (1)top.u_system_wrapper.u_cdm.mem[155][17] (+)
|-- (1)top.u_system_wrapper.u_cdm.mem[155][18] (+)
|-- (1)top.u_system_wrapper.u_cdm.mem[155][19] (+)
|-- (1)top.u_system_wrapper.u_cdm.mem[155][20] (+)
|-- (1)top.u_system_wrapper.u_cdm.mem[155][21] (+)
|-- (1)top.u_system_wrapper.u_cdm.mem[155][22] (+)
|-- (1)top.u_system_wrapper.u_cdm.mem[155][23] (+)
|-- (1)top.u_system_wrapper.u_cdm.mem[155][24] (+)
|-- (1)top.u_system_wrapper.u_cdm.mem[155][25] (+)
|-- (1)top.u_system_wrapper.u_cdm.mem[155][26] (+)
|-- (1)top.u_system_wrapper.u_cdm.mem[155][27] (+)
|-- (1)top.u_system_wrapper.u_cdm.mem[155][28] (+)
|-- (1)top.u_system_wrapper.u_cdm.mem[155][29] (+)
|-- (1)top.u_system_wrapper.u_cdm.mem[155][30] (+)
|-- (1)top.u_system_wrapper.u_cdm.mem[155][31] (+)
|-- (1)top.u_system_wrapper.u_cdm.mem[155][32] (+)
|-- (1)top.u_system_wrapper.u_cdm.mem[154][0] (+)
|-- (1)top.u_system_wrapper.u_cdm.mem[154][1] (+)
|-- (1)top.u_system_wrapper.u_cdm.mem[154][2] (+)
|-- (1)top.u_system_wrapper.u_cdm.mem[154][3] (+)
|-- (1)top.u_system_wrapper.u_cdm.mem[154][4] (+)
|-- (1)top.u_system_wrapper.u_cdm.mem[154][5] (+)
|-- (1)top.u_system_wrapper.u_cdm.mem[154][6] (+)
|-- (1)top.u_system_wrapper.u_cdm.mem[154][7] (+)
|-- (1)top.u_system_wrapper.u_cdm.mem[154][8] (+)
|-- (1)top.u_system_wrapper.u_cdm.mem[154][9] (+)
|-- (1)top.u_system_wrapper.u_cdm.mem[154][10] (+)
|-- (1)top.u_system_wrapper.u_cdm.mem[154][11] (+)
|-- (1)top.u_system_wrapper.u_cdm.mem[154][12] (+)
|-- (1)top.u_system_wrapper.u_cdm.mem[154][13] (+)
|-- (1)top.u_system_wrapper.u_cdm.mem[154][14] (+)
|-- (1)top.u_system_wrapper.u_cdm.mem[154][15] (+)
|-- (1)top.u_system_wrapper.u_cdm.mem[154][16] (+)
|-- (1)top.u_system_wrapper.u_cdm.mem[154][17] (+)
|-- (1)top.u_system_wrapper.u_cdm.mem[154][18] (+)
|-- (1)top.u_system_wrapper.u_cdm.mem[154][19] (+)
|-- (1)top.u_system_wrapper.u_cdm.mem[154][20] (+)
|-- (1)top.u_system_wrapper.u_cdm.mem[154][21] (+)
|-- (1)top.u_system_wrapper.u_cdm.mem[154][22] (+)
|-- (1)top.u_system_wrapper.u_cdm.mem[154][23] (+)
|-- (1)top.u_system_wrapper.u_cdm.mem[154][24] (+)
|-- (1)top.u_system_wrapper.u_cdm.mem[154][25] (+)
|-- (1)top.u_system_wrapper.u_cdm.mem[154][26] (+)
|-- (1)top.u_system_wrapper.u_cdm.mem[154][27] (+)
|-- (1)top.u_system_wrapper.u_cdm.mem[154][28] (+)
|-- (1)top.u_system_wrapper.u_cdm.mem[154][29] (+)
|-- (1)top.u_system_wrapper.u_cdm.mem[154][30] (+)
|-- (1)top.u_system_wrapper.u_cdm.mem[154][31] (+)
|-- (1)top.u_system_wrapper.u_cdm.mem[154][32] (+)
|-- (1)top.u_system_wrapper.u_cdm.mem[153][0] (+)
|-- (1)top.u_system_wrapper.u_cdm.mem[153][1] (+)
|-- (1)top.u_system_wrapper.u_cdm.mem[153][2] (+)
|-- (1)top.u_system_wrapper.u_cdm.mem[153][3] (+)
|-- (1)top.u_system_wrapper.u_cdm.mem[153][4] (+)
|-- (1)top.u_system_wrapper.u_cdm.mem[153][5] (+)
|-- (1)top.u_system_wrapper.u_cdm.mem[153][6] (+)
|-- (1)top.u_system_wrapper.u_cdm.mem[153][7] (+)
|-- (1)top.u_system_wrapper.u_cdm.mem[153][8] (+)
|-- (1)top.u_system_wrapper.u_cdm.mem[153][9] (+)
|-- (1)top.u_system_wrapper.u_cdm.mem[153][10] (+)
|-- (1)top.u_system_wrapper.u_cdm.mem[153][11] (+)
|-- (1)top.u_system_wrapper.u_cdm.mem[153][12] (+)
|-- (1)top.u_system_wrapper.u_cdm.mem[153][13] (+)
|-- (1)top.u_system_wrapper.u_cdm.mem[153][14] (+)
|-- (1)top.u_system_wrapper.u_cdm.mem[153][15] (+)
|-- (1)top.u_system_wrapper.u_cdm.mem[153][16] (+)
|-- (1)top.u_system_wrapper.u_cdm.mem[153][17] (+)
|-- (1)top.u_system_wrapper.u_cdm.mem[153][18] (+)
|-- (1)top.u_system_wrapper.u_cdm.mem[153][19] (+)
|-- (1)top.u_system_wrapper.u_cdm.mem[153][20] (+)
|-- (1)top.u_system_wrapper.u_cdm.mem[153][21] (+)
|-- (1)top.u_system_wrapper.u_cdm.mem[153][22] (+)
|-- (1)top.u_system_wrapper.u_cdm.mem[153][23] (+)
|-- (1)top.u_system_wrapper.u_cdm.mem[153][24] (+)
|-- (1)top.u_system_wrapper.u_cdm.mem[153][25] (+)
|-- (1)top.u_system_wrapper.u_cdm.mem[153][26] (+)
|-- (1)top.u_system_wrapper.u_cdm.mem[153][27] (+)
|-- (1)top.u_system_wrapper.u_cdm.mem[153][28] (+)
|-- (1)top.u_system_wrapper.u_cdm.mem[153][29] (+)
|-- (1)top.u_system_wrapper.u_cdm.mem[153][30] (+)
|-- (1)top.u_system_wrapper.u_cdm.mem[153][31] (+)
|-- (1)top.u_system_wrapper.u_cdm.mem[153][32] (+)
|-- (1)top.u_system_wrapper.u_cdm.mem[152][0] (+)
|-- (1)top.u_system_wrapper.u_cdm.mem[152][1] (+)
|-- (1)top.u_system_wrapper.u_cdm.mem[152][2] (+)
|-- (1)top.u_system_wrapper.u_cdm.mem[152][3] (+)
|-- (1)top.u_system_wrapper.u_cdm.mem[152][4] (+)
|-- (1)top.u_system_wrapper.u_cdm.mem[152][5] (+)
|-- (1)top.u_system_wrapper.u_cdm.mem[152][6] (+)
|-- (1)top.u_system_wrapper.u_cdm.mem[152][7] (+)
|-- (1)top.u_system_wrapper.u_cdm.mem[152][8] (+)
|-- (1)top.u_system_wrapper.u_cdm.mem[152][9] (+)
|-- (1)top.u_system_wrapper.u_cdm.mem[152][10] (+)
|-- (1)top.u_system_wrapper.u_cdm.mem[152][11] (+)
|-- (1)top.u_system_wrapper.u_cdm.mem[152][12] (+)
|-- (1)top.u_system_wrapper.u_cdm.mem[152][13] (+)
|-- (1)top.u_system_wrapper.u_cdm.mem[152][14] (+)
|-- (1)top.u_system_wrapper.u_cdm.mem[152][15] (+)
|-- (1)top.u_system_wrapper.u_cdm.mem[152][16] (+)
|-- (1)top.u_system_wrapper.u_cdm.mem[152][17] (+)
|-- (1)top.u_system_wrapper.u_cdm.mem[152][18] (+)
|-- (1)top.u_system_wrapper.u_cdm.mem[152][19] (+)
|-- (1)top.u_system_wrapper.u_cdm.mem[152][20] (+)
|-- (1)top.u_system_wrapper.u_cdm.mem[152][21] (+)
|-- (1)top.u_system_wrapper.u_cdm.mem[152][22] (+)
|-- (1)top.u_system_wrapper.u_cdm.mem[152][23] (+)
|-- (1)top.u_system_wrapper.u_cdm.mem[152][24] (+)
|-- (1)top.u_system_wrapper.u_cdm.mem[152][25] (+)
|-- (1)top.u_system_wrapper.u_cdm.mem[152][26] (+)
|-- (1)top.u_system_wrapper.u_cdm.mem[152][27] (+)
|-- (1)top.u_system_wrapper.u_cdm.mem[152][28] (+)
|-- (1)top.u_system_wrapper.u_cdm.mem[152][29] (+)
|-- (1)top.u_system_wrapper.u_cdm.mem[152][30] (+)
|-- (1)top.u_system_wrapper.u_cdm.mem[152][31] (+)
|-- (1)top.u_system_wrapper.u_cdm.mem[152][32] (+)
|-- (1)top.u_system_wrapper.u_cdm.mem[151][0] (+)
|-- (1)top.u_system_wrapper.u_cdm.mem[151][1] (+)
|-- (1)top.u_system_wrapper.u_cdm.mem[151][2] (+)
|-- (1)top.u_system_wrapper.u_cdm.mem[151][3] (+)
|-- (1)top.u_system_wrapper.u_cdm.mem[151][4] (+)
|-- (1)top.u_system_wrapper.u_cdm.mem[151][5] (+)
|-- (1)top.u_system_wrapper.u_cdm.mem[151][6] (+)
|-- (1)top.u_system_wrapper.u_cdm.mem[151][7] (+)
|-- (1)top.u_system_wrapper.u_cdm.mem[151][8] (+)
|-- (1)top.u_system_wrapper.u_cdm.mem[151][9] (+)
|-- (1)top.u_system_wrapper.u_cdm.mem[151][10] (+)
|-- (1)top.u_system_wrapper.u_cdm.mem[151][11] (+)
|-- (1)top.u_system_wrapper.u_cdm.mem[151][12] (+)
|-- (1)top.u_system_wrapper.u_cdm.mem[151][13] (+)
|-- (1)top.u_system_wrapper.u_cdm.mem[151][14] (+)
|-- (1)top.u_system_wrapper.u_cdm.mem[151][15] (+)
|-- (1)top.u_system_wrapper.u_cdm.mem[151][16] (+)
|-- (1)top.u_system_wrapper.u_cdm.mem[151][17] (+)
|-- (1)top.u_system_wrapper.u_cdm.mem[151][18] (+)
|-- (1)top.u_system_wrapper.u_cdm.mem[151][19] (+)
|-- (1)top.u_system_wrapper.u_cdm.mem[151][20] (+)
|-- (1)top.u_system_wrapper.u_cdm.mem[151][21] (+)
|-- (1)top.u_system_wrapper.u_cdm.mem[151][22] (+)
|-- (1)top.u_system_wrapper.u_cdm.mem[151][23] (+)
|-- (1)top.u_system_wrapper.u_cdm.mem[151][24] (+)
|-- (1)top.u_system_wrapper.u_cdm.mem[151][25] (+)
|-- (1)top.u_system_wrapper.u_cdm.mem[151][26] (+)
|-- (1)top.u_system_wrapper.u_cdm.mem[151][27] (+)
|-- (1)top.u_system_wrapper.u_cdm.mem[151][28] (+)
|-- (1)top.u_system_wrapper.u_cdm.mem[151][29] (+)
|-- (1)top.u_system_wrapper.u_cdm.mem[151][30] (+)
|-- (1)top.u_system_wrapper.u_cdm.mem[151][31] (+)
|-- (1)top.u_system_wrapper.u_cdm.mem[151][32] (+)
|-- (1)top.u_system_wrapper.u_cdm.mem[150][0] (+)
|-- (1)top.u_system_wrapper.u_cdm.mem[150][1] (+)
|-- (1)top.u_system_wrapper.u_cdm.mem[150][2] (+)
|-- (1)top.u_system_wrapper.u_cdm.mem[150][3] (+)
|-- (1)top.u_system_wrapper.u_cdm.mem[150][4] (+)
|-- (1)top.u_system_wrapper.u_cdm.mem[150][5] (+)
|-- (1)top.u_system_wrapper.u_cdm.mem[150][6] (+)
|-- (1)top.u_system_wrapper.u_cdm.mem[150][7] (+)
|-- (1)top.u_system_wrapper.u_cdm.mem[150][8] (+)
|-- (1)top.u_system_wrapper.u_cdm.mem[150][9] (+)
|-- (1)top.u_system_wrapper.u_cdm.mem[150][10] (+)
|-- (1)top.u_system_wrapper.u_cdm.mem[150][11] (+)
|-- (1)top.u_system_wrapper.u_cdm.mem[150][12] (+)
|-- (1)top.u_system_wrapper.u_cdm.mem[150][13] (+)
|-- (1)top.u_system_wrapper.u_cdm.mem[150][14] (+)
|-- (1)top.u_system_wrapper.u_cdm.mem[150][15] (+)
|-- (1)top.u_system_wrapper.u_cdm.mem[150][16] (+)
|-- (1)top.u_system_wrapper.u_cdm.mem[150][17] (+)
|-- (1)top.u_system_wrapper.u_cdm.mem[150][18] (+)
|-- (1)top.u_system_wrapper.u_cdm.mem[150][19] (+)
|-- (1)top.u_system_wrapper.u_cdm.mem[150][20] (+)
|-- (1)top.u_system_wrapper.u_cdm.mem[150][21] (+)
|-- (1)top.u_system_wrapper.u_cdm.mem[150][22] (+)
|-- (1)top.u_system_wrapper.u_cdm.mem[150][23] (+)
|-- (1)top.u_system_wrapper.u_cdm.mem[150][24] (+)
|-- (1)top.u_system_wrapper.u_cdm.mem[150][25] (+)
|-- (1)top.u_system_wrapper.u_cdm.mem[150][26] (+)
|-- (1)top.u_system_wrapper.u_cdm.mem[150][27] (+)
|-- (1)top.u_system_wrapper.u_cdm.mem[150][28] (+)
|-- (1)top.u_system_wrapper.u_cdm.mem[150][29] (+)
|-- (1)top.u_system_wrapper.u_cdm.mem[150][30] (+)
|-- (1)top.u_system_wrapper.u_cdm.mem[150][31] (+)
|-- (1)top.u_system_wrapper.u_cdm.mem[150][32] (+)
|-- (1)top.u_system_wrapper.u_cdm.mem[149][0] (+)
|-- (1)top.u_system_wrapper.u_cdm.mem[149][1] (+)
|-- (1)top.u_system_wrapper.u_cdm.mem[149][2] (+)
|-- (1)top.u_system_wrapper.u_cdm.mem[149][3] (+)
|-- (1)top.u_system_wrapper.u_cdm.mem[149][4] (+)
|-- (1)top.u_system_wrapper.u_cdm.mem[149][5] (+)
|-- (1)top.u_system_wrapper.u_cdm.mem[149][6] (+)
|-- (1)top.u_system_wrapper.u_cdm.mem[149][7] (+)
|-- (1)top.u_system_wrapper.u_cdm.mem[149][8] (+)
|-- (1)top.u_system_wrapper.u_cdm.mem[149][9] (+)
|-- (1)top.u_system_wrapper.u_cdm.mem[149][10] (+)
|-- (1)top.u_system_wrapper.u_cdm.mem[149][11] (+)
|-- (1)top.u_system_wrapper.u_cdm.mem[149][12] (+)
|-- (1)top.u_system_wrapper.u_cdm.mem[149][13] (+)
|-- (1)top.u_system_wrapper.u_cdm.mem[149][14] (+)
|-- (1)top.u_system_wrapper.u_cdm.mem[149][15] (+)
|-- (1)top.u_system_wrapper.u_cdm.mem[149][16] (+)
|-- (1)top.u_system_wrapper.u_cdm.mem[149][17] (+)
|-- (1)top.u_system_wrapper.u_cdm.mem[149][18] (+)
|-- (1)top.u_system_wrapper.u_cdm.mem[149][19] (+)
|-- (1)top.u_system_wrapper.u_cdm.mem[149][20] (+)
|-- (1)top.u_system_wrapper.u_cdm.mem[149][21] (+)
|-- (1)top.u_system_wrapper.u_cdm.mem[149][22] (+)
|-- (1)top.u_system_wrapper.u_cdm.mem[149][23] (+)
|-- (1)top.u_system_wrapper.u_cdm.mem[149][24] (+)
|-- (1)top.u_system_wrapper.u_cdm.mem[149][25] (+)
|-- (1)top.u_system_wrapper.u_cdm.mem[149][26] (+)
|-- (1)top.u_system_wrapper.u_cdm.mem[149][27] (+)
|-- (1)top.u_system_wrapper.u_cdm.mem[149][28] (+)
|-- (1)top.u_system_wrapper.u_cdm.mem[149][29] (+)
|-- (1)top.u_system_wrapper.u_cdm.mem[149][30] (+)
|-- (1)top.u_system_wrapper.u_cdm.mem[149][31] (+)
|-- (1)top.u_system_wrapper.u_cdm.mem[149][32] (+)
|-- (1)top.u_system_wrapper.u_cdm.mem[148][0] (+)
|-- (1)top.u_system_wrapper.u_cdm.mem[148][1] (+)
|-- (1)top.u_system_wrapper.u_cdm.mem[148][2] (+)
|-- (1)top.u_system_wrapper.u_cdm.mem[148][3] (+)
|-- (1)top.u_system_wrapper.u_cdm.mem[148][4] (+)
|-- (1)top.u_system_wrapper.u_cdm.mem[148][5] (+)
|-- (1)top.u_system_wrapper.u_cdm.mem[148][6] (+)
|-- (1)top.u_system_wrapper.u_cdm.mem[148][7] (+)
|-- (1)top.u_system_wrapper.u_cdm.mem[148][8] (+)
|-- (1)top.u_system_wrapper.u_cdm.mem[148][9] (+)
|-- (1)top.u_system_wrapper.u_cdm.mem[148][10] (+)
|-- (1)top.u_system_wrapper.u_cdm.mem[148][11] (+)
|-- (1)top.u_system_wrapper.u_cdm.mem[148][12] (+)
|-- (1)top.u_system_wrapper.u_cdm.mem[148][13] (+)
|-- (1)top.u_system_wrapper.u_cdm.mem[148][14] (+)
|-- (1)top.u_system_wrapper.u_cdm.mem[148][15] (+)
|-- (1)top.u_system_wrapper.u_cdm.mem[148][16] (+)
|-- (1)top.u_system_wrapper.u_cdm.mem[148][17] (+)
|-- (1)top.u_system_wrapper.u_cdm.mem[148][18] (+)
|-- (1)top.u_system_wrapper.u_cdm.mem[148][19] (+)
|-- (1)top.u_system_wrapper.u_cdm.mem[148][20] (+)
|-- (1)top.u_system_wrapper.u_cdm.mem[148][21] (+)
|-- (1)top.u_system_wrapper.u_cdm.mem[148][22] (+)
|-- (1)top.u_system_wrapper.u_cdm.mem[148][23] (+)
|-- (1)top.u_system_wrapper.u_cdm.mem[148][24] (+)
|-- (1)top.u_system_wrapper.u_cdm.mem[148][25] (+)
|-- (1)top.u_system_wrapper.u_cdm.mem[148][26] (+)
|-- (1)top.u_system_wrapper.u_cdm.mem[148][27] (+)
|-- (1)top.u_system_wrapper.u_cdm.mem[148][28] (+)
|-- (1)top.u_system_wrapper.u_cdm.mem[148][29] (+)
|-- (1)top.u_system_wrapper.u_cdm.mem[148][30] (+)
|-- (1)top.u_system_wrapper.u_cdm.mem[148][31] (+)
|-- (1)top.u_system_wrapper.u_cdm.mem[148][32] (+)
|-- (1)top.u_system_wrapper.u_cdm.mem[147][0] (+)
|-- (1)top.u_system_wrapper.u_cdm.mem[147][1] (+)
|-- (1)top.u_system_wrapper.u_cdm.mem[147][2] (+)
|-- (1)top.u_system_wrapper.u_cdm.mem[147][3] (+)
|-- (1)top.u_system_wrapper.u_cdm.mem[147][4] (+)
|-- (1)top.u_system_wrapper.u_cdm.mem[147][5] (+)
|-- (1)top.u_system_wrapper.u_cdm.mem[147][6] (+)
|-- (1)top.u_system_wrapper.u_cdm.mem[147][7] (+)
|-- (1)top.u_system_wrapper.u_cdm.mem[147][8] (+)
|-- (1)top.u_system_wrapper.u_cdm.mem[147][9] (+)
|-- (1)top.u_system_wrapper.u_cdm.mem[147][10] (+)
|-- (1)top.u_system_wrapper.u_cdm.mem[147][11] (+)
|-- (1)top.u_system_wrapper.u_cdm.mem[147][12] (+)
|-- (1)top.u_system_wrapper.u_cdm.mem[147][13] (+)
|-- (1)top.u_system_wrapper.u_cdm.mem[147][14] (+)
|-- (1)top.u_system_wrapper.u_cdm.mem[147][15] (+)
|-- (1)top.u_system_wrapper.u_cdm.mem[147][16] (+)
|-- (1)top.u_system_wrapper.u_cdm.mem[147][17] (+)
|-- (1)top.u_system_wrapper.u_cdm.mem[147][18] (+)
|-- (1)top.u_system_wrapper.u_cdm.mem[147][19] (+)
|-- (1)top.u_system_wrapper.u_cdm.mem[147][20] (+)
|-- (1)top.u_system_wrapper.u_cdm.mem[147][21] (+)
|-- (1)top.u_system_wrapper.u_cdm.mem[147][22] (+)
|-- (1)top.u_system_wrapper.u_cdm.mem[147][23] (+)
|-- (1)top.u_system_wrapper.u_cdm.mem[147][24] (+)
|-- (1)top.u_system_wrapper.u_cdm.mem[147][25] (+)
|-- (1)top.u_system_wrapper.u_cdm.mem[147][26] (+)
|-- (1)top.u_system_wrapper.u_cdm.mem[147][27] (+)
|-- (1)top.u_system_wrapper.u_cdm.mem[147][28] (+)
|-- (1)top.u_system_wrapper.u_cdm.mem[147][29] (+)
|-- (1)top.u_system_wrapper.u_cdm.mem[147][30] (+)
|-- (1)top.u_system_wrapper.u_cdm.mem[147][31] (+)
|-- (1)top.u_system_wrapper.u_cdm.mem[147][32] (+)
|-- (1)top.u_system_wrapper.u_cdm.mem[146][0] (+)
|-- (1)top.u_system_wrapper.u_cdm.mem[146][1] (+)
|-- (1)top.u_system_wrapper.u_cdm.mem[146][2] (+)
|-- (1)top.u_system_wrapper.u_cdm.mem[146][3] (+)
|-- (1)top.u_system_wrapper.u_cdm.mem[146][4] (+)
|-- (1)top.u_system_wrapper.u_cdm.mem[146][5] (+)
|-- (1)top.u_system_wrapper.u_cdm.mem[146][6] (+)
|-- (1)top.u_system_wrapper.u_cdm.mem[146][7] (+)
|-- (1)top.u_system_wrapper.u_cdm.mem[146][8] (+)
|-- (1)top.u_system_wrapper.u_cdm.mem[146][9] (+)
|-- (1)top.u_system_wrapper.u_cdm.mem[146][10] (+)
|-- (1)top.u_system_wrapper.u_cdm.mem[146][11] (+)
|-- (1)top.u_system_wrapper.u_cdm.mem[146][12] (+)
|-- (1)top.u_system_wrapper.u_cdm.mem[146][13] (+)
|-- (1)top.u_system_wrapper.u_cdm.mem[146][14] (+)
|-- (1)top.u_system_wrapper.u_cdm.mem[146][15] (+)
|-- (1)top.u_system_wrapper.u_cdm.mem[146][16] (+)
|-- (1)top.u_system_wrapper.u_cdm.mem[146][17] (+)
|-- (1)top.u_system_wrapper.u_cdm.mem[146][18] (+)
|-- (1)top.u_system_wrapper.u_cdm.mem[146][19] (+)
|-- (1)top.u_system_wrapper.u_cdm.mem[146][20] (+)
|-- (1)top.u_system_wrapper.u_cdm.mem[146][21] (+)
|-- (1)top.u_system_wrapper.u_cdm.mem[146][22] (+)
|-- (1)top.u_system_wrapper.u_cdm.mem[146][23] (+)
|-- (1)top.u_system_wrapper.u_cdm.mem[146][24] (+)
|-- (1)top.u_system_wrapper.u_cdm.mem[146][25] (+)
|-- (1)top.u_system_wrapper.u_cdm.mem[146][26] (+)
|-- (1)top.u_system_wrapper.u_cdm.mem[146][27] (+)
|-- (1)top.u_system_wrapper.u_cdm.mem[146][28] (+)
|-- (1)top.u_system_wrapper.u_cdm.mem[146][29] (+)
|-- (1)top.u_system_wrapper.u_cdm.mem[146][30] (+)
|-- (1)top.u_system_wrapper.u_cdm.mem[146][31] (+)
|-- (1)top.u_system_wrapper.u_cdm.mem[146][32] (+)
|-- (1)top.u_system_wrapper.u_cdm.mem[145][0] (+)
|-- (1)top.u_system_wrapper.u_cdm.mem[145][1] (+)
|-- (1)top.u_system_wrapper.u_cdm.mem[145][2] (+)
|-- (1)top.u_system_wrapper.u_cdm.mem[145][3] (+)
|-- (1)top.u_system_wrapper.u_cdm.mem[145][4] (+)
|-- (1)top.u_system_wrapper.u_cdm.mem[145][5] (+)
|-- (1)top.u_system_wrapper.u_cdm.mem[145][6] (+)
|-- (1)top.u_system_wrapper.u_cdm.mem[145][7] (+)
|-- (1)top.u_system_wrapper.u_cdm.mem[145][8] (+)
|-- (1)top.u_system_wrapper.u_cdm.mem[145][9] (+)
|-- (1)top.u_system_wrapper.u_cdm.mem[145][10] (+)
|-- (1)top.u_system_wrapper.u_cdm.mem[145][11] (+)
|-- (1)top.u_system_wrapper.u_cdm.mem[145][12] (+)
|-- (1)top.u_system_wrapper.u_cdm.mem[145][13] (+)
|-- (1)top.u_system_wrapper.u_cdm.mem[145][14] (+)
|-- (1)top.u_system_wrapper.u_cdm.mem[145][15] (+)
|-- (1)top.u_system_wrapper.u_cdm.mem[145][16] (+)
|-- (1)top.u_system_wrapper.u_cdm.mem[145][17] (+)
|-- (1)top.u_system_wrapper.u_cdm.mem[145][18] (+)
|-- (1)top.u_system_wrapper.u_cdm.mem[145][19] (+)
|-- (1)top.u_system_wrapper.u_cdm.mem[145][20] (+)
|-- (1)top.u_system_wrapper.u_cdm.mem[145][21] (+)
|-- (1)top.u_system_wrapper.u_cdm.mem[145][22] (+)
|-- (1)top.u_system_wrapper.u_cdm.mem[145][23] (+)
|-- (1)top.u_system_wrapper.u_cdm.mem[145][24] (+)
|-- (1)top.u_system_wrapper.u_cdm.mem[145][25] (+)
|-- (1)top.u_system_wrapper.u_cdm.mem[145][26] (+)
|-- (1)top.u_system_wrapper.u_cdm.mem[145][27] (+)
|-- (1)top.u_system_wrapper.u_cdm.mem[145][28] (+)
|-- (1)top.u_system_wrapper.u_cdm.mem[145][29] (+)
|-- (1)top.u_system_wrapper.u_cdm.mem[145][30] (+)
|-- (1)top.u_system_wrapper.u_cdm.mem[145][31] (+)
|-- (1)top.u_system_wrapper.u_cdm.mem[145][32] (+)
|-- (1)top.u_system_wrapper.u_cdm.mem[144][0] (+)
|-- (1)top.u_system_wrapper.u_cdm.mem[144][1] (+)
|-- (1)top.u_system_wrapper.u_cdm.mem[144][2] (+)
|-- (1)top.u_system_wrapper.u_cdm.mem[144][3] (+)
|-- (1)top.u_system_wrapper.u_cdm.mem[144][4] (+)
|-- (1)top.u_system_wrapper.u_cdm.mem[144][5] (+)
|-- (1)top.u_system_wrapper.u_cdm.mem[144][6] (+)
|-- (1)top.u_system_wrapper.u_cdm.mem[144][7] (+)
|-- (1)top.u_system_wrapper.u_cdm.mem[144][8] (+)
|-- (1)top.u_system_wrapper.u_cdm.mem[144][9] (+)
|-- (1)top.u_system_wrapper.u_cdm.mem[144][10] (+)
|-- (1)top.u_system_wrapper.u_cdm.mem[144][11] (+)
|-- (1)top.u_system_wrapper.u_cdm.mem[144][12] (+)
|-- (1)top.u_system_wrapper.u_cdm.mem[144][13] (+)
|-- (1)top.u_system_wrapper.u_cdm.mem[144][14] (+)
|-- (1)top.u_system_wrapper.u_cdm.mem[144][15] (+)
|-- (1)top.u_system_wrapper.u_cdm.mem[144][16] (+)
|-- (1)top.u_system_wrapper.u_cdm.mem[144][17] (+)
|-- (1)top.u_system_wrapper.u_cdm.mem[144][18] (+)
|-- (1)top.u_system_wrapper.u_cdm.mem[144][19] (+)
|-- (1)top.u_system_wrapper.u_cdm.mem[144][20] (+)
|-- (1)top.u_system_wrapper.u_cdm.mem[144][21] (+)
|-- (1)top.u_system_wrapper.u_cdm.mem[144][22] (+)
|-- (1)top.u_system_wrapper.u_cdm.mem[144][23] (+)
|-- (1)top.u_system_wrapper.u_cdm.mem[144][24] (+)
|-- (1)top.u_system_wrapper.u_cdm.mem[144][25] (+)
|-- (1)top.u_system_wrapper.u_cdm.mem[144][26] (+)
|-- (1)top.u_system_wrapper.u_cdm.mem[144][27] (+)
|-- (1)top.u_system_wrapper.u_cdm.mem[144][28] (+)
|-- (1)top.u_system_wrapper.u_cdm.mem[144][29] (+)
|-- (1)top.u_system_wrapper.u_cdm.mem[144][30] (+)
|-- (1)top.u_system_wrapper.u_cdm.mem[144][31] (+)
|-- (1)top.u_system_wrapper.u_cdm.mem[144][32] (+)
|-- (1)top.u_system_wrapper.u_cdm.mem[143][0] (+)
|-- (1)top.u_system_wrapper.u_cdm.mem[143][1] (+)
|-- (1)top.u_system_wrapper.u_cdm.mem[143][2] (+)
|-- (1)top.u_system_wrapper.u_cdm.mem[143][3] (+)
|-- (1)top.u_system_wrapper.u_cdm.mem[143][4] (+)
|-- (1)top.u_system_wrapper.u_cdm.mem[143][5] (+)
|-- (1)top.u_system_wrapper.u_cdm.mem[143][6] (+)
|-- (1)top.u_system_wrapper.u_cdm.mem[143][7] (+)
|-- (1)top.u_system_wrapper.u_cdm.mem[143][8] (+)
|-- (1)top.u_system_wrapper.u_cdm.mem[143][9] (+)
|-- (1)top.u_system_wrapper.u_cdm.mem[143][10] (+)
|-- (1)top.u_system_wrapper.u_cdm.mem[143][11] (+)
|-- (1)top.u_system_wrapper.u_cdm.mem[143][12] (+)
|-- (1)top.u_system_wrapper.u_cdm.mem[143][13] (+)
|-- (1)top.u_system_wrapper.u_cdm.mem[143][14] (+)
|-- (1)top.u_system_wrapper.u_cdm.mem[143][15] (+)
|-- (1)top.u_system_wrapper.u_cdm.mem[143][16] (+)
|-- (1)top.u_system_wrapper.u_cdm.mem[143][17] (+)
|-- (1)top.u_system_wrapper.u_cdm.mem[143][18] (+)
|-- (1)top.u_system_wrapper.u_cdm.mem[143][19] (+)
|-- (1)top.u_system_wrapper.u_cdm.mem[143][20] (+)
|-- (1)top.u_system_wrapper.u_cdm.mem[143][21] (+)
|-- (1)top.u_system_wrapper.u_cdm.mem[143][22] (+)
|-- (1)top.u_system_wrapper.u_cdm.mem[143][23] (+)
|-- (1)top.u_system_wrapper.u_cdm.mem[143][24] (+)
|-- (1)top.u_system_wrapper.u_cdm.mem[143][25] (+)
|-- (1)top.u_system_wrapper.u_cdm.mem[143][26] (+)
|-- (1)top.u_system_wrapper.u_cdm.mem[143][27] (+)
|-- (1)top.u_system_wrapper.u_cdm.mem[143][28] (+)
|-- (1)top.u_system_wrapper.u_cdm.mem[143][29] (+)
|-- (1)top.u_system_wrapper.u_cdm.mem[143][30] (+)
|-- (1)top.u_system_wrapper.u_cdm.mem[143][31] (+)
|-- (1)top.u_system_wrapper.u_cdm.mem[143][32] (+)
|-- (1)top.u_system_wrapper.u_cdm.mem[142][0] (+)
|-- (1)top.u_system_wrapper.u_cdm.mem[142][1] (+)
|-- (1)top.u_system_wrapper.u_cdm.mem[142][2] (+)
|-- (1)top.u_system_wrapper.u_cdm.mem[142][3] (+)
|-- (1)top.u_system_wrapper.u_cdm.mem[142][4] (+)
|-- (1)top.u_system_wrapper.u_cdm.mem[142][5] (+)
|-- (1)top.u_system_wrapper.u_cdm.mem[142][6] (+)
|-- (1)top.u_system_wrapper.u_cdm.mem[142][7] (+)
|-- (1)top.u_system_wrapper.u_cdm.mem[142][8] (+)
|-- (1)top.u_system_wrapper.u_cdm.mem[142][9] (+)
|-- (1)top.u_system_wrapper.u_cdm.mem[142][10] (+)
|-- (1)top.u_system_wrapper.u_cdm.mem[142][11] (+)
|-- (1)top.u_system_wrapper.u_cdm.mem[142][12] (+)
|-- (1)top.u_system_wrapper.u_cdm.mem[142][13] (+)
|-- (1)top.u_system_wrapper.u_cdm.mem[142][14] (+)
|-- (1)top.u_system_wrapper.u_cdm.mem[142][15] (+)
|-- (1)top.u_system_wrapper.u_cdm.mem[142][16] (+)
|-- (1)top.u_system_wrapper.u_cdm.mem[142][17] (+)
|-- (1)top.u_system_wrapper.u_cdm.mem[142][18] (+)
|-- (1)top.u_system_wrapper.u_cdm.mem[142][19] (+)
|-- (1)top.u_system_wrapper.u_cdm.mem[142][20] (+)
|-- (1)top.u_system_wrapper.u_cdm.mem[142][21] (+)
|-- (1)top.u_system_wrapper.u_cdm.mem[142][22] (+)
|-- (1)top.u_system_wrapper.u_cdm.mem[142][23] (+)
|-- (1)top.u_system_wrapper.u_cdm.mem[142][24] (+)
|-- (1)top.u_system_wrapper.u_cdm.mem[142][25] (+)
|-- (1)top.u_system_wrapper.u_cdm.mem[142][26] (+)
|-- (1)top.u_system_wrapper.u_cdm.mem[142][27] (+)
|-- (1)top.u_system_wrapper.u_cdm.mem[142][28] (+)
|-- (1)top.u_system_wrapper.u_cdm.mem[142][29] (+)
|-- (1)top.u_system_wrapper.u_cdm.mem[142][30] (+)
|-- (1)top.u_system_wrapper.u_cdm.mem[142][31] (+)
|-- (1)top.u_system_wrapper.u_cdm.mem[142][32] (+)
|-- (1)top.u_system_wrapper.u_cdm.mem[141][0] (+)
|-- (1)top.u_system_wrapper.u_cdm.mem[141][1] (+)
|-- (1)top.u_system_wrapper.u_cdm.mem[141][2] (+)
|-- (1)top.u_system_wrapper.u_cdm.mem[141][3] (+)
|-- (1)top.u_system_wrapper.u_cdm.mem[141][4] (+)
|-- (1)top.u_system_wrapper.u_cdm.mem[141][5] (+)
|-- (1)top.u_system_wrapper.u_cdm.mem[141][6] (+)
|-- (1)top.u_system_wrapper.u_cdm.mem[141][7] (+)
|-- (1)top.u_system_wrapper.u_cdm.mem[141][8] (+)
|-- (1)top.u_system_wrapper.u_cdm.mem[141][9] (+)
|-- (1)top.u_system_wrapper.u_cdm.mem[141][10] (+)
|-- (1)top.u_system_wrapper.u_cdm.mem[141][11] (+)
|-- (1)top.u_system_wrapper.u_cdm.mem[141][12] (+)
|-- (1)top.u_system_wrapper.u_cdm.mem[141][13] (+)
|-- (1)top.u_system_wrapper.u_cdm.mem[141][14] (+)
|-- (1)top.u_system_wrapper.u_cdm.mem[141][15] (+)
|-- (1)top.u_system_wrapper.u_cdm.mem[141][16] (+)
|-- (1)top.u_system_wrapper.u_cdm.mem[141][17] (+)
|-- (1)top.u_system_wrapper.u_cdm.mem[141][18] (+)
|-- (1)top.u_system_wrapper.u_cdm.mem[141][19] (+)
|-- (1)top.u_system_wrapper.u_cdm.mem[141][20] (+)
|-- (1)top.u_system_wrapper.u_cdm.mem[141][21] (+)
|-- (1)top.u_system_wrapper.u_cdm.mem[141][22] (+)
|-- (1)top.u_system_wrapper.u_cdm.mem[141][23] (+)
|-- (1)top.u_system_wrapper.u_cdm.mem[141][24] (+)
|-- (1)top.u_system_wrapper.u_cdm.mem[141][25] (+)
|-- (1)top.u_system_wrapper.u_cdm.mem[141][26] (+)
|-- (1)top.u_system_wrapper.u_cdm.mem[141][27] (+)
|-- (1)top.u_system_wrapper.u_cdm.mem[141][28] (+)
|-- (1)top.u_system_wrapper.u_cdm.mem[141][29] (+)
|-- (1)top.u_system_wrapper.u_cdm.mem[141][30] (+)
|-- (1)top.u_system_wrapper.u_cdm.mem[141][31] (+)
|-- (1)top.u_system_wrapper.u_cdm.mem[141][32] (+)
|-- (1)top.u_system_wrapper.u_cdm.mem[140][0] (+)
|-- (1)top.u_system_wrapper.u_cdm.mem[140][1] (+)
|-- (1)top.u_system_wrapper.u_cdm.mem[140][2] (+)
|-- (1)top.u_system_wrapper.u_cdm.mem[140][3] (+)
|-- (1)top.u_system_wrapper.u_cdm.mem[140][4] (+)
|-- (1)top.u_system_wrapper.u_cdm.mem[140][5] (+)
|-- (1)top.u_system_wrapper.u_cdm.mem[140][6] (+)
|-- (1)top.u_system_wrapper.u_cdm.mem[140][7] (+)
|-- (1)top.u_system_wrapper.u_cdm.mem[140][8] (+)
|-- (1)top.u_system_wrapper.u_cdm.mem[140][9] (+)
|-- (1)top.u_system_wrapper.u_cdm.mem[140][10] (+)
|-- (1)top.u_system_wrapper.u_cdm.mem[140][11] (+)
|-- (1)top.u_system_wrapper.u_cdm.mem[140][12] (+)
|-- (1)top.u_system_wrapper.u_cdm.mem[140][13] (+)
|-- (1)top.u_system_wrapper.u_cdm.mem[140][14] (+)
|-- (1)top.u_system_wrapper.u_cdm.mem[140][15] (+)
|-- (1)top.u_system_wrapper.u_cdm.mem[140][16] (+)
|-- (1)top.u_system_wrapper.u_cdm.mem[140][17] (+)
|-- (1)top.u_system_wrapper.u_cdm.mem[140][18] (+)
|-- (1)top.u_system_wrapper.u_cdm.mem[140][19] (+)
|-- (1)top.u_system_wrapper.u_cdm.mem[140][20] (+)
|-- (1)top.u_system_wrapper.u_cdm.mem[140][21] (+)
|-- (1)top.u_system_wrapper.u_cdm.mem[140][22] (+)
|-- (1)top.u_system_wrapper.u_cdm.mem[140][23] (+)
|-- (1)top.u_system_wrapper.u_cdm.mem[140][24] (+)
|-- (1)top.u_system_wrapper.u_cdm.mem[140][25] (+)
|-- (1)top.u_system_wrapper.u_cdm.mem[140][26] (+)
|-- (1)top.u_system_wrapper.u_cdm.mem[140][27] (+)
|-- (1)top.u_system_wrapper.u_cdm.mem[140][28] (+)
|-- (1)top.u_system_wrapper.u_cdm.mem[140][29] (+)
|-- (1)top.u_system_wrapper.u_cdm.mem[140][30] (+)
|-- (1)top.u_system_wrapper.u_cdm.mem[140][31] (+)
|-- (1)top.u_system_wrapper.u_cdm.mem[140][32] (+)
|-- (1)top.u_system_wrapper.u_cdm.mem[139][0] (+)
|-- (1)top.u_system_wrapper.u_cdm.mem[139][1] (+)
|-- (1)top.u_system_wrapper.u_cdm.mem[139][2] (+)
|-- (1)top.u_system_wrapper.u_cdm.mem[139][3] (+)
|-- (1)top.u_system_wrapper.u_cdm.mem[139][4] (+)
|-- (1)top.u_system_wrapper.u_cdm.mem[139][5] (+)
|-- (1)top.u_system_wrapper.u_cdm.mem[139][6] (+)
|-- (1)top.u_system_wrapper.u_cdm.mem[139][7] (+)
|-- (1)top.u_system_wrapper.u_cdm.mem[139][8] (+)
|-- (1)top.u_system_wrapper.u_cdm.mem[139][9] (+)
|-- (1)top.u_system_wrapper.u_cdm.mem[139][10] (+)
|-- (1)top.u_system_wrapper.u_cdm.mem[139][11] (+)
|-- (1)top.u_system_wrapper.u_cdm.mem[139][12] (+)
|-- (1)top.u_system_wrapper.u_cdm.mem[139][13] (+)
|-- (1)top.u_system_wrapper.u_cdm.mem[139][14] (+)
|-- (1)top.u_system_wrapper.u_cdm.mem[139][15] (+)
|-- (1)top.u_system_wrapper.u_cdm.mem[139][16] (+)
|-- (1)top.u_system_wrapper.u_cdm.mem[139][17] (+)
|-- (1)top.u_system_wrapper.u_cdm.mem[139][18] (+)
|-- (1)top.u_system_wrapper.u_cdm.mem[139][19] (+)
|-- (1)top.u_system_wrapper.u_cdm.mem[139][20] (+)
|-- (1)top.u_system_wrapper.u_cdm.mem[139][21] (+)
|-- (1)top.u_system_wrapper.u_cdm.mem[139][22] (+)
|-- (1)top.u_system_wrapper.u_cdm.mem[139][23] (+)
|-- (1)top.u_system_wrapper.u_cdm.mem[139][24] (+)
|-- (1)top.u_system_wrapper.u_cdm.mem[139][25] (+)
|-- (1)top.u_system_wrapper.u_cdm.mem[139][26] (+)
|-- (1)top.u_system_wrapper.u_cdm.mem[139][27] (+)
|-- (1)top.u_system_wrapper.u_cdm.mem[139][28] (+)
|-- (1)top.u_system_wrapper.u_cdm.mem[139][29] (+)
|-- (1)top.u_system_wrapper.u_cdm.mem[139][30] (+)
|-- (1)top.u_system_wrapper.u_cdm.mem[139][31] (+)
|-- (1)top.u_system_wrapper.u_cdm.mem[139][32] (+)
|-- (1)top.u_system_wrapper.u_cdm.mem[138][0] (+)
|-- (1)top.u_system_wrapper.u_cdm.mem[138][1] (+)
|-- (1)top.u_system_wrapper.u_cdm.mem[138][2] (+)
|-- (1)top.u_system_wrapper.u_cdm.mem[138][3] (+)
|-- (1)top.u_system_wrapper.u_cdm.mem[138][4] (+)
|-- (1)top.u_system_wrapper.u_cdm.mem[138][5] (+)
|-- (1)top.u_system_wrapper.u_cdm.mem[138][6] (+)
|-- (1)top.u_system_wrapper.u_cdm.mem[138][7] (+)
|-- (1)top.u_system_wrapper.u_cdm.mem[138][8] (+)
|-- (1)top.u_system_wrapper.u_cdm.mem[138][9] (+)
|-- (1)top.u_system_wrapper.u_cdm.mem[138][10] (+)
|-- (1)top.u_system_wrapper.u_cdm.mem[138][11] (+)
|-- (1)top.u_system_wrapper.u_cdm.mem[138][12] (+)
|-- (1)top.u_system_wrapper.u_cdm.mem[138][13] (+)
|-- (1)top.u_system_wrapper.u_cdm.mem[138][14] (+)
|-- (1)top.u_system_wrapper.u_cdm.mem[138][15] (+)
|-- (1)top.u_system_wrapper.u_cdm.mem[138][16] (+)
|-- (1)top.u_system_wrapper.u_cdm.mem[138][17] (+)
|-- (1)top.u_system_wrapper.u_cdm.mem[138][18] (+)
|-- (1)top.u_system_wrapper.u_cdm.mem[138][19] (+)
|-- (1)top.u_system_wrapper.u_cdm.mem[138][20] (+)
|-- (1)top.u_system_wrapper.u_cdm.mem[138][21] (+)
|-- (1)top.u_system_wrapper.u_cdm.mem[138][22] (+)
|-- (1)top.u_system_wrapper.u_cdm.mem[138][23] (+)
|-- (1)top.u_system_wrapper.u_cdm.mem[138][24] (+)
|-- (1)top.u_system_wrapper.u_cdm.mem[138][25] (+)
|-- (1)top.u_system_wrapper.u_cdm.mem[138][26] (+)
|-- (1)top.u_system_wrapper.u_cdm.mem[138][27] (+)
|-- (1)top.u_system_wrapper.u_cdm.mem[138][28] (+)
|-- (1)top.u_system_wrapper.u_cdm.mem[138][29] (+)
|-- (1)top.u_system_wrapper.u_cdm.mem[138][30] (+)
|-- (1)top.u_system_wrapper.u_cdm.mem[138][31] (+)
|-- (1)top.u_system_wrapper.u_cdm.mem[138][32] (+)
|-- (1)top.u_system_wrapper.u_cdm.mem[137][0] (+)
|-- (1)top.u_system_wrapper.u_cdm.mem[137][1] (+)
|-- (1)top.u_system_wrapper.u_cdm.mem[137][2] (+)
|-- (1)top.u_system_wrapper.u_cdm.mem[137][3] (+)
|-- (1)top.u_system_wrapper.u_cdm.mem[137][4] (+)
|-- (1)top.u_system_wrapper.u_cdm.mem[137][5] (+)
|-- (1)top.u_system_wrapper.u_cdm.mem[137][6] (+)
|-- (1)top.u_system_wrapper.u_cdm.mem[137][7] (+)
|-- (1)top.u_system_wrapper.u_cdm.mem[137][8] (+)
|-- (1)top.u_system_wrapper.u_cdm.mem[137][9] (+)
|-- (1)top.u_system_wrapper.u_cdm.mem[137][10] (+)
|-- (1)top.u_system_wrapper.u_cdm.mem[137][11] (+)
|-- (1)top.u_system_wrapper.u_cdm.mem[137][12] (+)
|-- (1)top.u_system_wrapper.u_cdm.mem[137][13] (+)
|-- (1)top.u_system_wrapper.u_cdm.mem[137][14] (+)
|-- (1)top.u_system_wrapper.u_cdm.mem[137][15] (+)
|-- (1)top.u_system_wrapper.u_cdm.mem[137][16] (+)
|-- (1)top.u_system_wrapper.u_cdm.mem[137][17] (+)
|-- (1)top.u_system_wrapper.u_cdm.mem[137][18] (+)
|-- (1)top.u_system_wrapper.u_cdm.mem[137][19] (+)
|-- (1)top.u_system_wrapper.u_cdm.mem[137][20] (+)
|-- (1)top.u_system_wrapper.u_cdm.mem[137][21] (+)
|-- (1)top.u_system_wrapper.u_cdm.mem[137][22] (+)
|-- (1)top.u_system_wrapper.u_cdm.mem[137][23] (+)
|-- (1)top.u_system_wrapper.u_cdm.mem[137][24] (+)
|-- (1)top.u_system_wrapper.u_cdm.mem[137][25] (+)
|-- (1)top.u_system_wrapper.u_cdm.mem[137][26] (+)
|-- (1)top.u_system_wrapper.u_cdm.mem[137][27] (+)
|-- (1)top.u_system_wrapper.u_cdm.mem[137][28] (+)
|-- (1)top.u_system_wrapper.u_cdm.mem[137][29] (+)
|-- (1)top.u_system_wrapper.u_cdm.mem[137][30] (+)
|-- (1)top.u_system_wrapper.u_cdm.mem[137][31] (+)
|-- (1)top.u_system_wrapper.u_cdm.mem[137][32] (+)
|-- (1)top.u_system_wrapper.u_cdm.mem[136][0] (+)
|-- (1)top.u_system_wrapper.u_cdm.mem[136][1] (+)
|-- (1)top.u_system_wrapper.u_cdm.mem[136][2] (+)
|-- (1)top.u_system_wrapper.u_cdm.mem[136][3] (+)
|-- (1)top.u_system_wrapper.u_cdm.mem[136][4] (+)
|-- (1)top.u_system_wrapper.u_cdm.mem[136][5] (+)
|-- (1)top.u_system_wrapper.u_cdm.mem[136][6] (+)
|-- (1)top.u_system_wrapper.u_cdm.mem[136][7] (+)
|-- (1)top.u_system_wrapper.u_cdm.mem[136][8] (+)
|-- (1)top.u_system_wrapper.u_cdm.mem[136][9] (+)
|-- (1)top.u_system_wrapper.u_cdm.mem[136][10] (+)
|-- (1)top.u_system_wrapper.u_cdm.mem[136][11] (+)
|-- (1)top.u_system_wrapper.u_cdm.mem[136][12] (+)
|-- (1)top.u_system_wrapper.u_cdm.mem[136][13] (+)
|-- (1)top.u_system_wrapper.u_cdm.mem[136][14] (+)
|-- (1)top.u_system_wrapper.u_cdm.mem[136][15] (+)
|-- (1)top.u_system_wrapper.u_cdm.mem[136][16] (+)
|-- (1)top.u_system_wrapper.u_cdm.mem[136][17] (+)
|-- (1)top.u_system_wrapper.u_cdm.mem[136][18] (+)
|-- (1)top.u_system_wrapper.u_cdm.mem[136][19] (+)
|-- (1)top.u_system_wrapper.u_cdm.mem[136][20] (+)
|-- (1)top.u_system_wrapper.u_cdm.mem[136][21] (+)
|-- (1)top.u_system_wrapper.u_cdm.mem[136][22] (+)
|-- (1)top.u_system_wrapper.u_cdm.mem[136][23] (+)
|-- (1)top.u_system_wrapper.u_cdm.mem[136][24] (+)
|-- (1)top.u_system_wrapper.u_cdm.mem[136][25] (+)
|-- (1)top.u_system_wrapper.u_cdm.mem[136][26] (+)
|-- (1)top.u_system_wrapper.u_cdm.mem[136][27] (+)
|-- (1)top.u_system_wrapper.u_cdm.mem[136][28] (+)
|-- (1)top.u_system_wrapper.u_cdm.mem[136][29] (+)
|-- (1)top.u_system_wrapper.u_cdm.mem[136][30] (+)
|-- (1)top.u_system_wrapper.u_cdm.mem[136][31] (+)
|-- (1)top.u_system_wrapper.u_cdm.mem[136][32] (+)
|-- (1)top.u_system_wrapper.u_cdm.mem[135][0] (+)
|-- (1)top.u_system_wrapper.u_cdm.mem[135][1] (+)
|-- (1)top.u_system_wrapper.u_cdm.mem[135][2] (+)
|-- (1)top.u_system_wrapper.u_cdm.mem[135][3] (+)
|-- (1)top.u_system_wrapper.u_cdm.mem[135][4] (+)
|-- (1)top.u_system_wrapper.u_cdm.mem[135][5] (+)
|-- (1)top.u_system_wrapper.u_cdm.mem[135][6] (+)
|-- (1)top.u_system_wrapper.u_cdm.mem[135][7] (+)
|-- (1)top.u_system_wrapper.u_cdm.mem[135][8] (+)
|-- (1)top.u_system_wrapper.u_cdm.mem[135][9] (+)
|-- (1)top.u_system_wrapper.u_cdm.mem[135][10] (+)
|-- (1)top.u_system_wrapper.u_cdm.mem[135][11] (+)
|-- (1)top.u_system_wrapper.u_cdm.mem[135][12] (+)
|-- (1)top.u_system_wrapper.u_cdm.mem[135][13] (+)
|-- (1)top.u_system_wrapper.u_cdm.mem[135][14] (+)
|-- (1)top.u_system_wrapper.u_cdm.mem[135][15] (+)
|-- (1)top.u_system_wrapper.u_cdm.mem[135][16] (+)
|-- (1)top.u_system_wrapper.u_cdm.mem[135][17] (+)
|-- (1)top.u_system_wrapper.u_cdm.mem[135][18] (+)
|-- (1)top.u_system_wrapper.u_cdm.mem[135][19] (+)
|-- (1)top.u_system_wrapper.u_cdm.mem[135][20] (+)
|-- (1)top.u_system_wrapper.u_cdm.mem[135][21] (+)
|-- (1)top.u_system_wrapper.u_cdm.mem[135][22] (+)
|-- (1)top.u_system_wrapper.u_cdm.mem[135][23] (+)
|-- (1)top.u_system_wrapper.u_cdm.mem[135][24] (+)
|-- (1)top.u_system_wrapper.u_cdm.mem[135][25] (+)
|-- (1)top.u_system_wrapper.u_cdm.mem[135][26] (+)
|-- (1)top.u_system_wrapper.u_cdm.mem[135][27] (+)
|-- (1)top.u_system_wrapper.u_cdm.mem[135][28] (+)
|-- (1)top.u_system_wrapper.u_cdm.mem[135][29] (+)
|-- (1)top.u_system_wrapper.u_cdm.mem[135][30] (+)
|-- (1)top.u_system_wrapper.u_cdm.mem[135][31] (+)
|-- (1)top.u_system_wrapper.u_cdm.mem[135][32] (+)
|-- (1)top.u_system_wrapper.u_cdm.mem[134][0] (+)
|-- (1)top.u_system_wrapper.u_cdm.mem[134][1] (+)
|-- (1)top.u_system_wrapper.u_cdm.mem[134][2] (+)
|-- (1)top.u_system_wrapper.u_cdm.mem[134][3] (+)
|-- (1)top.u_system_wrapper.u_cdm.mem[134][4] (+)
|-- (1)top.u_system_wrapper.u_cdm.mem[134][5] (+)
|-- (1)top.u_system_wrapper.u_cdm.mem[134][6] (+)
|-- (1)top.u_system_wrapper.u_cdm.mem[134][7] (+)
|-- (1)top.u_system_wrapper.u_cdm.mem[134][8] (+)
|-- (1)top.u_system_wrapper.u_cdm.mem[134][9] (+)
|-- (1)top.u_system_wrapper.u_cdm.mem[134][10] (+)
|-- (1)top.u_system_wrapper.u_cdm.mem[134][11] (+)
|-- (1)top.u_system_wrapper.u_cdm.mem[134][12] (+)
|-- (1)top.u_system_wrapper.u_cdm.mem[134][13] (+)
|-- (1)top.u_system_wrapper.u_cdm.mem[134][14] (+)
|-- (1)top.u_system_wrapper.u_cdm.mem[134][15] (+)
|-- (1)top.u_system_wrapper.u_cdm.mem[134][16] (+)
|-- (1)top.u_system_wrapper.u_cdm.mem[134][17] (+)
|-- (1)top.u_system_wrapper.u_cdm.mem[134][18] (+)
|-- (1)top.u_system_wrapper.u_cdm.mem[134][19] (+)
|-- (1)top.u_system_wrapper.u_cdm.mem[134][20] (+)
|-- (1)top.u_system_wrapper.u_cdm.mem[134][21] (+)
|-- (1)top.u_system_wrapper.u_cdm.mem[134][22] (+)
|-- (1)top.u_system_wrapper.u_cdm.mem[134][23] (+)
|-- (1)top.u_system_wrapper.u_cdm.mem[134][24] (+)
|-- (1)top.u_system_wrapper.u_cdm.mem[134][25] (+)
|-- (1)top.u_system_wrapper.u_cdm.mem[134][26] (+)
|-- (1)top.u_system_wrapper.u_cdm.mem[134][27] (+)
|-- (1)top.u_system_wrapper.u_cdm.mem[134][28] (+)
|-- (1)top.u_system_wrapper.u_cdm.mem[134][29] (+)
|-- (1)top.u_system_wrapper.u_cdm.mem[134][30] (+)
|-- (1)top.u_system_wrapper.u_cdm.mem[134][31] (+)
|-- (1)top.u_system_wrapper.u_cdm.mem[134][32] (+)
|-- (1)top.u_system_wrapper.u_cdm.mem[133][0] (+)
|-- (1)top.u_system_wrapper.u_cdm.mem[133][1] (+)
|-- (1)top.u_system_wrapper.u_cdm.mem[133][2] (+)
|-- (1)top.u_system_wrapper.u_cdm.mem[133][3] (+)
|-- (1)top.u_system_wrapper.u_cdm.mem[133][4] (+)
|-- (1)top.u_system_wrapper.u_cdm.mem[133][5] (+)
|-- (1)top.u_system_wrapper.u_cdm.mem[133][6] (+)
|-- (1)top.u_system_wrapper.u_cdm.mem[133][7] (+)
|-- (1)top.u_system_wrapper.u_cdm.mem[133][8] (+)
|-- (1)top.u_system_wrapper.u_cdm.mem[133][9] (+)
|-- (1)top.u_system_wrapper.u_cdm.mem[133][10] (+)
|-- (1)top.u_system_wrapper.u_cdm.mem[133][11] (+)
|-- (1)top.u_system_wrapper.u_cdm.mem[133][12] (+)
|-- (1)top.u_system_wrapper.u_cdm.mem[133][13] (+)
|-- (1)top.u_system_wrapper.u_cdm.mem[133][14] (+)
|-- (1)top.u_system_wrapper.u_cdm.mem[133][15] (+)
|-- (1)top.u_system_wrapper.u_cdm.mem[133][16] (+)
|-- (1)top.u_system_wrapper.u_cdm.mem[133][17] (+)
|-- (1)top.u_system_wrapper.u_cdm.mem[133][18] (+)
|-- (1)top.u_system_wrapper.u_cdm.mem[133][19] (+)
|-- (1)top.u_system_wrapper.u_cdm.mem[133][20] (+)
|-- (1)top.u_system_wrapper.u_cdm.mem[133][21] (+)
|-- (1)top.u_system_wrapper.u_cdm.mem[133][22] (+)
|-- (1)top.u_system_wrapper.u_cdm.mem[133][23] (+)
|-- (1)top.u_system_wrapper.u_cdm.mem[133][24] (+)
|-- (1)top.u_system_wrapper.u_cdm.mem[133][25] (+)
|-- (1)top.u_system_wrapper.u_cdm.mem[133][26] (+)
|-- (1)top.u_system_wrapper.u_cdm.mem[133][27] (+)
|-- (1)top.u_system_wrapper.u_cdm.mem[133][28] (+)
|-- (1)top.u_system_wrapper.u_cdm.mem[133][29] (+)
|-- (1)top.u_system_wrapper.u_cdm.mem[133][30] (+)
|-- (1)top.u_system_wrapper.u_cdm.mem[133][31] (+)
|-- (1)top.u_system_wrapper.u_cdm.mem[133][32] (+)
|-- (1)top.u_system_wrapper.u_cdm.mem[132][0] (+)
|-- (1)top.u_system_wrapper.u_cdm.mem[132][1] (+)
|-- (1)top.u_system_wrapper.u_cdm.mem[132][2] (+)
|-- (1)top.u_system_wrapper.u_cdm.mem[132][3] (+)
|-- (1)top.u_system_wrapper.u_cdm.mem[132][4] (+)
|-- (1)top.u_system_wrapper.u_cdm.mem[132][5] (+)
|-- (1)top.u_system_wrapper.u_cdm.mem[132][6] (+)
|-- (1)top.u_system_wrapper.u_cdm.mem[132][7] (+)
|-- (1)top.u_system_wrapper.u_cdm.mem[132][8] (+)
|-- (1)top.u_system_wrapper.u_cdm.mem[132][9] (+)
|-- (1)top.u_system_wrapper.u_cdm.mem[132][10] (+)
|-- (1)top.u_system_wrapper.u_cdm.mem[132][11] (+)
|-- (1)top.u_system_wrapper.u_cdm.mem[132][12] (+)
|-- (1)top.u_system_wrapper.u_cdm.mem[132][13] (+)
|-- (1)top.u_system_wrapper.u_cdm.mem[132][14] (+)
|-- (1)top.u_system_wrapper.u_cdm.mem[132][15] (+)
|-- (1)top.u_system_wrapper.u_cdm.mem[132][16] (+)
|-- (1)top.u_system_wrapper.u_cdm.mem[132][17] (+)
|-- (1)top.u_system_wrapper.u_cdm.mem[132][18] (+)
|-- (1)top.u_system_wrapper.u_cdm.mem[132][19] (+)
|-- (1)top.u_system_wrapper.u_cdm.mem[132][20] (+)
|-- (1)top.u_system_wrapper.u_cdm.mem[132][21] (+)
|-- (1)top.u_system_wrapper.u_cdm.mem[132][22] (+)
|-- (1)top.u_system_wrapper.u_cdm.mem[132][23] (+)
|-- (1)top.u_system_wrapper.u_cdm.mem[132][24] (+)
|-- (1)top.u_system_wrapper.u_cdm.mem[132][25] (+)
|-- (1)top.u_system_wrapper.u_cdm.mem[132][26] (+)
|-- (1)top.u_system_wrapper.u_cdm.mem[132][27] (+)
|-- (1)top.u_system_wrapper.u_cdm.mem[132][28] (+)
|-- (1)top.u_system_wrapper.u_cdm.mem[132][29] (+)
|-- (1)top.u_system_wrapper.u_cdm.mem[132][30] (+)
|-- (1)top.u_system_wrapper.u_cdm.mem[132][31] (+)
|-- (1)top.u_system_wrapper.u_cdm.mem[132][32] (+)
|-- (1)top.u_system_wrapper.u_cdm.mem[131][0] (+)
|-- (1)top.u_system_wrapper.u_cdm.mem[131][1] (+)
|-- (1)top.u_system_wrapper.u_cdm.mem[131][2] (+)
|-- (1)top.u_system_wrapper.u_cdm.mem[131][3] (+)
|-- (1)top.u_system_wrapper.u_cdm.mem[131][4] (+)
|-- (1)top.u_system_wrapper.u_cdm.mem[131][5] (+)
|-- (1)top.u_system_wrapper.u_cdm.mem[131][6] (+)
|-- (1)top.u_system_wrapper.u_cdm.mem[131][7] (+)
|-- (1)top.u_system_wrapper.u_cdm.mem[131][8] (+)
|-- (1)top.u_system_wrapper.u_cdm.mem[131][9] (+)
|-- (1)top.u_system_wrapper.u_cdm.mem[131][10] (+)
|-- (1)top.u_system_wrapper.u_cdm.mem[131][11] (+)
|-- (1)top.u_system_wrapper.u_cdm.mem[131][12] (+)
|-- (1)top.u_system_wrapper.u_cdm.mem[131][13] (+)
|-- (1)top.u_system_wrapper.u_cdm.mem[131][14] (+)
|-- (1)top.u_system_wrapper.u_cdm.mem[131][15] (+)
|-- (1)top.u_system_wrapper.u_cdm.mem[131][16] (+)
|-- (1)top.u_system_wrapper.u_cdm.mem[131][17] (+)
|-- (1)top.u_system_wrapper.u_cdm.mem[131][18] (+)
|-- (1)top.u_system_wrapper.u_cdm.mem[131][19] (+)
|-- (1)top.u_system_wrapper.u_cdm.mem[131][20] (+)
|-- (1)top.u_system_wrapper.u_cdm.mem[131][21] (+)
|-- (1)top.u_system_wrapper.u_cdm.mem[131][22] (+)
|-- (1)top.u_system_wrapper.u_cdm.mem[131][23] (+)
|-- (1)top.u_system_wrapper.u_cdm.mem[131][24] (+)
|-- (1)top.u_system_wrapper.u_cdm.mem[131][25] (+)
|-- (1)top.u_system_wrapper.u_cdm.mem[131][26] (+)
|-- (1)top.u_system_wrapper.u_cdm.mem[131][27] (+)
|-- (1)top.u_system_wrapper.u_cdm.mem[131][28] (+)
|-- (1)top.u_system_wrapper.u_cdm.mem[131][29] (+)
|-- (1)top.u_system_wrapper.u_cdm.mem[131][30] (+)
|-- (1)top.u_system_wrapper.u_cdm.mem[131][31] (+)
|-- (1)top.u_system_wrapper.u_cdm.mem[131][32] (+)
|-- (1)top.u_system_wrapper.u_cdm.mem[130][0] (+)
|-- (1)top.u_system_wrapper.u_cdm.mem[130][1] (+)
|-- (1)top.u_system_wrapper.u_cdm.mem[130][2] (+)
|-- (1)top.u_system_wrapper.u_cdm.mem[130][3] (+)
|-- (1)top.u_system_wrapper.u_cdm.mem[130][4] (+)
|-- (1)top.u_system_wrapper.u_cdm.mem[130][5] (+)
|-- (1)top.u_system_wrapper.u_cdm.mem[130][6] (+)
|-- (1)top.u_system_wrapper.u_cdm.mem[130][7] (+)
|-- (1)top.u_system_wrapper.u_cdm.mem[130][8] (+)
|-- (1)top.u_system_wrapper.u_cdm.mem[130][9] (+)
|-- (1)top.u_system_wrapper.u_cdm.mem[130][10] (+)
|-- (1)top.u_system_wrapper.u_cdm.mem[130][11] (+)
|-- (1)top.u_system_wrapper.u_cdm.mem[130][12] (+)
|-- (1)top.u_system_wrapper.u_cdm.mem[130][13] (+)
|-- (1)top.u_system_wrapper.u_cdm.mem[130][14] (+)
|-- (1)top.u_system_wrapper.u_cdm.mem[130][15] (+)
|-- (1)top.u_system_wrapper.u_cdm.mem[130][16] (+)
|-- (1)top.u_system_wrapper.u_cdm.mem[130][17] (+)
|-- (1)top.u_system_wrapper.u_cdm.mem[130][18] (+)
|-- (1)top.u_system_wrapper.u_cdm.mem[130][19] (+)
|-- (1)top.u_system_wrapper.u_cdm.mem[130][20] (+)
|-- (1)top.u_system_wrapper.u_cdm.mem[130][21] (+)
|-- (1)top.u_system_wrapper.u_cdm.mem[130][22] (+)
|-- (1)top.u_system_wrapper.u_cdm.mem[130][23] (+)
|-- (1)top.u_system_wrapper.u_cdm.mem[130][24] (+)
|-- (1)top.u_system_wrapper.u_cdm.mem[130][25] (+)
|-- (1)top.u_system_wrapper.u_cdm.mem[130][26] (+)
|-- (1)top.u_system_wrapper.u_cdm.mem[130][27] (+)
|-- (1)top.u_system_wrapper.u_cdm.mem[130][28] (+)
|-- (1)top.u_system_wrapper.u_cdm.mem[130][29] (+)
|-- (1)top.u_system_wrapper.u_cdm.mem[130][30] (+)
|-- (1)top.u_system_wrapper.u_cdm.mem[130][31] (+)
|-- (1)top.u_system_wrapper.u_cdm.mem[130][32] (+)
|-- (1)top.u_system_wrapper.u_cdm.mem[129][0] (+)
|-- (1)top.u_system_wrapper.u_cdm.mem[129][1] (+)
|-- (1)top.u_system_wrapper.u_cdm.mem[129][2] (+)
|-- (1)top.u_system_wrapper.u_cdm.mem[129][3] (+)
|-- (1)top.u_system_wrapper.u_cdm.mem[129][4] (+)
|-- (1)top.u_system_wrapper.u_cdm.mem[129][5] (+)
|-- (1)top.u_system_wrapper.u_cdm.mem[129][6] (+)
|-- (1)top.u_system_wrapper.u_cdm.mem[129][7] (+)
|-- (1)top.u_system_wrapper.u_cdm.mem[129][8] (+)
|-- (1)top.u_system_wrapper.u_cdm.mem[129][9] (+)
|-- (1)top.u_system_wrapper.u_cdm.mem[129][10] (+)
|-- (1)top.u_system_wrapper.u_cdm.mem[129][11] (+)
|-- (1)top.u_system_wrapper.u_cdm.mem[129][12] (+)
|-- (1)top.u_system_wrapper.u_cdm.mem[129][13] (+)
|-- (1)top.u_system_wrapper.u_cdm.mem[129][14] (+)
|-- (1)top.u_system_wrapper.u_cdm.mem[129][15] (+)
|-- (1)top.u_system_wrapper.u_cdm.mem[129][16] (+)
|-- (1)top.u_system_wrapper.u_cdm.mem[129][17] (+)
|-- (1)top.u_system_wrapper.u_cdm.mem[129][18] (+)
|-- (1)top.u_system_wrapper.u_cdm.mem[129][19] (+)
|-- (1)top.u_system_wrapper.u_cdm.mem[129][20] (+)
|-- (1)top.u_system_wrapper.u_cdm.mem[129][21] (+)
|-- (1)top.u_system_wrapper.u_cdm.mem[129][22] (+)
|-- (1)top.u_system_wrapper.u_cdm.mem[129][23] (+)
|-- (1)top.u_system_wrapper.u_cdm.mem[129][24] (+)
|-- (1)top.u_system_wrapper.u_cdm.mem[129][25] (+)
|-- (1)top.u_system_wrapper.u_cdm.mem[129][26] (+)
|-- (1)top.u_system_wrapper.u_cdm.mem[129][27] (+)
|-- (1)top.u_system_wrapper.u_cdm.mem[129][28] (+)
|-- (1)top.u_system_wrapper.u_cdm.mem[129][29] (+)
|-- (1)top.u_system_wrapper.u_cdm.mem[129][30] (+)
|-- (1)top.u_system_wrapper.u_cdm.mem[129][31] (+)
|-- (1)top.u_system_wrapper.u_cdm.mem[129][32] (+)
|-- (1)top.u_system_wrapper.u_cdm.mem[128][0] (+)
|-- (1)top.u_system_wrapper.u_cdm.mem[128][1] (+)
|-- (1)top.u_system_wrapper.u_cdm.mem[128][2] (+)
|-- (1)top.u_system_wrapper.u_cdm.mem[128][3] (+)
|-- (1)top.u_system_wrapper.u_cdm.mem[128][4] (+)
|-- (1)top.u_system_wrapper.u_cdm.mem[128][5] (+)
|-- (1)top.u_system_wrapper.u_cdm.mem[128][6] (+)
|-- (1)top.u_system_wrapper.u_cdm.mem[128][7] (+)
|-- (1)top.u_system_wrapper.u_cdm.mem[128][8] (+)
|-- (1)top.u_system_wrapper.u_cdm.mem[128][9] (+)
|-- (1)top.u_system_wrapper.u_cdm.mem[128][10] (+)
|-- (1)top.u_system_wrapper.u_cdm.mem[128][11] (+)
|-- (1)top.u_system_wrapper.u_cdm.mem[128][12] (+)
|-- (1)top.u_system_wrapper.u_cdm.mem[128][13] (+)
|-- (1)top.u_system_wrapper.u_cdm.mem[128][14] (+)
|-- (1)top.u_system_wrapper.u_cdm.mem[128][15] (+)
|-- (1)top.u_system_wrapper.u_cdm.mem[128][16] (+)
|-- (1)top.u_system_wrapper.u_cdm.mem[128][17] (+)
|-- (1)top.u_system_wrapper.u_cdm.mem[128][18] (+)
|-- (1)top.u_system_wrapper.u_cdm.mem[128][19] (+)
|-- (1)top.u_system_wrapper.u_cdm.mem[128][20] (+)
|-- (1)top.u_system_wrapper.u_cdm.mem[128][21] (+)
|-- (1)top.u_system_wrapper.u_cdm.mem[128][22] (+)
|-- (1)top.u_system_wrapper.u_cdm.mem[128][23] (+)
|-- (1)top.u_system_wrapper.u_cdm.mem[128][24] (+)
|-- (1)top.u_system_wrapper.u_cdm.mem[128][25] (+)
|-- (1)top.u_system_wrapper.u_cdm.mem[128][26] (+)
|-- (1)top.u_system_wrapper.u_cdm.mem[128][27] (+)
|-- (1)top.u_system_wrapper.u_cdm.mem[128][28] (+)
|-- (1)top.u_system_wrapper.u_cdm.mem[128][29] (+)
|-- (1)top.u_system_wrapper.u_cdm.mem[128][30] (+)
|-- (1)top.u_system_wrapper.u_cdm.mem[128][31] (+)
|-- (1)top.u_system_wrapper.u_cdm.mem[128][32] (+)
|-- (1)top.u_system_wrapper.u_cdm.mem[127][0] (+)
|-- (1)top.u_system_wrapper.u_cdm.mem[127][1] (+)
|-- (1)top.u_system_wrapper.u_cdm.mem[127][2] (+)
|-- (1)top.u_system_wrapper.u_cdm.mem[127][3] (+)
|-- (1)top.u_system_wrapper.u_cdm.mem[127][4] (+)
|-- (1)top.u_system_wrapper.u_cdm.mem[127][5] (+)
|-- (1)top.u_system_wrapper.u_cdm.mem[127][6] (+)
|-- (1)top.u_system_wrapper.u_cdm.mem[127][7] (+)
|-- (1)top.u_system_wrapper.u_cdm.mem[127][8] (+)
|-- (1)top.u_system_wrapper.u_cdm.mem[127][9] (+)
|-- (1)top.u_system_wrapper.u_cdm.mem[127][10] (+)
|-- (1)top.u_system_wrapper.u_cdm.mem[127][11] (+)
|-- (1)top.u_system_wrapper.u_cdm.mem[127][12] (+)
|-- (1)top.u_system_wrapper.u_cdm.mem[127][13] (+)
|-- (1)top.u_system_wrapper.u_cdm.mem[127][14] (+)
|-- (1)top.u_system_wrapper.u_cdm.mem[127][15] (+)
|-- (1)top.u_system_wrapper.u_cdm.mem[127][16] (+)
|-- (1)top.u_system_wrapper.u_cdm.mem[127][17] (+)
|-- (1)top.u_system_wrapper.u_cdm.mem[127][18] (+)
|-- (1)top.u_system_wrapper.u_cdm.mem[127][19] (+)
|-- (1)top.u_system_wrapper.u_cdm.mem[127][20] (+)
|-- (1)top.u_system_wrapper.u_cdm.mem[127][21] (+)
|-- (1)top.u_system_wrapper.u_cdm.mem[127][22] (+)
|-- (1)top.u_system_wrapper.u_cdm.mem[127][23] (+)
|-- (1)top.u_system_wrapper.u_cdm.mem[127][24] (+)
|-- (1)top.u_system_wrapper.u_cdm.mem[127][25] (+)
|-- (1)top.u_system_wrapper.u_cdm.mem[127][26] (+)
|-- (1)top.u_system_wrapper.u_cdm.mem[127][27] (+)
|-- (1)top.u_system_wrapper.u_cdm.mem[127][28] (+)
|-- (1)top.u_system_wrapper.u_cdm.mem[127][29] (+)
|-- (1)top.u_system_wrapper.u_cdm.mem[127][30] (+)
|-- (1)top.u_system_wrapper.u_cdm.mem[127][31] (+)
|-- (1)top.u_system_wrapper.u_cdm.mem[127][32] (+)
|-- (1)top.u_system_wrapper.u_cdm.mem[126][0] (+)
|-- (1)top.u_system_wrapper.u_cdm.mem[126][1] (+)
|-- (1)top.u_system_wrapper.u_cdm.mem[126][2] (+)
|-- (1)top.u_system_wrapper.u_cdm.mem[126][3] (+)
|-- (1)top.u_system_wrapper.u_cdm.mem[126][4] (+)
|-- (1)top.u_system_wrapper.u_cdm.mem[126][5] (+)
|-- (1)top.u_system_wrapper.u_cdm.mem[126][6] (+)
|-- (1)top.u_system_wrapper.u_cdm.mem[126][7] (+)
|-- (1)top.u_system_wrapper.u_cdm.mem[126][8] (+)
|-- (1)top.u_system_wrapper.u_cdm.mem[126][9] (+)
|-- (1)top.u_system_wrapper.u_cdm.mem[126][10] (+)
|-- (1)top.u_system_wrapper.u_cdm.mem[126][11] (+)
|-- (1)top.u_system_wrapper.u_cdm.mem[126][12] (+)
|-- (1)top.u_system_wrapper.u_cdm.mem[126][13] (+)
|-- (1)top.u_system_wrapper.u_cdm.mem[126][14] (+)
|-- (1)top.u_system_wrapper.u_cdm.mem[126][15] (+)
|-- (1)top.u_system_wrapper.u_cdm.mem[126][16] (+)
|-- (1)top.u_system_wrapper.u_cdm.mem[126][17] (+)
|-- (1)top.u_system_wrapper.u_cdm.mem[126][18] (+)
|-- (1)top.u_system_wrapper.u_cdm.mem[126][19] (+)
|-- (1)top.u_system_wrapper.u_cdm.mem[126][20] (+)
|-- (1)top.u_system_wrapper.u_cdm.mem[126][21] (+)
|-- (1)top.u_system_wrapper.u_cdm.mem[126][22] (+)
|-- (1)top.u_system_wrapper.u_cdm.mem[126][23] (+)
|-- (1)top.u_system_wrapper.u_cdm.mem[126][24] (+)
|-- (1)top.u_system_wrapper.u_cdm.mem[126][25] (+)
|-- (1)top.u_system_wrapper.u_cdm.mem[126][26] (+)
|-- (1)top.u_system_wrapper.u_cdm.mem[126][27] (+)
|-- (1)top.u_system_wrapper.u_cdm.mem[126][28] (+)
|-- (1)top.u_system_wrapper.u_cdm.mem[126][29] (+)
|-- (1)top.u_system_wrapper.u_cdm.mem[126][30] (+)
|-- (1)top.u_system_wrapper.u_cdm.mem[126][31] (+)
|-- (1)top.u_system_wrapper.u_cdm.mem[126][32] (+)
|-- (1)top.u_system_wrapper.u_cdm.mem[125][0] (+)
|-- (1)top.u_system_wrapper.u_cdm.mem[125][1] (+)
|-- (1)top.u_system_wrapper.u_cdm.mem[125][2] (+)
|-- (1)top.u_system_wrapper.u_cdm.mem[125][3] (+)
|-- (1)top.u_system_wrapper.u_cdm.mem[125][4] (+)
|-- (1)top.u_system_wrapper.u_cdm.mem[125][5] (+)
|-- (1)top.u_system_wrapper.u_cdm.mem[125][6] (+)
|-- (1)top.u_system_wrapper.u_cdm.mem[125][7] (+)
|-- (1)top.u_system_wrapper.u_cdm.mem[125][8] (+)
|-- (1)top.u_system_wrapper.u_cdm.mem[125][9] (+)
|-- (1)top.u_system_wrapper.u_cdm.mem[125][10] (+)
|-- (1)top.u_system_wrapper.u_cdm.mem[125][11] (+)
|-- (1)top.u_system_wrapper.u_cdm.mem[125][12] (+)
|-- (1)top.u_system_wrapper.u_cdm.mem[125][13] (+)
|-- (1)top.u_system_wrapper.u_cdm.mem[125][14] (+)
|-- (1)top.u_system_wrapper.u_cdm.mem[125][15] (+)
|-- (1)top.u_system_wrapper.u_cdm.mem[125][16] (+)
|-- (1)top.u_system_wrapper.u_cdm.mem[125][17] (+)
|-- (1)top.u_system_wrapper.u_cdm.mem[125][18] (+)
|-- (1)top.u_system_wrapper.u_cdm.mem[125][19] (+)
|-- (1)top.u_system_wrapper.u_cdm.mem[125][20] (+)
|-- (1)top.u_system_wrapper.u_cdm.mem[125][21] (+)
|-- (1)top.u_system_wrapper.u_cdm.mem[125][22] (+)
|-- (1)top.u_system_wrapper.u_cdm.mem[125][23] (+)
|-- (1)top.u_system_wrapper.u_cdm.mem[125][24] (+)
|-- (1)top.u_system_wrapper.u_cdm.mem[125][25] (+)
|-- (1)top.u_system_wrapper.u_cdm.mem[125][26] (+)
|-- (1)top.u_system_wrapper.u_cdm.mem[125][27] (+)
|-- (1)top.u_system_wrapper.u_cdm.mem[125][28] (+)
|-- (1)top.u_system_wrapper.u_cdm.mem[125][29] (+)
|-- (1)top.u_system_wrapper.u_cdm.mem[125][30] (+)
|-- (1)top.u_system_wrapper.u_cdm.mem[125][31] (+)
|-- (1)top.u_system_wrapper.u_cdm.mem[125][32] (+)
|-- (1)top.u_system_wrapper.u_cdm.mem[124][0] (+)
|-- (1)top.u_system_wrapper.u_cdm.mem[124][1] (+)
|-- (1)top.u_system_wrapper.u_cdm.mem[124][2] (+)
|-- (1)top.u_system_wrapper.u_cdm.mem[124][3] (+)
|-- (1)top.u_system_wrapper.u_cdm.mem[124][4] (+)
|-- (1)top.u_system_wrapper.u_cdm.mem[124][5] (+)
|-- (1)top.u_system_wrapper.u_cdm.mem[124][6] (+)
|-- (1)top.u_system_wrapper.u_cdm.mem[124][7] (+)
|-- (1)top.u_system_wrapper.u_cdm.mem[124][8] (+)
|-- (1)top.u_system_wrapper.u_cdm.mem[124][9] (+)
|-- (1)top.u_system_wrapper.u_cdm.mem[124][10] (+)
|-- (1)top.u_system_wrapper.u_cdm.mem[124][11] (+)
|-- (1)top.u_system_wrapper.u_cdm.mem[124][12] (+)
|-- (1)top.u_system_wrapper.u_cdm.mem[124][13] (+)
|-- (1)top.u_system_wrapper.u_cdm.mem[124][14] (+)
|-- (1)top.u_system_wrapper.u_cdm.mem[124][15] (+)
|-- (1)top.u_system_wrapper.u_cdm.mem[124][16] (+)
|-- (1)top.u_system_wrapper.u_cdm.mem[124][17] (+)
|-- (1)top.u_system_wrapper.u_cdm.mem[124][18] (+)
|-- (1)top.u_system_wrapper.u_cdm.mem[124][19] (+)
|-- (1)top.u_system_wrapper.u_cdm.mem[124][20] (+)
|-- (1)top.u_system_wrapper.u_cdm.mem[124][21] (+)
|-- (1)top.u_system_wrapper.u_cdm.mem[124][22] (+)
|-- (1)top.u_system_wrapper.u_cdm.mem[124][23] (+)
|-- (1)top.u_system_wrapper.u_cdm.mem[124][24] (+)
|-- (1)top.u_system_wrapper.u_cdm.mem[124][25] (+)
|-- (1)top.u_system_wrapper.u_cdm.mem[124][26] (+)
|-- (1)top.u_system_wrapper.u_cdm.mem[124][27] (+)
|-- (1)top.u_system_wrapper.u_cdm.mem[124][28] (+)
|-- (1)top.u_system_wrapper.u_cdm.mem[124][29] (+)
|-- (1)top.u_system_wrapper.u_cdm.mem[124][30] (+)
|-- (1)top.u_system_wrapper.u_cdm.mem[124][31] (+)
|-- (1)top.u_system_wrapper.u_cdm.mem[124][32] (+)
|-- (1)top.u_system_wrapper.u_cdm.mem[123][0] (+)
|-- (1)top.u_system_wrapper.u_cdm.mem[123][1] (+)
|-- (1)top.u_system_wrapper.u_cdm.mem[123][2] (+)
|-- (1)top.u_system_wrapper.u_cdm.mem[123][3] (+)
|-- (1)top.u_system_wrapper.u_cdm.mem[123][4] (+)
|-- (1)top.u_system_wrapper.u_cdm.mem[123][5] (+)
|-- (1)top.u_system_wrapper.u_cdm.mem[123][6] (+)
|-- (1)top.u_system_wrapper.u_cdm.mem[123][7] (+)
|-- (1)top.u_system_wrapper.u_cdm.mem[123][8] (+)
|-- (1)top.u_system_wrapper.u_cdm.mem[123][9] (+)
|-- (1)top.u_system_wrapper.u_cdm.mem[123][10] (+)
|-- (1)top.u_system_wrapper.u_cdm.mem[123][11] (+)
|-- (1)top.u_system_wrapper.u_cdm.mem[123][12] (+)
|-- (1)top.u_system_wrapper.u_cdm.mem[123][13] (+)
|-- (1)top.u_system_wrapper.u_cdm.mem[123][14] (+)
|-- (1)top.u_system_wrapper.u_cdm.mem[123][15] (+)
|-- (1)top.u_system_wrapper.u_cdm.mem[123][16] (+)
|-- (1)top.u_system_wrapper.u_cdm.mem[123][17] (+)
|-- (1)top.u_system_wrapper.u_cdm.mem[123][18] (+)
|-- (1)top.u_system_wrapper.u_cdm.mem[123][19] (+)
|-- (1)top.u_system_wrapper.u_cdm.mem[123][20] (+)
|-- (1)top.u_system_wrapper.u_cdm.mem[123][21] (+)
|-- (1)top.u_system_wrapper.u_cdm.mem[123][22] (+)
|-- (1)top.u_system_wrapper.u_cdm.mem[123][23] (+)
|-- (1)top.u_system_wrapper.u_cdm.mem[123][24] (+)
|-- (1)top.u_system_wrapper.u_cdm.mem[123][25] (+)
|-- (1)top.u_system_wrapper.u_cdm.mem[123][26] (+)
|-- (1)top.u_system_wrapper.u_cdm.mem[123][27] (+)
|-- (1)top.u_system_wrapper.u_cdm.mem[123][28] (+)
|-- (1)top.u_system_wrapper.u_cdm.mem[123][29] (+)
|-- (1)top.u_system_wrapper.u_cdm.mem[123][30] (+)
|-- (1)top.u_system_wrapper.u_cdm.mem[123][31] (+)
|-- (1)top.u_system_wrapper.u_cdm.mem[123][32] (+)
|-- (1)top.u_system_wrapper.u_cdm.mem[122][0] (+)
|-- (1)top.u_system_wrapper.u_cdm.mem[122][1] (+)
|-- (1)top.u_system_wrapper.u_cdm.mem[122][2] (+)
|-- (1)top.u_system_wrapper.u_cdm.mem[122][3] (+)
|-- (1)top.u_system_wrapper.u_cdm.mem[122][4] (+)
|-- (1)top.u_system_wrapper.u_cdm.mem[122][5] (+)
|-- (1)top.u_system_wrapper.u_cdm.mem[122][6] (+)
|-- (1)top.u_system_wrapper.u_cdm.mem[122][7] (+)
|-- (1)top.u_system_wrapper.u_cdm.mem[122][8] (+)
|-- (1)top.u_system_wrapper.u_cdm.mem[122][9] (+)
|-- (1)top.u_system_wrapper.u_cdm.mem[122][10] (+)
|-- (1)top.u_system_wrapper.u_cdm.mem[122][11] (+)
|-- (1)top.u_system_wrapper.u_cdm.mem[122][12] (+)
|-- (1)top.u_system_wrapper.u_cdm.mem[122][13] (+)
|-- (1)top.u_system_wrapper.u_cdm.mem[122][14] (+)
|-- (1)top.u_system_wrapper.u_cdm.mem[122][15] (+)
|-- (1)top.u_system_wrapper.u_cdm.mem[122][16] (+)
|-- (1)top.u_system_wrapper.u_cdm.mem[122][17] (+)
|-- (1)top.u_system_wrapper.u_cdm.mem[122][18] (+)
|-- (1)top.u_system_wrapper.u_cdm.mem[122][19] (+)
|-- (1)top.u_system_wrapper.u_cdm.mem[122][20] (+)
|-- (1)top.u_system_wrapper.u_cdm.mem[122][21] (+)
|-- (1)top.u_system_wrapper.u_cdm.mem[122][22] (+)
|-- (1)top.u_system_wrapper.u_cdm.mem[122][23] (+)
|-- (1)top.u_system_wrapper.u_cdm.mem[122][24] (+)
|-- (1)top.u_system_wrapper.u_cdm.mem[122][25] (+)
|-- (1)top.u_system_wrapper.u_cdm.mem[122][26] (+)
|-- (1)top.u_system_wrapper.u_cdm.mem[122][27] (+)
|-- (1)top.u_system_wrapper.u_cdm.mem[122][28] (+)
|-- (1)top.u_system_wrapper.u_cdm.mem[122][29] (+)
|-- (1)top.u_system_wrapper.u_cdm.mem[122][30] (+)
|-- (1)top.u_system_wrapper.u_cdm.mem[122][31] (+)
|-- (1)top.u_system_wrapper.u_cdm.mem[122][32] (+)
|-- (1)top.u_system_wrapper.u_cdm.mem[121][0] (+)
|-- (1)top.u_system_wrapper.u_cdm.mem[121][1] (+)
|-- (1)top.u_system_wrapper.u_cdm.mem[121][2] (+)
|-- (1)top.u_system_wrapper.u_cdm.mem[121][3] (+)
|-- (1)top.u_system_wrapper.u_cdm.mem[121][4] (+)
|-- (1)top.u_system_wrapper.u_cdm.mem[121][5] (+)
|-- (1)top.u_system_wrapper.u_cdm.mem[121][6] (+)
|-- (1)top.u_system_wrapper.u_cdm.mem[121][7] (+)
|-- (1)top.u_system_wrapper.u_cdm.mem[121][8] (+)
|-- (1)top.u_system_wrapper.u_cdm.mem[121][9] (+)
|-- (1)top.u_system_wrapper.u_cdm.mem[121][10] (+)
|-- (1)top.u_system_wrapper.u_cdm.mem[121][11] (+)
|-- (1)top.u_system_wrapper.u_cdm.mem[121][12] (+)
|-- (1)top.u_system_wrapper.u_cdm.mem[121][13] (+)
|-- (1)top.u_system_wrapper.u_cdm.mem[121][14] (+)
|-- (1)top.u_system_wrapper.u_cdm.mem[121][15] (+)
|-- (1)top.u_system_wrapper.u_cdm.mem[121][16] (+)
|-- (1)top.u_system_wrapper.u_cdm.mem[121][17] (+)
|-- (1)top.u_system_wrapper.u_cdm.mem[121][18] (+)
|-- (1)top.u_system_wrapper.u_cdm.mem[121][19] (+)
|-- (1)top.u_system_wrapper.u_cdm.mem[121][20] (+)
|-- (1)top.u_system_wrapper.u_cdm.mem[121][21] (+)
|-- (1)top.u_system_wrapper.u_cdm.mem[121][22] (+)
|-- (1)top.u_system_wrapper.u_cdm.mem[121][23] (+)
|-- (1)top.u_system_wrapper.u_cdm.mem[121][24] (+)
|-- (1)top.u_system_wrapper.u_cdm.mem[121][25] (+)
|-- (1)top.u_system_wrapper.u_cdm.mem[121][26] (+)
|-- (1)top.u_system_wrapper.u_cdm.mem[121][27] (+)
|-- (1)top.u_system_wrapper.u_cdm.mem[121][28] (+)
|-- (1)top.u_system_wrapper.u_cdm.mem[121][29] (+)
|-- (1)top.u_system_wrapper.u_cdm.mem[121][30] (+)
|-- (1)top.u_system_wrapper.u_cdm.mem[121][31] (+)
|-- (1)top.u_system_wrapper.u_cdm.mem[121][32] (+)
|-- (1)top.u_system_wrapper.u_cdm.mem[120][0] (+)
|-- (1)top.u_system_wrapper.u_cdm.mem[120][1] (+)
|-- (1)top.u_system_wrapper.u_cdm.mem[120][2] (+)
|-- (1)top.u_system_wrapper.u_cdm.mem[120][3] (+)
|-- (1)top.u_system_wrapper.u_cdm.mem[120][4] (+)
|-- (1)top.u_system_wrapper.u_cdm.mem[120][5] (+)
|-- (1)top.u_system_wrapper.u_cdm.mem[120][6] (+)
|-- (1)top.u_system_wrapper.u_cdm.mem[120][7] (+)
|-- (1)top.u_system_wrapper.u_cdm.mem[120][8] (+)
|-- (1)top.u_system_wrapper.u_cdm.mem[120][9] (+)
|-- (1)top.u_system_wrapper.u_cdm.mem[120][10] (+)
|-- (1)top.u_system_wrapper.u_cdm.mem[120][11] (+)
|-- (1)top.u_system_wrapper.u_cdm.mem[120][12] (+)
|-- (1)top.u_system_wrapper.u_cdm.mem[120][13] (+)
|-- (1)top.u_system_wrapper.u_cdm.mem[120][14] (+)
|-- (1)top.u_system_wrapper.u_cdm.mem[120][15] (+)
|-- (1)top.u_system_wrapper.u_cdm.mem[120][16] (+)
|-- (1)top.u_system_wrapper.u_cdm.mem[120][17] (+)
|-- (1)top.u_system_wrapper.u_cdm.mem[120][18] (+)
|-- (1)top.u_system_wrapper.u_cdm.mem[120][19] (+)
|-- (1)top.u_system_wrapper.u_cdm.mem[120][20] (+)
|-- (1)top.u_system_wrapper.u_cdm.mem[120][21] (+)
|-- (1)top.u_system_wrapper.u_cdm.mem[120][22] (+)
|-- (1)top.u_system_wrapper.u_cdm.mem[120][23] (+)
|-- (1)top.u_system_wrapper.u_cdm.mem[120][24] (+)
|-- (1)top.u_system_wrapper.u_cdm.mem[120][25] (+)
|-- (1)top.u_system_wrapper.u_cdm.mem[120][26] (+)
|-- (1)top.u_system_wrapper.u_cdm.mem[120][27] (+)
|-- (1)top.u_system_wrapper.u_cdm.mem[120][28] (+)
|-- (1)top.u_system_wrapper.u_cdm.mem[120][29] (+)
|-- (1)top.u_system_wrapper.u_cdm.mem[120][30] (+)
|-- (1)top.u_system_wrapper.u_cdm.mem[120][31] (+)
|-- (1)top.u_system_wrapper.u_cdm.mem[120][32] (+)
|-- (1)top.u_system_wrapper.u_cdm.mem[119][0] (+)
|-- (1)top.u_system_wrapper.u_cdm.mem[119][1] (+)
|-- (1)top.u_system_wrapper.u_cdm.mem[119][2] (+)
|-- (1)top.u_system_wrapper.u_cdm.mem[119][3] (+)
|-- (1)top.u_system_wrapper.u_cdm.mem[119][4] (+)
|-- (1)top.u_system_wrapper.u_cdm.mem[119][5] (+)
|-- (1)top.u_system_wrapper.u_cdm.mem[119][6] (+)
|-- (1)top.u_system_wrapper.u_cdm.mem[119][7] (+)
|-- (1)top.u_system_wrapper.u_cdm.mem[119][8] (+)
|-- (1)top.u_system_wrapper.u_cdm.mem[119][9] (+)
|-- (1)top.u_system_wrapper.u_cdm.mem[119][10] (+)
|-- (1)top.u_system_wrapper.u_cdm.mem[119][11] (+)
|-- (1)top.u_system_wrapper.u_cdm.mem[119][12] (+)
|-- (1)top.u_system_wrapper.u_cdm.mem[119][13] (+)
|-- (1)top.u_system_wrapper.u_cdm.mem[119][14] (+)
|-- (1)top.u_system_wrapper.u_cdm.mem[119][15] (+)
|-- (1)top.u_system_wrapper.u_cdm.mem[119][16] (+)
|-- (1)top.u_system_wrapper.u_cdm.mem[119][17] (+)
|-- (1)top.u_system_wrapper.u_cdm.mem[119][18] (+)
|-- (1)top.u_system_wrapper.u_cdm.mem[119][19] (+)
|-- (1)top.u_system_wrapper.u_cdm.mem[119][20] (+)
|-- (1)top.u_system_wrapper.u_cdm.mem[119][21] (+)
|-- (1)top.u_system_wrapper.u_cdm.mem[119][22] (+)
|-- (1)top.u_system_wrapper.u_cdm.mem[119][23] (+)
|-- (1)top.u_system_wrapper.u_cdm.mem[119][24] (+)
|-- (1)top.u_system_wrapper.u_cdm.mem[119][25] (+)
|-- (1)top.u_system_wrapper.u_cdm.mem[119][26] (+)
|-- (1)top.u_system_wrapper.u_cdm.mem[119][27] (+)
|-- (1)top.u_system_wrapper.u_cdm.mem[119][28] (+)
|-- (1)top.u_system_wrapper.u_cdm.mem[119][29] (+)
|-- (1)top.u_system_wrapper.u_cdm.mem[119][30] (+)
|-- (1)top.u_system_wrapper.u_cdm.mem[119][31] (+)
|-- (1)top.u_system_wrapper.u_cdm.mem[119][32] (+)
|-- (1)top.u_system_wrapper.u_cdm.mem[118][0] (+)
|-- (1)top.u_system_wrapper.u_cdm.mem[118][1] (+)
|-- (1)top.u_system_wrapper.u_cdm.mem[118][2] (+)
|-- (1)top.u_system_wrapper.u_cdm.mem[118][3] (+)
|-- (1)top.u_system_wrapper.u_cdm.mem[118][4] (+)
|-- (1)top.u_system_wrapper.u_cdm.mem[118][5] (+)
|-- (1)top.u_system_wrapper.u_cdm.mem[118][6] (+)
|-- (1)top.u_system_wrapper.u_cdm.mem[118][7] (+)
|-- (1)top.u_system_wrapper.u_cdm.mem[118][8] (+)
|-- (1)top.u_system_wrapper.u_cdm.mem[118][9] (+)
|-- (1)top.u_system_wrapper.u_cdm.mem[118][10] (+)
|-- (1)top.u_system_wrapper.u_cdm.mem[118][11] (+)
|-- (1)top.u_system_wrapper.u_cdm.mem[118][12] (+)
|-- (1)top.u_system_wrapper.u_cdm.mem[118][13] (+)
|-- (1)top.u_system_wrapper.u_cdm.mem[118][14] (+)
|-- (1)top.u_system_wrapper.u_cdm.mem[118][15] (+)
|-- (1)top.u_system_wrapper.u_cdm.mem[118][16] (+)
|-- (1)top.u_system_wrapper.u_cdm.mem[118][17] (+)
|-- (1)top.u_system_wrapper.u_cdm.mem[118][18] (+)
|-- (1)top.u_system_wrapper.u_cdm.mem[118][19] (+)
|-- (1)top.u_system_wrapper.u_cdm.mem[118][20] (+)
|-- (1)top.u_system_wrapper.u_cdm.mem[118][21] (+)
|-- (1)top.u_system_wrapper.u_cdm.mem[118][22] (+)
|-- (1)top.u_system_wrapper.u_cdm.mem[118][23] (+)
|-- (1)top.u_system_wrapper.u_cdm.mem[118][24] (+)
|-- (1)top.u_system_wrapper.u_cdm.mem[118][25] (+)
|-- (1)top.u_system_wrapper.u_cdm.mem[118][26] (+)
|-- (1)top.u_system_wrapper.u_cdm.mem[118][27] (+)
|-- (1)top.u_system_wrapper.u_cdm.mem[118][28] (+)
|-- (1)top.u_system_wrapper.u_cdm.mem[118][29] (+)
|-- (1)top.u_system_wrapper.u_cdm.mem[118][30] (+)
|-- (1)top.u_system_wrapper.u_cdm.mem[118][31] (+)
|-- (1)top.u_system_wrapper.u_cdm.mem[118][32] (+)
|-- (1)top.u_system_wrapper.u_cdm.mem[117][0] (+)
|-- (1)top.u_system_wrapper.u_cdm.mem[117][1] (+)
|-- (1)top.u_system_wrapper.u_cdm.mem[117][2] (+)
|-- (1)top.u_system_wrapper.u_cdm.mem[117][3] (+)
|-- (1)top.u_system_wrapper.u_cdm.mem[117][4] (+)
|-- (1)top.u_system_wrapper.u_cdm.mem[117][5] (+)
|-- (1)top.u_system_wrapper.u_cdm.mem[117][6] (+)
|-- (1)top.u_system_wrapper.u_cdm.mem[117][7] (+)
|-- (1)top.u_system_wrapper.u_cdm.mem[117][8] (+)
|-- (1)top.u_system_wrapper.u_cdm.mem[117][9] (+)
|-- (1)top.u_system_wrapper.u_cdm.mem[117][10] (+)
|-- (1)top.u_system_wrapper.u_cdm.mem[117][11] (+)
|-- (1)top.u_system_wrapper.u_cdm.mem[117][12] (+)
|-- (1)top.u_system_wrapper.u_cdm.mem[117][13] (+)
|-- (1)top.u_system_wrapper.u_cdm.mem[117][14] (+)
|-- (1)top.u_system_wrapper.u_cdm.mem[117][15] (+)
|-- (1)top.u_system_wrapper.u_cdm.mem[117][16] (+)
|-- (1)top.u_system_wrapper.u_cdm.mem[117][17] (+)
|-- (1)top.u_system_wrapper.u_cdm.mem[117][18] (+)
|-- (1)top.u_system_wrapper.u_cdm.mem[117][19] (+)
|-- (1)top.u_system_wrapper.u_cdm.mem[117][20] (+)
|-- (1)top.u_system_wrapper.u_cdm.mem[117][21] (+)
|-- (1)top.u_system_wrapper.u_cdm.mem[117][22] (+)
|-- (1)top.u_system_wrapper.u_cdm.mem[117][23] (+)
|-- (1)top.u_system_wrapper.u_cdm.mem[117][24] (+)
|-- (1)top.u_system_wrapper.u_cdm.mem[117][25] (+)
|-- (1)top.u_system_wrapper.u_cdm.mem[117][26] (+)
|-- (1)top.u_system_wrapper.u_cdm.mem[117][27] (+)
|-- (1)top.u_system_wrapper.u_cdm.mem[117][28] (+)
|-- (1)top.u_system_wrapper.u_cdm.mem[117][29] (+)
|-- (1)top.u_system_wrapper.u_cdm.mem[117][30] (+)
|-- (1)top.u_system_wrapper.u_cdm.mem[117][31] (+)
|-- (1)top.u_system_wrapper.u_cdm.mem[117][32] (+)
|-- (1)top.u_system_wrapper.u_cdm.mem[116][0] (+)
|-- (1)top.u_system_wrapper.u_cdm.mem[116][1] (+)
|-- (1)top.u_system_wrapper.u_cdm.mem[116][2] (+)
|-- (1)top.u_system_wrapper.u_cdm.mem[116][3] (+)
|-- (1)top.u_system_wrapper.u_cdm.mem[116][4] (+)
|-- (1)top.u_system_wrapper.u_cdm.mem[116][5] (+)
|-- (1)top.u_system_wrapper.u_cdm.mem[116][6] (+)
|-- (1)top.u_system_wrapper.u_cdm.mem[116][7] (+)
|-- (1)top.u_system_wrapper.u_cdm.mem[116][8] (+)
|-- (1)top.u_system_wrapper.u_cdm.mem[116][9] (+)
|-- (1)top.u_system_wrapper.u_cdm.mem[116][10] (+)
|-- (1)top.u_system_wrapper.u_cdm.mem[116][11] (+)
|-- (1)top.u_system_wrapper.u_cdm.mem[116][12] (+)
|-- (1)top.u_system_wrapper.u_cdm.mem[116][13] (+)
|-- (1)top.u_system_wrapper.u_cdm.mem[116][14] (+)
|-- (1)top.u_system_wrapper.u_cdm.mem[116][15] (+)
|-- (1)top.u_system_wrapper.u_cdm.mem[116][16] (+)
|-- (1)top.u_system_wrapper.u_cdm.mem[116][17] (+)
|-- (1)top.u_system_wrapper.u_cdm.mem[116][18] (+)
|-- (1)top.u_system_wrapper.u_cdm.mem[116][19] (+)
|-- (1)top.u_system_wrapper.u_cdm.mem[116][20] (+)
|-- (1)top.u_system_wrapper.u_cdm.mem[116][21] (+)
|-- (1)top.u_system_wrapper.u_cdm.mem[116][22] (+)
|-- (1)top.u_system_wrapper.u_cdm.mem[116][23] (+)
|-- (1)top.u_system_wrapper.u_cdm.mem[116][24] (+)
|-- (1)top.u_system_wrapper.u_cdm.mem[116][25] (+)
|-- (1)top.u_system_wrapper.u_cdm.mem[116][26] (+)
|-- (1)top.u_system_wrapper.u_cdm.mem[116][27] (+)
|-- (1)top.u_system_wrapper.u_cdm.mem[116][28] (+)
|-- (1)top.u_system_wrapper.u_cdm.mem[116][29] (+)
|-- (1)top.u_system_wrapper.u_cdm.mem[116][30] (+)
|-- (1)top.u_system_wrapper.u_cdm.mem[116][31] (+)
|-- (1)top.u_system_wrapper.u_cdm.mem[116][32] (+)
|-- (1)top.u_system_wrapper.u_cdm.mem[115][0] (+)
|-- (1)top.u_system_wrapper.u_cdm.mem[115][1] (+)
|-- (1)top.u_system_wrapper.u_cdm.mem[115][2] (+)
|-- (1)top.u_system_wrapper.u_cdm.mem[115][3] (+)
|-- (1)top.u_system_wrapper.u_cdm.mem[115][4] (+)
|-- (1)top.u_system_wrapper.u_cdm.mem[115][5] (+)
|-- (1)top.u_system_wrapper.u_cdm.mem[115][6] (+)
|-- (1)top.u_system_wrapper.u_cdm.mem[115][7] (+)
|-- (1)top.u_system_wrapper.u_cdm.mem[115][8] (+)
|-- (1)top.u_system_wrapper.u_cdm.mem[115][9] (+)
|-- (1)top.u_system_wrapper.u_cdm.mem[115][10] (+)
|-- (1)top.u_system_wrapper.u_cdm.mem[115][11] (+)
|-- (1)top.u_system_wrapper.u_cdm.mem[115][12] (+)
|-- (1)top.u_system_wrapper.u_cdm.mem[115][13] (+)
|-- (1)top.u_system_wrapper.u_cdm.mem[115][14] (+)
|-- (1)top.u_system_wrapper.u_cdm.mem[115][15] (+)
|-- (1)top.u_system_wrapper.u_cdm.mem[115][16] (+)
|-- (1)top.u_system_wrapper.u_cdm.mem[115][17] (+)
|-- (1)top.u_system_wrapper.u_cdm.mem[115][18] (+)
|-- (1)top.u_system_wrapper.u_cdm.mem[115][19] (+)
|-- (1)top.u_system_wrapper.u_cdm.mem[115][20] (+)
|-- (1)top.u_system_wrapper.u_cdm.mem[115][21] (+)
|-- (1)top.u_system_wrapper.u_cdm.mem[115][22] (+)
|-- (1)top.u_system_wrapper.u_cdm.mem[115][23] (+)
|-- (1)top.u_system_wrapper.u_cdm.mem[115][24] (+)
|-- (1)top.u_system_wrapper.u_cdm.mem[115][25] (+)
|-- (1)top.u_system_wrapper.u_cdm.mem[115][26] (+)
|-- (1)top.u_system_wrapper.u_cdm.mem[115][27] (+)
|-- (1)top.u_system_wrapper.u_cdm.mem[115][28] (+)
|-- (1)top.u_system_wrapper.u_cdm.mem[115][29] (+)
|-- (1)top.u_system_wrapper.u_cdm.mem[115][30] (+)
|-- (1)top.u_system_wrapper.u_cdm.mem[115][31] (+)
|-- (1)top.u_system_wrapper.u_cdm.mem[115][32] (+)
|-- (1)top.u_system_wrapper.u_cdm.mem[114][0] (+)
|-- (1)top.u_system_wrapper.u_cdm.mem[114][1] (+)
|-- (1)top.u_system_wrapper.u_cdm.mem[114][2] (+)
|-- (1)top.u_system_wrapper.u_cdm.mem[114][3] (+)
|-- (1)top.u_system_wrapper.u_cdm.mem[114][4] (+)
|-- (1)top.u_system_wrapper.u_cdm.mem[114][5] (+)
|-- (1)top.u_system_wrapper.u_cdm.mem[114][6] (+)
|-- (1)top.u_system_wrapper.u_cdm.mem[114][7] (+)
|-- (1)top.u_system_wrapper.u_cdm.mem[114][8] (+)
|-- (1)top.u_system_wrapper.u_cdm.mem[114][9] (+)
|-- (1)top.u_system_wrapper.u_cdm.mem[114][10] (+)
|-- (1)top.u_system_wrapper.u_cdm.mem[114][11] (+)
|-- (1)top.u_system_wrapper.u_cdm.mem[114][12] (+)
|-- (1)top.u_system_wrapper.u_cdm.mem[114][13] (+)
|-- (1)top.u_system_wrapper.u_cdm.mem[114][14] (+)
|-- (1)top.u_system_wrapper.u_cdm.mem[114][15] (+)
|-- (1)top.u_system_wrapper.u_cdm.mem[114][16] (+)
|-- (1)top.u_system_wrapper.u_cdm.mem[114][17] (+)
|-- (1)top.u_system_wrapper.u_cdm.mem[114][18] (+)
|-- (1)top.u_system_wrapper.u_cdm.mem[114][19] (+)
|-- (1)top.u_system_wrapper.u_cdm.mem[114][20] (+)
|-- (1)top.u_system_wrapper.u_cdm.mem[114][21] (+)
|-- (1)top.u_system_wrapper.u_cdm.mem[114][22] (+)
|-- (1)top.u_system_wrapper.u_cdm.mem[114][23] (+)
|-- (1)top.u_system_wrapper.u_cdm.mem[114][24] (+)
|-- (1)top.u_system_wrapper.u_cdm.mem[114][25] (+)
|-- (1)top.u_system_wrapper.u_cdm.mem[114][26] (+)
|-- (1)top.u_system_wrapper.u_cdm.mem[114][27] (+)
|-- (1)top.u_system_wrapper.u_cdm.mem[114][28] (+)
|-- (1)top.u_system_wrapper.u_cdm.mem[114][29] (+)
|-- (1)top.u_system_wrapper.u_cdm.mem[114][30] (+)
|-- (1)top.u_system_wrapper.u_cdm.mem[114][31] (+)
|-- (1)top.u_system_wrapper.u_cdm.mem[114][32] (+)
|-- (1)top.u_system_wrapper.u_cdm.mem[113][0] (+)
|-- (1)top.u_system_wrapper.u_cdm.mem[113][1] (+)
|-- (1)top.u_system_wrapper.u_cdm.mem[113][2] (+)
|-- (1)top.u_system_wrapper.u_cdm.mem[113][3] (+)
|-- (1)top.u_system_wrapper.u_cdm.mem[113][4] (+)
|-- (1)top.u_system_wrapper.u_cdm.mem[113][5] (+)
|-- (1)top.u_system_wrapper.u_cdm.mem[113][6] (+)
|-- (1)top.u_system_wrapper.u_cdm.mem[113][7] (+)
|-- (1)top.u_system_wrapper.u_cdm.mem[113][8] (+)
|-- (1)top.u_system_wrapper.u_cdm.mem[113][9] (+)
|-- (1)top.u_system_wrapper.u_cdm.mem[113][10] (+)
|-- (1)top.u_system_wrapper.u_cdm.mem[113][11] (+)
|-- (1)top.u_system_wrapper.u_cdm.mem[113][12] (+)
|-- (1)top.u_system_wrapper.u_cdm.mem[113][13] (+)
|-- (1)top.u_system_wrapper.u_cdm.mem[113][14] (+)
|-- (1)top.u_system_wrapper.u_cdm.mem[113][15] (+)
|-- (1)top.u_system_wrapper.u_cdm.mem[113][16] (+)
|-- (1)top.u_system_wrapper.u_cdm.mem[113][17] (+)
|-- (1)top.u_system_wrapper.u_cdm.mem[113][18] (+)
|-- (1)top.u_system_wrapper.u_cdm.mem[113][19] (+)
|-- (1)top.u_system_wrapper.u_cdm.mem[113][20] (+)
|-- (1)top.u_system_wrapper.u_cdm.mem[113][21] (+)
|-- (1)top.u_system_wrapper.u_cdm.mem[113][22] (+)
|-- (1)top.u_system_wrapper.u_cdm.mem[113][23] (+)
|-- (1)top.u_system_wrapper.u_cdm.mem[113][24] (+)
|-- (1)top.u_system_wrapper.u_cdm.mem[113][25] (+)
|-- (1)top.u_system_wrapper.u_cdm.mem[113][26] (+)
|-- (1)top.u_system_wrapper.u_cdm.mem[113][27] (+)
|-- (1)top.u_system_wrapper.u_cdm.mem[113][28] (+)
|-- (1)top.u_system_wrapper.u_cdm.mem[113][29] (+)
|-- (1)top.u_system_wrapper.u_cdm.mem[113][30] (+)
|-- (1)top.u_system_wrapper.u_cdm.mem[113][31] (+)
|-- (1)top.u_system_wrapper.u_cdm.mem[113][32] (+)
|-- (1)top.u_system_wrapper.u_cdm.mem[112][0] (+)
|-- (1)top.u_system_wrapper.u_cdm.mem[112][1] (+)
|-- (1)top.u_system_wrapper.u_cdm.mem[112][2] (+)
|-- (1)top.u_system_wrapper.u_cdm.mem[112][3] (+)
|-- (1)top.u_system_wrapper.u_cdm.mem[112][4] (+)
|-- (1)top.u_system_wrapper.u_cdm.mem[112][5] (+)
|-- (1)top.u_system_wrapper.u_cdm.mem[112][6] (+)
|-- (1)top.u_system_wrapper.u_cdm.mem[112][7] (+)
|-- (1)top.u_system_wrapper.u_cdm.mem[112][8] (+)
|-- (1)top.u_system_wrapper.u_cdm.mem[112][9] (+)
|-- (1)top.u_system_wrapper.u_cdm.mem[112][10] (+)
|-- (1)top.u_system_wrapper.u_cdm.mem[112][11] (+)
|-- (1)top.u_system_wrapper.u_cdm.mem[112][12] (+)
|-- (1)top.u_system_wrapper.u_cdm.mem[112][13] (+)
|-- (1)top.u_system_wrapper.u_cdm.mem[112][14] (+)
|-- (1)top.u_system_wrapper.u_cdm.mem[112][15] (+)
|-- (1)top.u_system_wrapper.u_cdm.mem[112][16] (+)
|-- (1)top.u_system_wrapper.u_cdm.mem[112][17] (+)
|-- (1)top.u_system_wrapper.u_cdm.mem[112][18] (+)
|-- (1)top.u_system_wrapper.u_cdm.mem[112][19] (+)
|-- (1)top.u_system_wrapper.u_cdm.mem[112][20] (+)
|-- (1)top.u_system_wrapper.u_cdm.mem[112][21] (+)
|-- (1)top.u_system_wrapper.u_cdm.mem[112][22] (+)
|-- (1)top.u_system_wrapper.u_cdm.mem[112][23] (+)
|-- (1)top.u_system_wrapper.u_cdm.mem[112][24] (+)
|-- (1)top.u_system_wrapper.u_cdm.mem[112][25] (+)
|-- (1)top.u_system_wrapper.u_cdm.mem[112][26] (+)
|-- (1)top.u_system_wrapper.u_cdm.mem[112][27] (+)
|-- (1)top.u_system_wrapper.u_cdm.mem[112][28] (+)
|-- (1)top.u_system_wrapper.u_cdm.mem[112][29] (+)
|-- (1)top.u_system_wrapper.u_cdm.mem[112][30] (+)
|-- (1)top.u_system_wrapper.u_cdm.mem[112][31] (+)
|-- (1)top.u_system_wrapper.u_cdm.mem[112][32] (+)
|-- (1)top.u_system_wrapper.u_cdm.mem[111][0] (+)
|-- (1)top.u_system_wrapper.u_cdm.mem[111][1] (+)
|-- (1)top.u_system_wrapper.u_cdm.mem[111][2] (+)
|-- (1)top.u_system_wrapper.u_cdm.mem[111][3] (+)
|-- (1)top.u_system_wrapper.u_cdm.mem[111][4] (+)
|-- (1)top.u_system_wrapper.u_cdm.mem[111][5] (+)
|-- (1)top.u_system_wrapper.u_cdm.mem[111][6] (+)
|-- (1)top.u_system_wrapper.u_cdm.mem[111][7] (+)
|-- (1)top.u_system_wrapper.u_cdm.mem[111][8] (+)
|-- (1)top.u_system_wrapper.u_cdm.mem[111][9] (+)
|-- (1)top.u_system_wrapper.u_cdm.mem[111][10] (+)
|-- (1)top.u_system_wrapper.u_cdm.mem[111][11] (+)
|-- (1)top.u_system_wrapper.u_cdm.mem[111][12] (+)
|-- (1)top.u_system_wrapper.u_cdm.mem[111][13] (+)
|-- (1)top.u_system_wrapper.u_cdm.mem[111][14] (+)
|-- (1)top.u_system_wrapper.u_cdm.mem[111][15] (+)
|-- (1)top.u_system_wrapper.u_cdm.mem[111][16] (+)
|-- (1)top.u_system_wrapper.u_cdm.mem[111][17] (+)
|-- (1)top.u_system_wrapper.u_cdm.mem[111][18] (+)
|-- (1)top.u_system_wrapper.u_cdm.mem[111][19] (+)
|-- (1)top.u_system_wrapper.u_cdm.mem[111][20] (+)
|-- (1)top.u_system_wrapper.u_cdm.mem[111][21] (+)
|-- (1)top.u_system_wrapper.u_cdm.mem[111][22] (+)
|-- (1)top.u_system_wrapper.u_cdm.mem[111][23] (+)
|-- (1)top.u_system_wrapper.u_cdm.mem[111][24] (+)
|-- (1)top.u_system_wrapper.u_cdm.mem[111][25] (+)
|-- (1)top.u_system_wrapper.u_cdm.mem[111][26] (+)
|-- (1)top.u_system_wrapper.u_cdm.mem[111][27] (+)
|-- (1)top.u_system_wrapper.u_cdm.mem[111][28] (+)
|-- (1)top.u_system_wrapper.u_cdm.mem[111][29] (+)
|-- (1)top.u_system_wrapper.u_cdm.mem[111][30] (+)
|-- (1)top.u_system_wrapper.u_cdm.mem[111][31] (+)
|-- (1)top.u_system_wrapper.u_cdm.mem[111][32] (+)
|-- (1)top.u_system_wrapper.u_cdm.mem[110][0] (+)
|-- (1)top.u_system_wrapper.u_cdm.mem[110][1] (+)
|-- (1)top.u_system_wrapper.u_cdm.mem[110][2] (+)
|-- (1)top.u_system_wrapper.u_cdm.mem[110][3] (+)
|-- (1)top.u_system_wrapper.u_cdm.mem[110][4] (+)
|-- (1)top.u_system_wrapper.u_cdm.mem[110][5] (+)
|-- (1)top.u_system_wrapper.u_cdm.mem[110][6] (+)
|-- (1)top.u_system_wrapper.u_cdm.mem[110][7] (+)
|-- (1)top.u_system_wrapper.u_cdm.mem[110][8] (+)
|-- (1)top.u_system_wrapper.u_cdm.mem[110][9] (+)
|-- (1)top.u_system_wrapper.u_cdm.mem[110][10] (+)
|-- (1)top.u_system_wrapper.u_cdm.mem[110][11] (+)
|-- (1)top.u_system_wrapper.u_cdm.mem[110][12] (+)
|-- (1)top.u_system_wrapper.u_cdm.mem[110][13] (+)
|-- (1)top.u_system_wrapper.u_cdm.mem[110][14] (+)
|-- (1)top.u_system_wrapper.u_cdm.mem[110][15] (+)
|-- (1)top.u_system_wrapper.u_cdm.mem[110][16] (+)
|-- (1)top.u_system_wrapper.u_cdm.mem[110][17] (+)
|-- (1)top.u_system_wrapper.u_cdm.mem[110][18] (+)
|-- (1)top.u_system_wrapper.u_cdm.mem[110][19] (+)
|-- (1)top.u_system_wrapper.u_cdm.mem[110][20] (+)
|-- (1)top.u_system_wrapper.u_cdm.mem[110][21] (+)
|-- (1)top.u_system_wrapper.u_cdm.mem[110][22] (+)
|-- (1)top.u_system_wrapper.u_cdm.mem[110][23] (+)
|-- (1)top.u_system_wrapper.u_cdm.mem[110][24] (+)
|-- (1)top.u_system_wrapper.u_cdm.mem[110][25] (+)
|-- (1)top.u_system_wrapper.u_cdm.mem[110][26] (+)
|-- (1)top.u_system_wrapper.u_cdm.mem[110][27] (+)
|-- (1)top.u_system_wrapper.u_cdm.mem[110][28] (+)
|-- (1)top.u_system_wrapper.u_cdm.mem[110][29] (+)
|-- (1)top.u_system_wrapper.u_cdm.mem[110][30] (+)
|-- (1)top.u_system_wrapper.u_cdm.mem[110][31] (+)
|-- (1)top.u_system_wrapper.u_cdm.mem[110][32] (+)
|-- (1)top.u_system_wrapper.u_cdm.mem[109][0] (+)
|-- (1)top.u_system_wrapper.u_cdm.mem[109][1] (+)
|-- (1)top.u_system_wrapper.u_cdm.mem[109][2] (+)
|-- (1)top.u_system_wrapper.u_cdm.mem[109][3] (+)
|-- (1)top.u_system_wrapper.u_cdm.mem[109][4] (+)
|-- (1)top.u_system_wrapper.u_cdm.mem[109][5] (+)
|-- (1)top.u_system_wrapper.u_cdm.mem[109][6] (+)
|-- (1)top.u_system_wrapper.u_cdm.mem[109][7] (+)
|-- (1)top.u_system_wrapper.u_cdm.mem[109][8] (+)
|-- (1)top.u_system_wrapper.u_cdm.mem[109][9] (+)
|-- (1)top.u_system_wrapper.u_cdm.mem[109][10] (+)
|-- (1)top.u_system_wrapper.u_cdm.mem[109][11] (+)
|-- (1)top.u_system_wrapper.u_cdm.mem[109][12] (+)
|-- (1)top.u_system_wrapper.u_cdm.mem[109][13] (+)
|-- (1)top.u_system_wrapper.u_cdm.mem[109][14] (+)
|-- (1)top.u_system_wrapper.u_cdm.mem[109][15] (+)
|-- (1)top.u_system_wrapper.u_cdm.mem[109][16] (+)
|-- (1)top.u_system_wrapper.u_cdm.mem[109][17] (+)
|-- (1)top.u_system_wrapper.u_cdm.mem[109][18] (+)
|-- (1)top.u_system_wrapper.u_cdm.mem[109][19] (+)
|-- (1)top.u_system_wrapper.u_cdm.mem[109][20] (+)
|-- (1)top.u_system_wrapper.u_cdm.mem[109][21] (+)
|-- (1)top.u_system_wrapper.u_cdm.mem[109][22] (+)
|-- (1)top.u_system_wrapper.u_cdm.mem[109][23] (+)
|-- (1)top.u_system_wrapper.u_cdm.mem[109][24] (+)
|-- (1)top.u_system_wrapper.u_cdm.mem[109][25] (+)
|-- (1)top.u_system_wrapper.u_cdm.mem[109][26] (+)
|-- (1)top.u_system_wrapper.u_cdm.mem[109][27] (+)
|-- (1)top.u_system_wrapper.u_cdm.mem[109][28] (+)
|-- (1)top.u_system_wrapper.u_cdm.mem[109][29] (+)
|-- (1)top.u_system_wrapper.u_cdm.mem[109][30] (+)
|-- (1)top.u_system_wrapper.u_cdm.mem[109][31] (+)
|-- (1)top.u_system_wrapper.u_cdm.mem[109][32] (+)
|-- (1)top.u_system_wrapper.u_cdm.mem[108][0] (+)
|-- (1)top.u_system_wrapper.u_cdm.mem[108][1] (+)
|-- (1)top.u_system_wrapper.u_cdm.mem[108][2] (+)
|-- (1)top.u_system_wrapper.u_cdm.mem[108][3] (+)
|-- (1)top.u_system_wrapper.u_cdm.mem[108][4] (+)
|-- (1)top.u_system_wrapper.u_cdm.mem[108][5] (+)
|-- (1)top.u_system_wrapper.u_cdm.mem[108][6] (+)
|-- (1)top.u_system_wrapper.u_cdm.mem[108][7] (+)
|-- (1)top.u_system_wrapper.u_cdm.mem[108][8] (+)
|-- (1)top.u_system_wrapper.u_cdm.mem[108][9] (+)
|-- (1)top.u_system_wrapper.u_cdm.mem[108][10] (+)
|-- (1)top.u_system_wrapper.u_cdm.mem[108][11] (+)
|-- (1)top.u_system_wrapper.u_cdm.mem[108][12] (+)
|-- (1)top.u_system_wrapper.u_cdm.mem[108][13] (+)
|-- (1)top.u_system_wrapper.u_cdm.mem[108][14] (+)
|-- (1)top.u_system_wrapper.u_cdm.mem[108][15] (+)
|-- (1)top.u_system_wrapper.u_cdm.mem[108][16] (+)
|-- (1)top.u_system_wrapper.u_cdm.mem[108][17] (+)
|-- (1)top.u_system_wrapper.u_cdm.mem[108][18] (+)
|-- (1)top.u_system_wrapper.u_cdm.mem[108][19] (+)
|-- (1)top.u_system_wrapper.u_cdm.mem[108][20] (+)
|-- (1)top.u_system_wrapper.u_cdm.mem[108][21] (+)
|-- (1)top.u_system_wrapper.u_cdm.mem[108][22] (+)
|-- (1)top.u_system_wrapper.u_cdm.mem[108][23] (+)
|-- (1)top.u_system_wrapper.u_cdm.mem[108][24] (+)
|-- (1)top.u_system_wrapper.u_cdm.mem[108][25] (+)
|-- (1)top.u_system_wrapper.u_cdm.mem[108][26] (+)
|-- (1)top.u_system_wrapper.u_cdm.mem[108][27] (+)
|-- (1)top.u_system_wrapper.u_cdm.mem[108][28] (+)
|-- (1)top.u_system_wrapper.u_cdm.mem[108][29] (+)
|-- (1)top.u_system_wrapper.u_cdm.mem[108][30] (+)
|-- (1)top.u_system_wrapper.u_cdm.mem[108][31] (+)
|-- (1)top.u_system_wrapper.u_cdm.mem[108][32] (+)
|-- (1)top.u_system_wrapper.u_cdm.mem[107][0] (+)
|-- (1)top.u_system_wrapper.u_cdm.mem[107][1] (+)
|-- (1)top.u_system_wrapper.u_cdm.mem[107][2] (+)
|-- (1)top.u_system_wrapper.u_cdm.mem[107][3] (+)
|-- (1)top.u_system_wrapper.u_cdm.mem[107][4] (+)
|-- (1)top.u_system_wrapper.u_cdm.mem[107][5] (+)
|-- (1)top.u_system_wrapper.u_cdm.mem[107][6] (+)
|-- (1)top.u_system_wrapper.u_cdm.mem[107][7] (+)
|-- (1)top.u_system_wrapper.u_cdm.mem[107][8] (+)
|-- (1)top.u_system_wrapper.u_cdm.mem[107][9] (+)
|-- (1)top.u_system_wrapper.u_cdm.mem[107][10] (+)
|-- (1)top.u_system_wrapper.u_cdm.mem[107][11] (+)
|-- (1)top.u_system_wrapper.u_cdm.mem[107][12] (+)
|-- (1)top.u_system_wrapper.u_cdm.mem[107][13] (+)
|-- (1)top.u_system_wrapper.u_cdm.mem[107][14] (+)
|-- (1)top.u_system_wrapper.u_cdm.mem[107][15] (+)
|-- (1)top.u_system_wrapper.u_cdm.mem[107][16] (+)
|-- (1)top.u_system_wrapper.u_cdm.mem[107][17] (+)
|-- (1)top.u_system_wrapper.u_cdm.mem[107][18] (+)
|-- (1)top.u_system_wrapper.u_cdm.mem[107][19] (+)
|-- (1)top.u_system_wrapper.u_cdm.mem[107][20] (+)
|-- (1)top.u_system_wrapper.u_cdm.mem[107][21] (+)
|-- (1)top.u_system_wrapper.u_cdm.mem[107][22] (+)
|-- (1)top.u_system_wrapper.u_cdm.mem[107][23] (+)
|-- (1)top.u_system_wrapper.u_cdm.mem[107][24] (+)
|-- (1)top.u_system_wrapper.u_cdm.mem[107][25] (+)
|-- (1)top.u_system_wrapper.u_cdm.mem[107][26] (+)
|-- (1)top.u_system_wrapper.u_cdm.mem[107][27] (+)
|-- (1)top.u_system_wrapper.u_cdm.mem[107][28] (+)
|-- (1)top.u_system_wrapper.u_cdm.mem[107][29] (+)
|-- (1)top.u_system_wrapper.u_cdm.mem[107][30] (+)
|-- (1)top.u_system_wrapper.u_cdm.mem[107][31] (+)
|-- (1)top.u_system_wrapper.u_cdm.mem[107][32] (+)
|-- (1)top.u_system_wrapper.u_cdm.mem[106][0] (+)
|-- (1)top.u_system_wrapper.u_cdm.mem[106][1] (+)
|-- (1)top.u_system_wrapper.u_cdm.mem[106][2] (+)
|-- (1)top.u_system_wrapper.u_cdm.mem[106][3] (+)
|-- (1)top.u_system_wrapper.u_cdm.mem[106][4] (+)
|-- (1)top.u_system_wrapper.u_cdm.mem[106][5] (+)
|-- (1)top.u_system_wrapper.u_cdm.mem[106][6] (+)
|-- (1)top.u_system_wrapper.u_cdm.mem[106][7] (+)
|-- (1)top.u_system_wrapper.u_cdm.mem[106][8] (+)
|-- (1)top.u_system_wrapper.u_cdm.mem[106][9] (+)
|-- (1)top.u_system_wrapper.u_cdm.mem[106][10] (+)
|-- (1)top.u_system_wrapper.u_cdm.mem[106][11] (+)
|-- (1)top.u_system_wrapper.u_cdm.mem[106][12] (+)
|-- (1)top.u_system_wrapper.u_cdm.mem[106][13] (+)
|-- (1)top.u_system_wrapper.u_cdm.mem[106][14] (+)
|-- (1)top.u_system_wrapper.u_cdm.mem[106][15] (+)
|-- (1)top.u_system_wrapper.u_cdm.mem[106][16] (+)
|-- (1)top.u_system_wrapper.u_cdm.mem[106][17] (+)
|-- (1)top.u_system_wrapper.u_cdm.mem[106][18] (+)
|-- (1)top.u_system_wrapper.u_cdm.mem[106][19] (+)
|-- (1)top.u_system_wrapper.u_cdm.mem[106][20] (+)
|-- (1)top.u_system_wrapper.u_cdm.mem[106][21] (+)
|-- (1)top.u_system_wrapper.u_cdm.mem[106][22] (+)
|-- (1)top.u_system_wrapper.u_cdm.mem[106][23] (+)
|-- (1)top.u_system_wrapper.u_cdm.mem[106][24] (+)
|-- (1)top.u_system_wrapper.u_cdm.mem[106][25] (+)
|-- (1)top.u_system_wrapper.u_cdm.mem[106][26] (+)
|-- (1)top.u_system_wrapper.u_cdm.mem[106][27] (+)
|-- (1)top.u_system_wrapper.u_cdm.mem[106][28] (+)
|-- (1)top.u_system_wrapper.u_cdm.mem[106][29] (+)
|-- (1)top.u_system_wrapper.u_cdm.mem[106][30] (+)
|-- (1)top.u_system_wrapper.u_cdm.mem[106][31] (+)
|-- (1)top.u_system_wrapper.u_cdm.mem[106][32] (+)
|-- (1)top.u_system_wrapper.u_cdm.mem[105][0] (+)
|-- (1)top.u_system_wrapper.u_cdm.mem[105][1] (+)
|-- (1)top.u_system_wrapper.u_cdm.mem[105][2] (+)
|-- (1)top.u_system_wrapper.u_cdm.mem[105][3] (+)
|-- (1)top.u_system_wrapper.u_cdm.mem[105][4] (+)
|-- (1)top.u_system_wrapper.u_cdm.mem[105][5] (+)
|-- (1)top.u_system_wrapper.u_cdm.mem[105][6] (+)
|-- (1)top.u_system_wrapper.u_cdm.mem[105][7] (+)
|-- (1)top.u_system_wrapper.u_cdm.mem[105][8] (+)
|-- (1)top.u_system_wrapper.u_cdm.mem[105][9] (+)
|-- (1)top.u_system_wrapper.u_cdm.mem[105][10] (+)
|-- (1)top.u_system_wrapper.u_cdm.mem[105][11] (+)
|-- (1)top.u_system_wrapper.u_cdm.mem[105][12] (+)
|-- (1)top.u_system_wrapper.u_cdm.mem[105][13] (+)
|-- (1)top.u_system_wrapper.u_cdm.mem[105][14] (+)
|-- (1)top.u_system_wrapper.u_cdm.mem[105][15] (+)
|-- (1)top.u_system_wrapper.u_cdm.mem[105][16] (+)
|-- (1)top.u_system_wrapper.u_cdm.mem[105][17] (+)
|-- (1)top.u_system_wrapper.u_cdm.mem[105][18] (+)
|-- (1)top.u_system_wrapper.u_cdm.mem[105][19] (+)
|-- (1)top.u_system_wrapper.u_cdm.mem[105][20] (+)
|-- (1)top.u_system_wrapper.u_cdm.mem[105][21] (+)
|-- (1)top.u_system_wrapper.u_cdm.mem[105][22] (+)
|-- (1)top.u_system_wrapper.u_cdm.mem[105][23] (+)
|-- (1)top.u_system_wrapper.u_cdm.mem[105][24] (+)
|-- (1)top.u_system_wrapper.u_cdm.mem[105][25] (+)
|-- (1)top.u_system_wrapper.u_cdm.mem[105][26] (+)
|-- (1)top.u_system_wrapper.u_cdm.mem[105][27] (+)
|-- (1)top.u_system_wrapper.u_cdm.mem[105][28] (+)
|-- (1)top.u_system_wrapper.u_cdm.mem[105][29] (+)
|-- (1)top.u_system_wrapper.u_cdm.mem[105][30] (+)
|-- (1)top.u_system_wrapper.u_cdm.mem[105][31] (+)
|-- (1)top.u_system_wrapper.u_cdm.mem[105][32] (+)
|-- (1)top.u_system_wrapper.u_cdm.mem[104][0] (+)
|-- (1)top.u_system_wrapper.u_cdm.mem[104][1] (+)
|-- (1)top.u_system_wrapper.u_cdm.mem[104][2] (+)
|-- (1)top.u_system_wrapper.u_cdm.mem[104][3] (+)
|-- (1)top.u_system_wrapper.u_cdm.mem[104][4] (+)
|-- (1)top.u_system_wrapper.u_cdm.mem[104][5] (+)
|-- (1)top.u_system_wrapper.u_cdm.mem[104][6] (+)
|-- (1)top.u_system_wrapper.u_cdm.mem[104][7] (+)
|-- (1)top.u_system_wrapper.u_cdm.mem[104][8] (+)
|-- (1)top.u_system_wrapper.u_cdm.mem[104][9] (+)
|-- (1)top.u_system_wrapper.u_cdm.mem[104][10] (+)
|-- (1)top.u_system_wrapper.u_cdm.mem[104][11] (+)
|-- (1)top.u_system_wrapper.u_cdm.mem[104][12] (+)
|-- (1)top.u_system_wrapper.u_cdm.mem[104][13] (+)
|-- (1)top.u_system_wrapper.u_cdm.mem[104][14] (+)
|-- (1)top.u_system_wrapper.u_cdm.mem[104][15] (+)
|-- (1)top.u_system_wrapper.u_cdm.mem[104][16] (+)
|-- (1)top.u_system_wrapper.u_cdm.mem[104][17] (+)
|-- (1)top.u_system_wrapper.u_cdm.mem[104][18] (+)
|-- (1)top.u_system_wrapper.u_cdm.mem[104][19] (+)
|-- (1)top.u_system_wrapper.u_cdm.mem[104][20] (+)
|-- (1)top.u_system_wrapper.u_cdm.mem[104][21] (+)
|-- (1)top.u_system_wrapper.u_cdm.mem[104][22] (+)
|-- (1)top.u_system_wrapper.u_cdm.mem[104][23] (+)
|-- (1)top.u_system_wrapper.u_cdm.mem[104][24] (+)
|-- (1)top.u_system_wrapper.u_cdm.mem[104][25] (+)
|-- (1)top.u_system_wrapper.u_cdm.mem[104][26] (+)
|-- (1)top.u_system_wrapper.u_cdm.mem[104][27] (+)
|-- (1)top.u_system_wrapper.u_cdm.mem[104][28] (+)
|-- (1)top.u_system_wrapper.u_cdm.mem[104][29] (+)
|-- (1)top.u_system_wrapper.u_cdm.mem[104][30] (+)
|-- (1)top.u_system_wrapper.u_cdm.mem[104][31] (+)
|-- (1)top.u_system_wrapper.u_cdm.mem[104][32] (+)
|-- (1)top.u_system_wrapper.u_cdm.mem[103][0] (+)
|-- (1)top.u_system_wrapper.u_cdm.mem[103][1] (+)
|-- (1)top.u_system_wrapper.u_cdm.mem[103][2] (+)
|-- (1)top.u_system_wrapper.u_cdm.mem[103][3] (+)
|-- (1)top.u_system_wrapper.u_cdm.mem[103][4] (+)
|-- (1)top.u_system_wrapper.u_cdm.mem[103][5] (+)
|-- (1)top.u_system_wrapper.u_cdm.mem[103][6] (+)
|-- (1)top.u_system_wrapper.u_cdm.mem[103][7] (+)
|-- (1)top.u_system_wrapper.u_cdm.mem[103][8] (+)
|-- (1)top.u_system_wrapper.u_cdm.mem[103][9] (+)
|-- (1)top.u_system_wrapper.u_cdm.mem[103][10] (+)
|-- (1)top.u_system_wrapper.u_cdm.mem[103][11] (+)
|-- (1)top.u_system_wrapper.u_cdm.mem[103][12] (+)
|-- (1)top.u_system_wrapper.u_cdm.mem[103][13] (+)
|-- (1)top.u_system_wrapper.u_cdm.mem[103][14] (+)
|-- (1)top.u_system_wrapper.u_cdm.mem[103][15] (+)
|-- (1)top.u_system_wrapper.u_cdm.mem[103][16] (+)
|-- (1)top.u_system_wrapper.u_cdm.mem[103][17] (+)
|-- (1)top.u_system_wrapper.u_cdm.mem[103][18] (+)
|-- (1)top.u_system_wrapper.u_cdm.mem[103][19] (+)
|-- (1)top.u_system_wrapper.u_cdm.mem[103][20] (+)
|-- (1)top.u_system_wrapper.u_cdm.mem[103][21] (+)
|-- (1)top.u_system_wrapper.u_cdm.mem[103][22] (+)
|-- (1)top.u_system_wrapper.u_cdm.mem[103][23] (+)
|-- (1)top.u_system_wrapper.u_cdm.mem[103][24] (+)
|-- (1)top.u_system_wrapper.u_cdm.mem[103][25] (+)
|-- (1)top.u_system_wrapper.u_cdm.mem[103][26] (+)
|-- (1)top.u_system_wrapper.u_cdm.mem[103][27] (+)
|-- (1)top.u_system_wrapper.u_cdm.mem[103][28] (+)
|-- (1)top.u_system_wrapper.u_cdm.mem[103][29] (+)
|-- (1)top.u_system_wrapper.u_cdm.mem[103][30] (+)
|-- (1)top.u_system_wrapper.u_cdm.mem[103][31] (+)
|-- (1)top.u_system_wrapper.u_cdm.mem[103][32] (+)
|-- (1)top.u_system_wrapper.u_cdm.mem[102][0] (+)
|-- (1)top.u_system_wrapper.u_cdm.mem[102][1] (+)
|-- (1)top.u_system_wrapper.u_cdm.mem[102][2] (+)
|-- (1)top.u_system_wrapper.u_cdm.mem[102][3] (+)
|-- (1)top.u_system_wrapper.u_cdm.mem[102][4] (+)
|-- (1)top.u_system_wrapper.u_cdm.mem[102][5] (+)
|-- (1)top.u_system_wrapper.u_cdm.mem[102][6] (+)
|-- (1)top.u_system_wrapper.u_cdm.mem[102][7] (+)
|-- (1)top.u_system_wrapper.u_cdm.mem[102][8] (+)
|-- (1)top.u_system_wrapper.u_cdm.mem[102][9] (+)
|-- (1)top.u_system_wrapper.u_cdm.mem[102][10] (+)
|-- (1)top.u_system_wrapper.u_cdm.mem[102][11] (+)
|-- (1)top.u_system_wrapper.u_cdm.mem[102][12] (+)
|-- (1)top.u_system_wrapper.u_cdm.mem[102][13] (+)
|-- (1)top.u_system_wrapper.u_cdm.mem[102][14] (+)
|-- (1)top.u_system_wrapper.u_cdm.mem[102][15] (+)
|-- (1)top.u_system_wrapper.u_cdm.mem[102][16] (+)
|-- (1)top.u_system_wrapper.u_cdm.mem[102][17] (+)
|-- (1)top.u_system_wrapper.u_cdm.mem[102][18] (+)
|-- (1)top.u_system_wrapper.u_cdm.mem[102][19] (+)
|-- (1)top.u_system_wrapper.u_cdm.mem[102][20] (+)
|-- (1)top.u_system_wrapper.u_cdm.mem[102][21] (+)
|-- (1)top.u_system_wrapper.u_cdm.mem[102][22] (+)
|-- (1)top.u_system_wrapper.u_cdm.mem[102][23] (+)
|-- (1)top.u_system_wrapper.u_cdm.mem[102][24] (+)
|-- (1)top.u_system_wrapper.u_cdm.mem[102][25] (+)
|-- (1)top.u_system_wrapper.u_cdm.mem[102][26] (+)
|-- (1)top.u_system_wrapper.u_cdm.mem[102][27] (+)
|-- (1)top.u_system_wrapper.u_cdm.mem[102][28] (+)
|-- (1)top.u_system_wrapper.u_cdm.mem[102][29] (+)
|-- (1)top.u_system_wrapper.u_cdm.mem[102][30] (+)
|-- (1)top.u_system_wrapper.u_cdm.mem[102][31] (+)
|-- (1)top.u_system_wrapper.u_cdm.mem[102][32] (+)
|-- (1)top.u_system_wrapper.u_cdm.mem[101][0] (+)
|-- (1)top.u_system_wrapper.u_cdm.mem[101][1] (+)
|-- (1)top.u_system_wrapper.u_cdm.mem[101][2] (+)
|-- (1)top.u_system_wrapper.u_cdm.mem[101][3] (+)
|-- (1)top.u_system_wrapper.u_cdm.mem[101][4] (+)
|-- (1)top.u_system_wrapper.u_cdm.mem[101][5] (+)
|-- (1)top.u_system_wrapper.u_cdm.mem[101][6] (+)
|-- (1)top.u_system_wrapper.u_cdm.mem[101][7] (+)
|-- (1)top.u_system_wrapper.u_cdm.mem[101][8] (+)
|-- (1)top.u_system_wrapper.u_cdm.mem[101][9] (+)
|-- (1)top.u_system_wrapper.u_cdm.mem[101][10] (+)
|-- (1)top.u_system_wrapper.u_cdm.mem[101][11] (+)
|-- (1)top.u_system_wrapper.u_cdm.mem[101][12] (+)
|-- (1)top.u_system_wrapper.u_cdm.mem[101][13] (+)
|-- (1)top.u_system_wrapper.u_cdm.mem[101][14] (+)
|-- (1)top.u_system_wrapper.u_cdm.mem[101][15] (+)
|-- (1)top.u_system_wrapper.u_cdm.mem[101][16] (+)
|-- (1)top.u_system_wrapper.u_cdm.mem[101][17] (+)
|-- (1)top.u_system_wrapper.u_cdm.mem[101][18] (+)
|-- (1)top.u_system_wrapper.u_cdm.mem[101][19] (+)
|-- (1)top.u_system_wrapper.u_cdm.mem[101][20] (+)
|-- (1)top.u_system_wrapper.u_cdm.mem[101][21] (+)
|-- (1)top.u_system_wrapper.u_cdm.mem[101][22] (+)
|-- (1)top.u_system_wrapper.u_cdm.mem[101][23] (+)
|-- (1)top.u_system_wrapper.u_cdm.mem[101][24] (+)
|-- (1)top.u_system_wrapper.u_cdm.mem[101][25] (+)
|-- (1)top.u_system_wrapper.u_cdm.mem[101][26] (+)
|-- (1)top.u_system_wrapper.u_cdm.mem[101][27] (+)
|-- (1)top.u_system_wrapper.u_cdm.mem[101][28] (+)
|-- (1)top.u_system_wrapper.u_cdm.mem[101][29] (+)
|-- (1)top.u_system_wrapper.u_cdm.mem[101][30] (+)
|-- (1)top.u_system_wrapper.u_cdm.mem[101][31] (+)
|-- (1)top.u_system_wrapper.u_cdm.mem[101][32] (+)
|-- (1)top.u_system_wrapper.u_cdm.mem[100][0] (+)
|-- (1)top.u_system_wrapper.u_cdm.mem[100][1] (+)
|-- (1)top.u_system_wrapper.u_cdm.mem[100][2] (+)
|-- (1)top.u_system_wrapper.u_cdm.mem[100][3] (+)
|-- (1)top.u_system_wrapper.u_cdm.mem[100][4] (+)
|-- (1)top.u_system_wrapper.u_cdm.mem[100][5] (+)
|-- (1)top.u_system_wrapper.u_cdm.mem[100][6] (+)
|-- (1)top.u_system_wrapper.u_cdm.mem[100][7] (+)
|-- (1)top.u_system_wrapper.u_cdm.mem[100][8] (+)
|-- (1)top.u_system_wrapper.u_cdm.mem[100][9] (+)
|-- (1)top.u_system_wrapper.u_cdm.mem[100][10] (+)
|-- (1)top.u_system_wrapper.u_cdm.mem[100][11] (+)
|-- (1)top.u_system_wrapper.u_cdm.mem[100][12] (+)
|-- (1)top.u_system_wrapper.u_cdm.mem[100][13] (+)
|-- (1)top.u_system_wrapper.u_cdm.mem[100][14] (+)
|-- (1)top.u_system_wrapper.u_cdm.mem[100][15] (+)
|-- (1)top.u_system_wrapper.u_cdm.mem[100][16] (+)
|-- (1)top.u_system_wrapper.u_cdm.mem[100][17] (+)
|-- (1)top.u_system_wrapper.u_cdm.mem[100][18] (+)
|-- (1)top.u_system_wrapper.u_cdm.mem[100][19] (+)
|-- (1)top.u_system_wrapper.u_cdm.mem[100][20] (+)
|-- (1)top.u_system_wrapper.u_cdm.mem[100][21] (+)
|-- (1)top.u_system_wrapper.u_cdm.mem[100][22] (+)
|-- (1)top.u_system_wrapper.u_cdm.mem[100][23] (+)
|-- (1)top.u_system_wrapper.u_cdm.mem[100][24] (+)
|-- (1)top.u_system_wrapper.u_cdm.mem[100][25] (+)
|-- (1)top.u_system_wrapper.u_cdm.mem[100][26] (+)
|-- (1)top.u_system_wrapper.u_cdm.mem[100][27] (+)
|-- (1)top.u_system_wrapper.u_cdm.mem[100][28] (+)
|-- (1)top.u_system_wrapper.u_cdm.mem[100][29] (+)
|-- (1)top.u_system_wrapper.u_cdm.mem[100][30] (+)
|-- (1)top.u_system_wrapper.u_cdm.mem[100][31] (+)
|-- (1)top.u_system_wrapper.u_cdm.mem[100][32] (+)
|-- (1)top.u_system_wrapper.u_cdm.mem[99][0] (+)
|-- (1)top.u_system_wrapper.u_cdm.mem[99][1] (+)
|-- (1)top.u_system_wrapper.u_cdm.mem[99][2] (+)
|-- (1)top.u_system_wrapper.u_cdm.mem[99][3] (+)
|-- (1)top.u_system_wrapper.u_cdm.mem[99][4] (+)
|-- (1)top.u_system_wrapper.u_cdm.mem[99][5] (+)
|-- (1)top.u_system_wrapper.u_cdm.mem[99][6] (+)
|-- (1)top.u_system_wrapper.u_cdm.mem[99][7] (+)
|-- (1)top.u_system_wrapper.u_cdm.mem[99][8] (+)
|-- (1)top.u_system_wrapper.u_cdm.mem[99][9] (+)
|-- (1)top.u_system_wrapper.u_cdm.mem[99][10] (+)
|-- (1)top.u_system_wrapper.u_cdm.mem[99][11] (+)
|-- (1)top.u_system_wrapper.u_cdm.mem[99][12] (+)
|-- (1)top.u_system_wrapper.u_cdm.mem[99][13] (+)
|-- (1)top.u_system_wrapper.u_cdm.mem[99][14] (+)
|-- (1)top.u_system_wrapper.u_cdm.mem[99][15] (+)
|-- (1)top.u_system_wrapper.u_cdm.mem[99][16] (+)
|-- (1)top.u_system_wrapper.u_cdm.mem[99][17] (+)
|-- (1)top.u_system_wrapper.u_cdm.mem[99][18] (+)
|-- (1)top.u_system_wrapper.u_cdm.mem[99][19] (+)
|-- (1)top.u_system_wrapper.u_cdm.mem[99][20] (+)
|-- (1)top.u_system_wrapper.u_cdm.mem[99][21] (+)
|-- (1)top.u_system_wrapper.u_cdm.mem[99][22] (+)
|-- (1)top.u_system_wrapper.u_cdm.mem[99][23] (+)
|-- (1)top.u_system_wrapper.u_cdm.mem[99][24] (+)
|-- (1)top.u_system_wrapper.u_cdm.mem[99][25] (+)
|-- (1)top.u_system_wrapper.u_cdm.mem[99][26] (+)
|-- (1)top.u_system_wrapper.u_cdm.mem[99][27] (+)
|-- (1)top.u_system_wrapper.u_cdm.mem[99][28] (+)
|-- (1)top.u_system_wrapper.u_cdm.mem[99][29] (+)
|-- (1)top.u_system_wrapper.u_cdm.mem[99][30] (+)
|-- (1)top.u_system_wrapper.u_cdm.mem[99][31] (+)
|-- (1)top.u_system_wrapper.u_cdm.mem[99][32] (+)
|-- (1)top.u_system_wrapper.u_cdm.mem[98][0] (+)
|-- (1)top.u_system_wrapper.u_cdm.mem[98][1] (+)
|-- (1)top.u_system_wrapper.u_cdm.mem[98][2] (+)
|-- (1)top.u_system_wrapper.u_cdm.mem[98][3] (+)
|-- (1)top.u_system_wrapper.u_cdm.mem[98][4] (+)
|-- (1)top.u_system_wrapper.u_cdm.mem[98][5] (+)
|-- (1)top.u_system_wrapper.u_cdm.mem[98][6] (+)
|-- (1)top.u_system_wrapper.u_cdm.mem[98][7] (+)
|-- (1)top.u_system_wrapper.u_cdm.mem[98][8] (+)
|-- (1)top.u_system_wrapper.u_cdm.mem[98][9] (+)
|-- (1)top.u_system_wrapper.u_cdm.mem[98][10] (+)
|-- (1)top.u_system_wrapper.u_cdm.mem[98][11] (+)
|-- (1)top.u_system_wrapper.u_cdm.mem[98][12] (+)
|-- (1)top.u_system_wrapper.u_cdm.mem[98][13] (+)
|-- (1)top.u_system_wrapper.u_cdm.mem[98][14] (+)
|-- (1)top.u_system_wrapper.u_cdm.mem[98][15] (+)
|-- (1)top.u_system_wrapper.u_cdm.mem[98][16] (+)
|-- (1)top.u_system_wrapper.u_cdm.mem[98][17] (+)
|-- (1)top.u_system_wrapper.u_cdm.mem[98][18] (+)
|-- (1)top.u_system_wrapper.u_cdm.mem[98][19] (+)
|-- (1)top.u_system_wrapper.u_cdm.mem[98][20] (+)
|-- (1)top.u_system_wrapper.u_cdm.mem[98][21] (+)
|-- (1)top.u_system_wrapper.u_cdm.mem[98][22] (+)
|-- (1)top.u_system_wrapper.u_cdm.mem[98][23] (+)
|-- (1)top.u_system_wrapper.u_cdm.mem[98][24] (+)
|-- (1)top.u_system_wrapper.u_cdm.mem[98][25] (+)
|-- (1)top.u_system_wrapper.u_cdm.mem[98][26] (+)
|-- (1)top.u_system_wrapper.u_cdm.mem[98][27] (+)
|-- (1)top.u_system_wrapper.u_cdm.mem[98][28] (+)
|-- (1)top.u_system_wrapper.u_cdm.mem[98][29] (+)
|-- (1)top.u_system_wrapper.u_cdm.mem[98][30] (+)
|-- (1)top.u_system_wrapper.u_cdm.mem[98][31] (+)
|-- (1)top.u_system_wrapper.u_cdm.mem[98][32] (+)
|-- (1)top.u_system_wrapper.u_cdm.mem[97][0] (+)
|-- (1)top.u_system_wrapper.u_cdm.mem[97][1] (+)
|-- (1)top.u_system_wrapper.u_cdm.mem[97][2] (+)
|-- (1)top.u_system_wrapper.u_cdm.mem[97][3] (+)
|-- (1)top.u_system_wrapper.u_cdm.mem[97][4] (+)
|-- (1)top.u_system_wrapper.u_cdm.mem[97][5] (+)
|-- (1)top.u_system_wrapper.u_cdm.mem[97][6] (+)
|-- (1)top.u_system_wrapper.u_cdm.mem[97][7] (+)
|-- (1)top.u_system_wrapper.u_cdm.mem[97][8] (+)
|-- (1)top.u_system_wrapper.u_cdm.mem[97][9] (+)
|-- (1)top.u_system_wrapper.u_cdm.mem[97][10] (+)
|-- (1)top.u_system_wrapper.u_cdm.mem[97][11] (+)
|-- (1)top.u_system_wrapper.u_cdm.mem[97][12] (+)
|-- (1)top.u_system_wrapper.u_cdm.mem[97][13] (+)
|-- (1)top.u_system_wrapper.u_cdm.mem[97][14] (+)
|-- (1)top.u_system_wrapper.u_cdm.mem[97][15] (+)
|-- (1)top.u_system_wrapper.u_cdm.mem[97][16] (+)
|-- (1)top.u_system_wrapper.u_cdm.mem[97][17] (+)
|-- (1)top.u_system_wrapper.u_cdm.mem[97][18] (+)
|-- (1)top.u_system_wrapper.u_cdm.mem[97][19] (+)
|-- (1)top.u_system_wrapper.u_cdm.mem[97][20] (+)
|-- (1)top.u_system_wrapper.u_cdm.mem[97][21] (+)
|-- (1)top.u_system_wrapper.u_cdm.mem[97][22] (+)
|-- (1)top.u_system_wrapper.u_cdm.mem[97][23] (+)
|-- (1)top.u_system_wrapper.u_cdm.mem[97][24] (+)
|-- (1)top.u_system_wrapper.u_cdm.mem[97][25] (+)
|-- (1)top.u_system_wrapper.u_cdm.mem[97][26] (+)
|-- (1)top.u_system_wrapper.u_cdm.mem[97][27] (+)
|-- (1)top.u_system_wrapper.u_cdm.mem[97][28] (+)
|-- (1)top.u_system_wrapper.u_cdm.mem[97][29] (+)
|-- (1)top.u_system_wrapper.u_cdm.mem[97][30] (+)
|-- (1)top.u_system_wrapper.u_cdm.mem[97][31] (+)
|-- (1)top.u_system_wrapper.u_cdm.mem[97][32] (+)
|-- (1)top.u_system_wrapper.u_cdm.mem[96][0] (+)
|-- (1)top.u_system_wrapper.u_cdm.mem[96][1] (+)
|-- (1)top.u_system_wrapper.u_cdm.mem[96][2] (+)
|-- (1)top.u_system_wrapper.u_cdm.mem[96][3] (+)
|-- (1)top.u_system_wrapper.u_cdm.mem[96][4] (+)
|-- (1)top.u_system_wrapper.u_cdm.mem[96][5] (+)
|-- (1)top.u_system_wrapper.u_cdm.mem[96][6] (+)
|-- (1)top.u_system_wrapper.u_cdm.mem[96][7] (+)
|-- (1)top.u_system_wrapper.u_cdm.mem[96][8] (+)
|-- (1)top.u_system_wrapper.u_cdm.mem[96][9] (+)
|-- (1)top.u_system_wrapper.u_cdm.mem[96][10] (+)
|-- (1)top.u_system_wrapper.u_cdm.mem[96][11] (+)
|-- (1)top.u_system_wrapper.u_cdm.mem[96][12] (+)
|-- (1)top.u_system_wrapper.u_cdm.mem[96][13] (+)
|-- (1)top.u_system_wrapper.u_cdm.mem[96][14] (+)
|-- (1)top.u_system_wrapper.u_cdm.mem[96][15] (+)
|-- (1)top.u_system_wrapper.u_cdm.mem[96][16] (+)
|-- (1)top.u_system_wrapper.u_cdm.mem[96][17] (+)
|-- (1)top.u_system_wrapper.u_cdm.mem[96][18] (+)
|-- (1)top.u_system_wrapper.u_cdm.mem[96][19] (+)
|-- (1)top.u_system_wrapper.u_cdm.mem[96][20] (+)
|-- (1)top.u_system_wrapper.u_cdm.mem[96][21] (+)
|-- (1)top.u_system_wrapper.u_cdm.mem[96][22] (+)
|-- (1)top.u_system_wrapper.u_cdm.mem[96][23] (+)
|-- (1)top.u_system_wrapper.u_cdm.mem[96][24] (+)
|-- (1)top.u_system_wrapper.u_cdm.mem[96][25] (+)
|-- (1)top.u_system_wrapper.u_cdm.mem[96][26] (+)
|-- (1)top.u_system_wrapper.u_cdm.mem[96][27] (+)
|-- (1)top.u_system_wrapper.u_cdm.mem[96][28] (+)
|-- (1)top.u_system_wrapper.u_cdm.mem[96][29] (+)
|-- (1)top.u_system_wrapper.u_cdm.mem[96][30] (+)
|-- (1)top.u_system_wrapper.u_cdm.mem[96][31] (+)
|-- (1)top.u_system_wrapper.u_cdm.mem[96][32] (+)
|-- (1)top.u_system_wrapper.u_cdm.mem[95][0] (+)
|-- (1)top.u_system_wrapper.u_cdm.mem[95][1] (+)
|-- (1)top.u_system_wrapper.u_cdm.mem[95][2] (+)
|-- (1)top.u_system_wrapper.u_cdm.mem[95][3] (+)
|-- (1)top.u_system_wrapper.u_cdm.mem[95][4] (+)
|-- (1)top.u_system_wrapper.u_cdm.mem[95][5] (+)
|-- (1)top.u_system_wrapper.u_cdm.mem[95][6] (+)
|-- (1)top.u_system_wrapper.u_cdm.mem[95][7] (+)
|-- (1)top.u_system_wrapper.u_cdm.mem[95][8] (+)
|-- (1)top.u_system_wrapper.u_cdm.mem[95][9] (+)
|-- (1)top.u_system_wrapper.u_cdm.mem[95][10] (+)
|-- (1)top.u_system_wrapper.u_cdm.mem[95][11] (+)
|-- (1)top.u_system_wrapper.u_cdm.mem[95][12] (+)
|-- (1)top.u_system_wrapper.u_cdm.mem[95][13] (+)
|-- (1)top.u_system_wrapper.u_cdm.mem[95][14] (+)
|-- (1)top.u_system_wrapper.u_cdm.mem[95][15] (+)
|-- (1)top.u_system_wrapper.u_cdm.mem[95][16] (+)
|-- (1)top.u_system_wrapper.u_cdm.mem[95][17] (+)
|-- (1)top.u_system_wrapper.u_cdm.mem[95][18] (+)
|-- (1)top.u_system_wrapper.u_cdm.mem[95][19] (+)
|-- (1)top.u_system_wrapper.u_cdm.mem[95][20] (+)
|-- (1)top.u_system_wrapper.u_cdm.mem[95][21] (+)
|-- (1)top.u_system_wrapper.u_cdm.mem[95][22] (+)
|-- (1)top.u_system_wrapper.u_cdm.mem[95][23] (+)
|-- (1)top.u_system_wrapper.u_cdm.mem[95][24] (+)
|-- (1)top.u_system_wrapper.u_cdm.mem[95][25] (+)
|-- (1)top.u_system_wrapper.u_cdm.mem[95][26] (+)
|-- (1)top.u_system_wrapper.u_cdm.mem[95][27] (+)
|-- (1)top.u_system_wrapper.u_cdm.mem[95][28] (+)
|-- (1)top.u_system_wrapper.u_cdm.mem[95][29] (+)
|-- (1)top.u_system_wrapper.u_cdm.mem[95][30] (+)
|-- (1)top.u_system_wrapper.u_cdm.mem[95][31] (+)
|-- (1)top.u_system_wrapper.u_cdm.mem[95][32] (+)
|-- (1)top.u_system_wrapper.u_cdm.mem[94][0] (+)
|-- (1)top.u_system_wrapper.u_cdm.mem[94][1] (+)
|-- (1)top.u_system_wrapper.u_cdm.mem[94][2] (+)
|-- (1)top.u_system_wrapper.u_cdm.mem[94][3] (+)
|-- (1)top.u_system_wrapper.u_cdm.mem[94][4] (+)
|-- (1)top.u_system_wrapper.u_cdm.mem[94][5] (+)
|-- (1)top.u_system_wrapper.u_cdm.mem[94][6] (+)
|-- (1)top.u_system_wrapper.u_cdm.mem[94][7] (+)
|-- (1)top.u_system_wrapper.u_cdm.mem[94][8] (+)
|-- (1)top.u_system_wrapper.u_cdm.mem[94][9] (+)
|-- (1)top.u_system_wrapper.u_cdm.mem[94][10] (+)
|-- (1)top.u_system_wrapper.u_cdm.mem[94][11] (+)
|-- (1)top.u_system_wrapper.u_cdm.mem[94][12] (+)
|-- (1)top.u_system_wrapper.u_cdm.mem[94][13] (+)
|-- (1)top.u_system_wrapper.u_cdm.mem[94][14] (+)
|-- (1)top.u_system_wrapper.u_cdm.mem[94][15] (+)
|-- (1)top.u_system_wrapper.u_cdm.mem[94][16] (+)
|-- (1)top.u_system_wrapper.u_cdm.mem[94][17] (+)
|-- (1)top.u_system_wrapper.u_cdm.mem[94][18] (+)
|-- (1)top.u_system_wrapper.u_cdm.mem[94][19] (+)
|-- (1)top.u_system_wrapper.u_cdm.mem[94][20] (+)
|-- (1)top.u_system_wrapper.u_cdm.mem[94][21] (+)
|-- (1)top.u_system_wrapper.u_cdm.mem[94][22] (+)
|-- (1)top.u_system_wrapper.u_cdm.mem[94][23] (+)
|-- (1)top.u_system_wrapper.u_cdm.mem[94][24] (+)
|-- (1)top.u_system_wrapper.u_cdm.mem[94][25] (+)
|-- (1)top.u_system_wrapper.u_cdm.mem[94][26] (+)
|-- (1)top.u_system_wrapper.u_cdm.mem[94][27] (+)
|-- (1)top.u_system_wrapper.u_cdm.mem[94][28] (+)
|-- (1)top.u_system_wrapper.u_cdm.mem[94][29] (+)
|-- (1)top.u_system_wrapper.u_cdm.mem[94][30] (+)
|-- (1)top.u_system_wrapper.u_cdm.mem[94][31] (+)
|-- (1)top.u_system_wrapper.u_cdm.mem[94][32] (+)
|-- (1)top.u_system_wrapper.u_cdm.mem[93][0] (+)
|-- (1)top.u_system_wrapper.u_cdm.mem[93][1] (+)
|-- (1)top.u_system_wrapper.u_cdm.mem[93][2] (+)
|-- (1)top.u_system_wrapper.u_cdm.mem[93][3] (+)
|-- (1)top.u_system_wrapper.u_cdm.mem[93][4] (+)
|-- (1)top.u_system_wrapper.u_cdm.mem[93][5] (+)
|-- (1)top.u_system_wrapper.u_cdm.mem[93][6] (+)
|-- (1)top.u_system_wrapper.u_cdm.mem[93][7] (+)
|-- (1)top.u_system_wrapper.u_cdm.mem[93][8] (+)
|-- (1)top.u_system_wrapper.u_cdm.mem[93][9] (+)
|-- (1)top.u_system_wrapper.u_cdm.mem[93][10] (+)
|-- (1)top.u_system_wrapper.u_cdm.mem[93][11] (+)
|-- (1)top.u_system_wrapper.u_cdm.mem[93][12] (+)
|-- (1)top.u_system_wrapper.u_cdm.mem[93][13] (+)
|-- (1)top.u_system_wrapper.u_cdm.mem[93][14] (+)
|-- (1)top.u_system_wrapper.u_cdm.mem[93][15] (+)
|-- (1)top.u_system_wrapper.u_cdm.mem[93][16] (+)
|-- (1)top.u_system_wrapper.u_cdm.mem[93][17] (+)
|-- (1)top.u_system_wrapper.u_cdm.mem[93][18] (+)
|-- (1)top.u_system_wrapper.u_cdm.mem[93][19] (+)
|-- (1)top.u_system_wrapper.u_cdm.mem[93][20] (+)
|-- (1)top.u_system_wrapper.u_cdm.mem[93][21] (+)
|-- (1)top.u_system_wrapper.u_cdm.mem[93][22] (+)
|-- (1)top.u_system_wrapper.u_cdm.mem[93][23] (+)
|-- (1)top.u_system_wrapper.u_cdm.mem[93][24] (+)
|-- (1)top.u_system_wrapper.u_cdm.mem[93][25] (+)
|-- (1)top.u_system_wrapper.u_cdm.mem[93][26] (+)
|-- (1)top.u_system_wrapper.u_cdm.mem[93][27] (+)
|-- (1)top.u_system_wrapper.u_cdm.mem[93][28] (+)
|-- (1)top.u_system_wrapper.u_cdm.mem[93][29] (+)
|-- (1)top.u_system_wrapper.u_cdm.mem[93][30] (+)
|-- (1)top.u_system_wrapper.u_cdm.mem[93][31] (+)
|-- (1)top.u_system_wrapper.u_cdm.mem[93][32] (+)
|-- (1)top.u_system_wrapper.u_cdm.mem[92][0] (+)
|-- (1)top.u_system_wrapper.u_cdm.mem[92][1] (+)
|-- (1)top.u_system_wrapper.u_cdm.mem[92][2] (+)
|-- (1)top.u_system_wrapper.u_cdm.mem[92][3] (+)
|-- (1)top.u_system_wrapper.u_cdm.mem[92][4] (+)
|-- (1)top.u_system_wrapper.u_cdm.mem[92][5] (+)
|-- (1)top.u_system_wrapper.u_cdm.mem[92][6] (+)
|-- (1)top.u_system_wrapper.u_cdm.mem[92][7] (+)
|-- (1)top.u_system_wrapper.u_cdm.mem[92][8] (+)
|-- (1)top.u_system_wrapper.u_cdm.mem[92][9] (+)
|-- (1)top.u_system_wrapper.u_cdm.mem[92][10] (+)
|-- (1)top.u_system_wrapper.u_cdm.mem[92][11] (+)
|-- (1)top.u_system_wrapper.u_cdm.mem[92][12] (+)
|-- (1)top.u_system_wrapper.u_cdm.mem[92][13] (+)
|-- (1)top.u_system_wrapper.u_cdm.mem[92][14] (+)
|-- (1)top.u_system_wrapper.u_cdm.mem[92][15] (+)
|-- (1)top.u_system_wrapper.u_cdm.mem[92][16] (+)
|-- (1)top.u_system_wrapper.u_cdm.mem[92][17] (+)
|-- (1)top.u_system_wrapper.u_cdm.mem[92][18] (+)
|-- (1)top.u_system_wrapper.u_cdm.mem[92][19] (+)
|-- (1)top.u_system_wrapper.u_cdm.mem[92][20] (+)
|-- (1)top.u_system_wrapper.u_cdm.mem[92][21] (+)
|-- (1)top.u_system_wrapper.u_cdm.mem[92][22] (+)
|-- (1)top.u_system_wrapper.u_cdm.mem[92][23] (+)
|-- (1)top.u_system_wrapper.u_cdm.mem[92][24] (+)
|-- (1)top.u_system_wrapper.u_cdm.mem[92][25] (+)
|-- (1)top.u_system_wrapper.u_cdm.mem[92][26] (+)
|-- (1)top.u_system_wrapper.u_cdm.mem[92][27] (+)
|-- (1)top.u_system_wrapper.u_cdm.mem[92][28] (+)
|-- (1)top.u_system_wrapper.u_cdm.mem[92][29] (+)
|-- (1)top.u_system_wrapper.u_cdm.mem[92][30] (+)
|-- (1)top.u_system_wrapper.u_cdm.mem[92][31] (+)
|-- (1)top.u_system_wrapper.u_cdm.mem[92][32] (+)
|-- (1)top.u_system_wrapper.u_cdm.mem[91][0] (+)
|-- (1)top.u_system_wrapper.u_cdm.mem[91][1] (+)
|-- (1)top.u_system_wrapper.u_cdm.mem[91][2] (+)
|-- (1)top.u_system_wrapper.u_cdm.mem[91][3] (+)
|-- (1)top.u_system_wrapper.u_cdm.mem[91][4] (+)
|-- (1)top.u_system_wrapper.u_cdm.mem[91][5] (+)
|-- (1)top.u_system_wrapper.u_cdm.mem[91][6] (+)
|-- (1)top.u_system_wrapper.u_cdm.mem[91][7] (+)
|-- (1)top.u_system_wrapper.u_cdm.mem[91][8] (+)
|-- (1)top.u_system_wrapper.u_cdm.mem[91][9] (+)
|-- (1)top.u_system_wrapper.u_cdm.mem[91][10] (+)
|-- (1)top.u_system_wrapper.u_cdm.mem[91][11] (+)
|-- (1)top.u_system_wrapper.u_cdm.mem[91][12] (+)
|-- (1)top.u_system_wrapper.u_cdm.mem[91][13] (+)
|-- (1)top.u_system_wrapper.u_cdm.mem[91][14] (+)
|-- (1)top.u_system_wrapper.u_cdm.mem[91][15] (+)
|-- (1)top.u_system_wrapper.u_cdm.mem[91][16] (+)
|-- (1)top.u_system_wrapper.u_cdm.mem[91][17] (+)
|-- (1)top.u_system_wrapper.u_cdm.mem[91][18] (+)
|-- (1)top.u_system_wrapper.u_cdm.mem[91][19] (+)
|-- (1)top.u_system_wrapper.u_cdm.mem[91][20] (+)
|-- (1)top.u_system_wrapper.u_cdm.mem[91][21] (+)
|-- (1)top.u_system_wrapper.u_cdm.mem[91][22] (+)
|-- (1)top.u_system_wrapper.u_cdm.mem[91][23] (+)
|-- (1)top.u_system_wrapper.u_cdm.mem[91][24] (+)
|-- (1)top.u_system_wrapper.u_cdm.mem[91][25] (+)
|-- (1)top.u_system_wrapper.u_cdm.mem[91][26] (+)
|-- (1)top.u_system_wrapper.u_cdm.mem[91][27] (+)
|-- (1)top.u_system_wrapper.u_cdm.mem[91][28] (+)
|-- (1)top.u_system_wrapper.u_cdm.mem[91][29] (+)
|-- (1)top.u_system_wrapper.u_cdm.mem[91][30] (+)
|-- (1)top.u_system_wrapper.u_cdm.mem[91][31] (+)
|-- (1)top.u_system_wrapper.u_cdm.mem[91][32] (+)
|-- (1)top.u_system_wrapper.u_cdm.mem[90][0] (+)
|-- (1)top.u_system_wrapper.u_cdm.mem[90][1] (+)
|-- (1)top.u_system_wrapper.u_cdm.mem[90][2] (+)
|-- (1)top.u_system_wrapper.u_cdm.mem[90][3] (+)
|-- (1)top.u_system_wrapper.u_cdm.mem[90][4] (+)
|-- (1)top.u_system_wrapper.u_cdm.mem[90][5] (+)
|-- (1)top.u_system_wrapper.u_cdm.mem[90][6] (+)
|-- (1)top.u_system_wrapper.u_cdm.mem[90][7] (+)
|-- (1)top.u_system_wrapper.u_cdm.mem[90][8] (+)
|-- (1)top.u_system_wrapper.u_cdm.mem[90][9] (+)
|-- (1)top.u_system_wrapper.u_cdm.mem[90][10] (+)
|-- (1)top.u_system_wrapper.u_cdm.mem[90][11] (+)
|-- (1)top.u_system_wrapper.u_cdm.mem[90][12] (+)
|-- (1)top.u_system_wrapper.u_cdm.mem[90][13] (+)
|-- (1)top.u_system_wrapper.u_cdm.mem[90][14] (+)
|-- (1)top.u_system_wrapper.u_cdm.mem[90][15] (+)
|-- (1)top.u_system_wrapper.u_cdm.mem[90][16] (+)
|-- (1)top.u_system_wrapper.u_cdm.mem[90][17] (+)
|-- (1)top.u_system_wrapper.u_cdm.mem[90][18] (+)
|-- (1)top.u_system_wrapper.u_cdm.mem[90][19] (+)
|-- (1)top.u_system_wrapper.u_cdm.mem[90][20] (+)
|-- (1)top.u_system_wrapper.u_cdm.mem[90][21] (+)
|-- (1)top.u_system_wrapper.u_cdm.mem[90][22] (+)
|-- (1)top.u_system_wrapper.u_cdm.mem[90][23] (+)
|-- (1)top.u_system_wrapper.u_cdm.mem[90][24] (+)
|-- (1)top.u_system_wrapper.u_cdm.mem[90][25] (+)
|-- (1)top.u_system_wrapper.u_cdm.mem[90][26] (+)
|-- (1)top.u_system_wrapper.u_cdm.mem[90][27] (+)
|-- (1)top.u_system_wrapper.u_cdm.mem[90][28] (+)
|-- (1)top.u_system_wrapper.u_cdm.mem[90][29] (+)
|-- (1)top.u_system_wrapper.u_cdm.mem[90][30] (+)
|-- (1)top.u_system_wrapper.u_cdm.mem[90][31] (+)
|-- (1)top.u_system_wrapper.u_cdm.mem[90][32] (+)
|-- (1)top.u_system_wrapper.u_cdm.mem[89][0] (+)
|-- (1)top.u_system_wrapper.u_cdm.mem[89][1] (+)
|-- (1)top.u_system_wrapper.u_cdm.mem[89][2] (+)
|-- (1)top.u_system_wrapper.u_cdm.mem[89][3] (+)
|-- (1)top.u_system_wrapper.u_cdm.mem[89][4] (+)
|-- (1)top.u_system_wrapper.u_cdm.mem[89][5] (+)
|-- (1)top.u_system_wrapper.u_cdm.mem[89][6] (+)
|-- (1)top.u_system_wrapper.u_cdm.mem[89][7] (+)
|-- (1)top.u_system_wrapper.u_cdm.mem[89][8] (+)
|-- (1)top.u_system_wrapper.u_cdm.mem[89][9] (+)
|-- (1)top.u_system_wrapper.u_cdm.mem[89][10] (+)
|-- (1)top.u_system_wrapper.u_cdm.mem[89][11] (+)
|-- (1)top.u_system_wrapper.u_cdm.mem[89][12] (+)
|-- (1)top.u_system_wrapper.u_cdm.mem[89][13] (+)
|-- (1)top.u_system_wrapper.u_cdm.mem[89][14] (+)
|-- (1)top.u_system_wrapper.u_cdm.mem[89][15] (+)
|-- (1)top.u_system_wrapper.u_cdm.mem[89][16] (+)
|-- (1)top.u_system_wrapper.u_cdm.mem[89][17] (+)
|-- (1)top.u_system_wrapper.u_cdm.mem[89][18] (+)
|-- (1)top.u_system_wrapper.u_cdm.mem[89][19] (+)
|-- (1)top.u_system_wrapper.u_cdm.mem[89][20] (+)
|-- (1)top.u_system_wrapper.u_cdm.mem[89][21] (+)
|-- (1)top.u_system_wrapper.u_cdm.mem[89][22] (+)
|-- (1)top.u_system_wrapper.u_cdm.mem[89][23] (+)
|-- (1)top.u_system_wrapper.u_cdm.mem[89][24] (+)
|-- (1)top.u_system_wrapper.u_cdm.mem[89][25] (+)
|-- (1)top.u_system_wrapper.u_cdm.mem[89][26] (+)
|-- (1)top.u_system_wrapper.u_cdm.mem[89][27] (+)
|-- (1)top.u_system_wrapper.u_cdm.mem[89][28] (+)
|-- (1)top.u_system_wrapper.u_cdm.mem[89][29] (+)
|-- (1)top.u_system_wrapper.u_cdm.mem[89][30] (+)
|-- (1)top.u_system_wrapper.u_cdm.mem[89][31] (+)
|-- (1)top.u_system_wrapper.u_cdm.mem[89][32] (+)
|-- (1)top.u_system_wrapper.u_cdm.mem[88][0] (+)
|-- (1)top.u_system_wrapper.u_cdm.mem[88][1] (+)
|-- (1)top.u_system_wrapper.u_cdm.mem[88][2] (+)
|-- (1)top.u_system_wrapper.u_cdm.mem[88][3] (+)
|-- (1)top.u_system_wrapper.u_cdm.mem[88][4] (+)
|-- (1)top.u_system_wrapper.u_cdm.mem[88][5] (+)
|-- (1)top.u_system_wrapper.u_cdm.mem[88][6] (+)
|-- (1)top.u_system_wrapper.u_cdm.mem[88][7] (+)
|-- (1)top.u_system_wrapper.u_cdm.mem[88][8] (+)
|-- (1)top.u_system_wrapper.u_cdm.mem[88][9] (+)
|-- (1)top.u_system_wrapper.u_cdm.mem[88][10] (+)
|-- (1)top.u_system_wrapper.u_cdm.mem[88][11] (+)
|-- (1)top.u_system_wrapper.u_cdm.mem[88][12] (+)
|-- (1)top.u_system_wrapper.u_cdm.mem[88][13] (+)
|-- (1)top.u_system_wrapper.u_cdm.mem[88][14] (+)
|-- (1)top.u_system_wrapper.u_cdm.mem[88][15] (+)
|-- (1)top.u_system_wrapper.u_cdm.mem[88][16] (+)
|-- (1)top.u_system_wrapper.u_cdm.mem[88][17] (+)
|-- (1)top.u_system_wrapper.u_cdm.mem[88][18] (+)
|-- (1)top.u_system_wrapper.u_cdm.mem[88][19] (+)
|-- (1)top.u_system_wrapper.u_cdm.mem[88][20] (+)
|-- (1)top.u_system_wrapper.u_cdm.mem[88][21] (+)
|-- (1)top.u_system_wrapper.u_cdm.mem[88][22] (+)
|-- (1)top.u_system_wrapper.u_cdm.mem[88][23] (+)
|-- (1)top.u_system_wrapper.u_cdm.mem[88][24] (+)
|-- (1)top.u_system_wrapper.u_cdm.mem[88][25] (+)
|-- (1)top.u_system_wrapper.u_cdm.mem[88][26] (+)
|-- (1)top.u_system_wrapper.u_cdm.mem[88][27] (+)
|-- (1)top.u_system_wrapper.u_cdm.mem[88][28] (+)
|-- (1)top.u_system_wrapper.u_cdm.mem[88][29] (+)
|-- (1)top.u_system_wrapper.u_cdm.mem[88][30] (+)
|-- (1)top.u_system_wrapper.u_cdm.mem[88][31] (+)
|-- (1)top.u_system_wrapper.u_cdm.mem[88][32] (+)
|-- (1)top.u_system_wrapper.u_cdm.mem[87][0] (+)
|-- (1)top.u_system_wrapper.u_cdm.mem[87][1] (+)
|-- (1)top.u_system_wrapper.u_cdm.mem[87][2] (+)
|-- (1)top.u_system_wrapper.u_cdm.mem[87][3] (+)
|-- (1)top.u_system_wrapper.u_cdm.mem[87][4] (+)
|-- (1)top.u_system_wrapper.u_cdm.mem[87][5] (+)
|-- (1)top.u_system_wrapper.u_cdm.mem[87][6] (+)
|-- (1)top.u_system_wrapper.u_cdm.mem[87][7] (+)
|-- (1)top.u_system_wrapper.u_cdm.mem[87][8] (+)
|-- (1)top.u_system_wrapper.u_cdm.mem[87][9] (+)
|-- (1)top.u_system_wrapper.u_cdm.mem[87][10] (+)
|-- (1)top.u_system_wrapper.u_cdm.mem[87][11] (+)
|-- (1)top.u_system_wrapper.u_cdm.mem[87][12] (+)
|-- (1)top.u_system_wrapper.u_cdm.mem[87][13] (+)
|-- (1)top.u_system_wrapper.u_cdm.mem[87][14] (+)
|-- (1)top.u_system_wrapper.u_cdm.mem[87][15] (+)
|-- (1)top.u_system_wrapper.u_cdm.mem[87][16] (+)
|-- (1)top.u_system_wrapper.u_cdm.mem[87][17] (+)
|-- (1)top.u_system_wrapper.u_cdm.mem[87][18] (+)
|-- (1)top.u_system_wrapper.u_cdm.mem[87][19] (+)
|-- (1)top.u_system_wrapper.u_cdm.mem[87][20] (+)
|-- (1)top.u_system_wrapper.u_cdm.mem[87][21] (+)
|-- (1)top.u_system_wrapper.u_cdm.mem[87][22] (+)
|-- (1)top.u_system_wrapper.u_cdm.mem[87][23] (+)
|-- (1)top.u_system_wrapper.u_cdm.mem[87][24] (+)
|-- (1)top.u_system_wrapper.u_cdm.mem[87][25] (+)
|-- (1)top.u_system_wrapper.u_cdm.mem[87][26] (+)
|-- (1)top.u_system_wrapper.u_cdm.mem[87][27] (+)
|-- (1)top.u_system_wrapper.u_cdm.mem[87][28] (+)
|-- (1)top.u_system_wrapper.u_cdm.mem[87][29] (+)
|-- (1)top.u_system_wrapper.u_cdm.mem[87][30] (+)
|-- (1)top.u_system_wrapper.u_cdm.mem[87][31] (+)
|-- (1)top.u_system_wrapper.u_cdm.mem[87][32] (+)
|-- (1)top.u_system_wrapper.u_cdm.mem[86][0] (+)
|-- (1)top.u_system_wrapper.u_cdm.mem[86][1] (+)
|-- (1)top.u_system_wrapper.u_cdm.mem[86][2] (+)
|-- (1)top.u_system_wrapper.u_cdm.mem[86][3] (+)
|-- (1)top.u_system_wrapper.u_cdm.mem[86][4] (+)
|-- (1)top.u_system_wrapper.u_cdm.mem[86][5] (+)
|-- (1)top.u_system_wrapper.u_cdm.mem[86][6] (+)
|-- (1)top.u_system_wrapper.u_cdm.mem[86][7] (+)
|-- (1)top.u_system_wrapper.u_cdm.mem[86][8] (+)
|-- (1)top.u_system_wrapper.u_cdm.mem[86][9] (+)
|-- (1)top.u_system_wrapper.u_cdm.mem[86][10] (+)
|-- (1)top.u_system_wrapper.u_cdm.mem[86][11] (+)
|-- (1)top.u_system_wrapper.u_cdm.mem[86][12] (+)
|-- (1)top.u_system_wrapper.u_cdm.mem[86][13] (+)
|-- (1)top.u_system_wrapper.u_cdm.mem[86][14] (+)
|-- (1)top.u_system_wrapper.u_cdm.mem[86][15] (+)
|-- (1)top.u_system_wrapper.u_cdm.mem[86][16] (+)
|-- (1)top.u_system_wrapper.u_cdm.mem[86][17] (+)
|-- (1)top.u_system_wrapper.u_cdm.mem[86][18] (+)
|-- (1)top.u_system_wrapper.u_cdm.mem[86][19] (+)
|-- (1)top.u_system_wrapper.u_cdm.mem[86][20] (+)
|-- (1)top.u_system_wrapper.u_cdm.mem[86][21] (+)
|-- (1)top.u_system_wrapper.u_cdm.mem[86][22] (+)
|-- (1)top.u_system_wrapper.u_cdm.mem[86][23] (+)
|-- (1)top.u_system_wrapper.u_cdm.mem[86][24] (+)
|-- (1)top.u_system_wrapper.u_cdm.mem[86][25] (+)
|-- (1)top.u_system_wrapper.u_cdm.mem[86][26] (+)
|-- (1)top.u_system_wrapper.u_cdm.mem[86][27] (+)
|-- (1)top.u_system_wrapper.u_cdm.mem[86][28] (+)
|-- (1)top.u_system_wrapper.u_cdm.mem[86][29] (+)
|-- (1)top.u_system_wrapper.u_cdm.mem[86][30] (+)
|-- (1)top.u_system_wrapper.u_cdm.mem[86][31] (+)
|-- (1)top.u_system_wrapper.u_cdm.mem[86][32] (+)
|-- (1)top.u_system_wrapper.u_cdm.mem[85][0] (+)
|-- (1)top.u_system_wrapper.u_cdm.mem[85][1] (+)
|-- (1)top.u_system_wrapper.u_cdm.mem[85][2] (+)
|-- (1)top.u_system_wrapper.u_cdm.mem[85][3] (+)
|-- (1)top.u_system_wrapper.u_cdm.mem[85][4] (+)
|-- (1)top.u_system_wrapper.u_cdm.mem[85][5] (+)
|-- (1)top.u_system_wrapper.u_cdm.mem[85][6] (+)
|-- (1)top.u_system_wrapper.u_cdm.mem[85][7] (+)
|-- (1)top.u_system_wrapper.u_cdm.mem[85][8] (+)
|-- (1)top.u_system_wrapper.u_cdm.mem[85][9] (+)
|-- (1)top.u_system_wrapper.u_cdm.mem[85][10] (+)
|-- (1)top.u_system_wrapper.u_cdm.mem[85][11] (+)
|-- (1)top.u_system_wrapper.u_cdm.mem[85][12] (+)
|-- (1)top.u_system_wrapper.u_cdm.mem[85][13] (+)
|-- (1)top.u_system_wrapper.u_cdm.mem[85][14] (+)
|-- (1)top.u_system_wrapper.u_cdm.mem[85][15] (+)
|-- (1)top.u_system_wrapper.u_cdm.mem[85][16] (+)
|-- (1)top.u_system_wrapper.u_cdm.mem[85][17] (+)
|-- (1)top.u_system_wrapper.u_cdm.mem[85][18] (+)
|-- (1)top.u_system_wrapper.u_cdm.mem[85][19] (+)
|-- (1)top.u_system_wrapper.u_cdm.mem[85][20] (+)
|-- (1)top.u_system_wrapper.u_cdm.mem[85][21] (+)
|-- (1)top.u_system_wrapper.u_cdm.mem[85][22] (+)
|-- (1)top.u_system_wrapper.u_cdm.mem[85][23] (+)
|-- (1)top.u_system_wrapper.u_cdm.mem[85][24] (+)
|-- (1)top.u_system_wrapper.u_cdm.mem[85][25] (+)
|-- (1)top.u_system_wrapper.u_cdm.mem[85][26] (+)
|-- (1)top.u_system_wrapper.u_cdm.mem[85][27] (+)
|-- (1)top.u_system_wrapper.u_cdm.mem[85][28] (+)
|-- (1)top.u_system_wrapper.u_cdm.mem[85][29] (+)
|-- (1)top.u_system_wrapper.u_cdm.mem[85][30] (+)
|-- (1)top.u_system_wrapper.u_cdm.mem[85][31] (+)
|-- (1)top.u_system_wrapper.u_cdm.mem[85][32] (+)
|-- (1)top.u_system_wrapper.u_cdm.mem[84][0] (+)
|-- (1)top.u_system_wrapper.u_cdm.mem[84][1] (+)
|-- (1)top.u_system_wrapper.u_cdm.mem[84][2] (+)
|-- (1)top.u_system_wrapper.u_cdm.mem[84][3] (+)
|-- (1)top.u_system_wrapper.u_cdm.mem[84][4] (+)
|-- (1)top.u_system_wrapper.u_cdm.mem[84][5] (+)
|-- (1)top.u_system_wrapper.u_cdm.mem[84][6] (+)
|-- (1)top.u_system_wrapper.u_cdm.mem[84][7] (+)
|-- (1)top.u_system_wrapper.u_cdm.mem[84][8] (+)
|-- (1)top.u_system_wrapper.u_cdm.mem[84][9] (+)
|-- (1)top.u_system_wrapper.u_cdm.mem[84][10] (+)
|-- (1)top.u_system_wrapper.u_cdm.mem[84][11] (+)
|-- (1)top.u_system_wrapper.u_cdm.mem[84][12] (+)
|-- (1)top.u_system_wrapper.u_cdm.mem[84][13] (+)
|-- (1)top.u_system_wrapper.u_cdm.mem[84][14] (+)
|-- (1)top.u_system_wrapper.u_cdm.mem[84][15] (+)
|-- (1)top.u_system_wrapper.u_cdm.mem[84][16] (+)
|-- (1)top.u_system_wrapper.u_cdm.mem[84][17] (+)
|-- (1)top.u_system_wrapper.u_cdm.mem[84][18] (+)
|-- (1)top.u_system_wrapper.u_cdm.mem[84][19] (+)
|-- (1)top.u_system_wrapper.u_cdm.mem[84][20] (+)
|-- (1)top.u_system_wrapper.u_cdm.mem[84][21] (+)
|-- (1)top.u_system_wrapper.u_cdm.mem[84][22] (+)
|-- (1)top.u_system_wrapper.u_cdm.mem[84][23] (+)
|-- (1)top.u_system_wrapper.u_cdm.mem[84][24] (+)
|-- (1)top.u_system_wrapper.u_cdm.mem[84][25] (+)
|-- (1)top.u_system_wrapper.u_cdm.mem[84][26] (+)
|-- (1)top.u_system_wrapper.u_cdm.mem[84][27] (+)
|-- (1)top.u_system_wrapper.u_cdm.mem[84][28] (+)
|-- (1)top.u_system_wrapper.u_cdm.mem[84][29] (+)
|-- (1)top.u_system_wrapper.u_cdm.mem[84][30] (+)
|-- (1)top.u_system_wrapper.u_cdm.mem[84][31] (+)
|-- (1)top.u_system_wrapper.u_cdm.mem[84][32] (+)
|-- (1)top.u_system_wrapper.u_cdm.mem[83][0] (+)
|-- (1)top.u_system_wrapper.u_cdm.mem[83][1] (+)
|-- (1)top.u_system_wrapper.u_cdm.mem[83][2] (+)
|-- (1)top.u_system_wrapper.u_cdm.mem[83][3] (+)
|-- (1)top.u_system_wrapper.u_cdm.mem[83][4] (+)
|-- (1)top.u_system_wrapper.u_cdm.mem[83][5] (+)
|-- (1)top.u_system_wrapper.u_cdm.mem[83][6] (+)
|-- (1)top.u_system_wrapper.u_cdm.mem[83][7] (+)
|-- (1)top.u_system_wrapper.u_cdm.mem[83][8] (+)
|-- (1)top.u_system_wrapper.u_cdm.mem[83][9] (+)
|-- (1)top.u_system_wrapper.u_cdm.mem[83][10] (+)
|-- (1)top.u_system_wrapper.u_cdm.mem[83][11] (+)
|-- (1)top.u_system_wrapper.u_cdm.mem[83][12] (+)
|-- (1)top.u_system_wrapper.u_cdm.mem[83][13] (+)
|-- (1)top.u_system_wrapper.u_cdm.mem[83][14] (+)
|-- (1)top.u_system_wrapper.u_cdm.mem[83][15] (+)
|-- (1)top.u_system_wrapper.u_cdm.mem[83][16] (+)
|-- (1)top.u_system_wrapper.u_cdm.mem[83][17] (+)
|-- (1)top.u_system_wrapper.u_cdm.mem[83][18] (+)
|-- (1)top.u_system_wrapper.u_cdm.mem[83][19] (+)
|-- (1)top.u_system_wrapper.u_cdm.mem[83][20] (+)
|-- (1)top.u_system_wrapper.u_cdm.mem[83][21] (+)
|-- (1)top.u_system_wrapper.u_cdm.mem[83][22] (+)
|-- (1)top.u_system_wrapper.u_cdm.mem[83][23] (+)
|-- (1)top.u_system_wrapper.u_cdm.mem[83][24] (+)
|-- (1)top.u_system_wrapper.u_cdm.mem[83][25] (+)
|-- (1)top.u_system_wrapper.u_cdm.mem[83][26] (+)
|-- (1)top.u_system_wrapper.u_cdm.mem[83][27] (+)
|-- (1)top.u_system_wrapper.u_cdm.mem[83][28] (+)
|-- (1)top.u_system_wrapper.u_cdm.mem[83][29] (+)
|-- (1)top.u_system_wrapper.u_cdm.mem[83][30] (+)
|-- (1)top.u_system_wrapper.u_cdm.mem[83][31] (+)
|-- (1)top.u_system_wrapper.u_cdm.mem[83][32] (+)
|-- (1)top.u_system_wrapper.u_cdm.mem[82][0] (+)
|-- (1)top.u_system_wrapper.u_cdm.mem[82][1] (+)
|-- (1)top.u_system_wrapper.u_cdm.mem[82][2] (+)
|-- (1)top.u_system_wrapper.u_cdm.mem[82][3] (+)
|-- (1)top.u_system_wrapper.u_cdm.mem[82][4] (+)
|-- (1)top.u_system_wrapper.u_cdm.mem[82][5] (+)
|-- (1)top.u_system_wrapper.u_cdm.mem[82][6] (+)
|-- (1)top.u_system_wrapper.u_cdm.mem[82][7] (+)
|-- (1)top.u_system_wrapper.u_cdm.mem[82][8] (+)
|-- (1)top.u_system_wrapper.u_cdm.mem[82][9] (+)
|-- (1)top.u_system_wrapper.u_cdm.mem[82][10] (+)
|-- (1)top.u_system_wrapper.u_cdm.mem[82][11] (+)
|-- (1)top.u_system_wrapper.u_cdm.mem[82][12] (+)
|-- (1)top.u_system_wrapper.u_cdm.mem[82][13] (+)
|-- (1)top.u_system_wrapper.u_cdm.mem[82][14] (+)
|-- (1)top.u_system_wrapper.u_cdm.mem[82][15] (+)
|-- (1)top.u_system_wrapper.u_cdm.mem[82][16] (+)
|-- (1)top.u_system_wrapper.u_cdm.mem[82][17] (+)
|-- (1)top.u_system_wrapper.u_cdm.mem[82][18] (+)
|-- (1)top.u_system_wrapper.u_cdm.mem[82][19] (+)
|-- (1)top.u_system_wrapper.u_cdm.mem[82][20] (+)
|-- (1)top.u_system_wrapper.u_cdm.mem[82][21] (+)
|-- (1)top.u_system_wrapper.u_cdm.mem[82][22] (+)
|-- (1)top.u_system_wrapper.u_cdm.mem[82][23] (+)
|-- (1)top.u_system_wrapper.u_cdm.mem[82][24] (+)
|-- (1)top.u_system_wrapper.u_cdm.mem[82][25] (+)
|-- (1)top.u_system_wrapper.u_cdm.mem[82][26] (+)
|-- (1)top.u_system_wrapper.u_cdm.mem[82][27] (+)
|-- (1)top.u_system_wrapper.u_cdm.mem[82][28] (+)
|-- (1)top.u_system_wrapper.u_cdm.mem[82][29] (+)
|-- (1)top.u_system_wrapper.u_cdm.mem[82][30] (+)
|-- (1)top.u_system_wrapper.u_cdm.mem[82][31] (+)
|-- (1)top.u_system_wrapper.u_cdm.mem[82][32] (+)
|-- (1)top.u_system_wrapper.u_cdm.mem[81][0] (+)
|-- (1)top.u_system_wrapper.u_cdm.mem[81][1] (+)
|-- (1)top.u_system_wrapper.u_cdm.mem[81][2] (+)
|-- (1)top.u_system_wrapper.u_cdm.mem[81][3] (+)
|-- (1)top.u_system_wrapper.u_cdm.mem[81][4] (+)
|-- (1)top.u_system_wrapper.u_cdm.mem[81][5] (+)
|-- (1)top.u_system_wrapper.u_cdm.mem[81][6] (+)
|-- (1)top.u_system_wrapper.u_cdm.mem[81][7] (+)
|-- (1)top.u_system_wrapper.u_cdm.mem[81][8] (+)
|-- (1)top.u_system_wrapper.u_cdm.mem[81][9] (+)
|-- (1)top.u_system_wrapper.u_cdm.mem[81][10] (+)
|-- (1)top.u_system_wrapper.u_cdm.mem[81][11] (+)
|-- (1)top.u_system_wrapper.u_cdm.mem[81][12] (+)
|-- (1)top.u_system_wrapper.u_cdm.mem[81][13] (+)
|-- (1)top.u_system_wrapper.u_cdm.mem[81][14] (+)
|-- (1)top.u_system_wrapper.u_cdm.mem[81][15] (+)
|-- (1)top.u_system_wrapper.u_cdm.mem[81][16] (+)
|-- (1)top.u_system_wrapper.u_cdm.mem[81][17] (+)
|-- (1)top.u_system_wrapper.u_cdm.mem[81][18] (+)
|-- (1)top.u_system_wrapper.u_cdm.mem[81][19] (+)
|-- (1)top.u_system_wrapper.u_cdm.mem[81][20] (+)
|-- (1)top.u_system_wrapper.u_cdm.mem[81][21] (+)
|-- (1)top.u_system_wrapper.u_cdm.mem[81][22] (+)
|-- (1)top.u_system_wrapper.u_cdm.mem[81][23] (+)
|-- (1)top.u_system_wrapper.u_cdm.mem[81][24] (+)
|-- (1)top.u_system_wrapper.u_cdm.mem[81][25] (+)
|-- (1)top.u_system_wrapper.u_cdm.mem[81][26] (+)
|-- (1)top.u_system_wrapper.u_cdm.mem[81][27] (+)
|-- (1)top.u_system_wrapper.u_cdm.mem[81][28] (+)
|-- (1)top.u_system_wrapper.u_cdm.mem[81][29] (+)
|-- (1)top.u_system_wrapper.u_cdm.mem[81][30] (+)
|-- (1)top.u_system_wrapper.u_cdm.mem[81][31] (+)
|-- (1)top.u_system_wrapper.u_cdm.mem[81][32] (+)
|-- (1)top.u_system_wrapper.u_cdm.mem[80][0] (+)
|-- (1)top.u_system_wrapper.u_cdm.mem[80][1] (+)
|-- (1)top.u_system_wrapper.u_cdm.mem[80][2] (+)
|-- (1)top.u_system_wrapper.u_cdm.mem[80][3] (+)
|-- (1)top.u_system_wrapper.u_cdm.mem[80][4] (+)
|-- (1)top.u_system_wrapper.u_cdm.mem[80][5] (+)
|-- (1)top.u_system_wrapper.u_cdm.mem[80][6] (+)
|-- (1)top.u_system_wrapper.u_cdm.mem[80][7] (+)
|-- (1)top.u_system_wrapper.u_cdm.mem[80][8] (+)
|-- (1)top.u_system_wrapper.u_cdm.mem[80][9] (+)
|-- (1)top.u_system_wrapper.u_cdm.mem[80][10] (+)
|-- (1)top.u_system_wrapper.u_cdm.mem[80][11] (+)
|-- (1)top.u_system_wrapper.u_cdm.mem[80][12] (+)
|-- (1)top.u_system_wrapper.u_cdm.mem[80][13] (+)
|-- (1)top.u_system_wrapper.u_cdm.mem[80][14] (+)
|-- (1)top.u_system_wrapper.u_cdm.mem[80][15] (+)
|-- (1)top.u_system_wrapper.u_cdm.mem[80][16] (+)
|-- (1)top.u_system_wrapper.u_cdm.mem[80][17] (+)
|-- (1)top.u_system_wrapper.u_cdm.mem[80][18] (+)
|-- (1)top.u_system_wrapper.u_cdm.mem[80][19] (+)
|-- (1)top.u_system_wrapper.u_cdm.mem[80][20] (+)
|-- (1)top.u_system_wrapper.u_cdm.mem[80][21] (+)
|-- (1)top.u_system_wrapper.u_cdm.mem[80][22] (+)
|-- (1)top.u_system_wrapper.u_cdm.mem[80][23] (+)
|-- (1)top.u_system_wrapper.u_cdm.mem[80][24] (+)
|-- (1)top.u_system_wrapper.u_cdm.mem[80][25] (+)
|-- (1)top.u_system_wrapper.u_cdm.mem[80][26] (+)
|-- (1)top.u_system_wrapper.u_cdm.mem[80][27] (+)
|-- (1)top.u_system_wrapper.u_cdm.mem[80][28] (+)
|-- (1)top.u_system_wrapper.u_cdm.mem[80][29] (+)
|-- (1)top.u_system_wrapper.u_cdm.mem[80][30] (+)
|-- (1)top.u_system_wrapper.u_cdm.mem[80][31] (+)
|-- (1)top.u_system_wrapper.u_cdm.mem[80][32] (+)
|-- (1)top.u_system_wrapper.u_cdm.mem[79][0] (+)
|-- (1)top.u_system_wrapper.u_cdm.mem[79][1] (+)
|-- (1)top.u_system_wrapper.u_cdm.mem[79][2] (+)
|-- (1)top.u_system_wrapper.u_cdm.mem[79][3] (+)
|-- (1)top.u_system_wrapper.u_cdm.mem[79][4] (+)
|-- (1)top.u_system_wrapper.u_cdm.mem[79][5] (+)
|-- (1)top.u_system_wrapper.u_cdm.mem[79][6] (+)
|-- (1)top.u_system_wrapper.u_cdm.mem[79][7] (+)
|-- (1)top.u_system_wrapper.u_cdm.mem[79][8] (+)
|-- (1)top.u_system_wrapper.u_cdm.mem[79][9] (+)
|-- (1)top.u_system_wrapper.u_cdm.mem[79][10] (+)
|-- (1)top.u_system_wrapper.u_cdm.mem[79][11] (+)
|-- (1)top.u_system_wrapper.u_cdm.mem[79][12] (+)
|-- (1)top.u_system_wrapper.u_cdm.mem[79][13] (+)
|-- (1)top.u_system_wrapper.u_cdm.mem[79][14] (+)
|-- (1)top.u_system_wrapper.u_cdm.mem[79][15] (+)
|-- (1)top.u_system_wrapper.u_cdm.mem[79][16] (+)
|-- (1)top.u_system_wrapper.u_cdm.mem[79][17] (+)
|-- (1)top.u_system_wrapper.u_cdm.mem[79][18] (+)
|-- (1)top.u_system_wrapper.u_cdm.mem[79][19] (+)
|-- (1)top.u_system_wrapper.u_cdm.mem[79][20] (+)
|-- (1)top.u_system_wrapper.u_cdm.mem[79][21] (+)
|-- (1)top.u_system_wrapper.u_cdm.mem[79][22] (+)
|-- (1)top.u_system_wrapper.u_cdm.mem[79][23] (+)
|-- (1)top.u_system_wrapper.u_cdm.mem[79][24] (+)
|-- (1)top.u_system_wrapper.u_cdm.mem[79][25] (+)
|-- (1)top.u_system_wrapper.u_cdm.mem[79][26] (+)
|-- (1)top.u_system_wrapper.u_cdm.mem[79][27] (+)
|-- (1)top.u_system_wrapper.u_cdm.mem[79][28] (+)
|-- (1)top.u_system_wrapper.u_cdm.mem[79][29] (+)
|-- (1)top.u_system_wrapper.u_cdm.mem[79][30] (+)
|-- (1)top.u_system_wrapper.u_cdm.mem[79][31] (+)
|-- (1)top.u_system_wrapper.u_cdm.mem[79][32] (+)
|-- (1)top.u_system_wrapper.u_cdm.mem[78][0] (+)
|-- (1)top.u_system_wrapper.u_cdm.mem[78][1] (+)
|-- (1)top.u_system_wrapper.u_cdm.mem[78][2] (+)
|-- (1)top.u_system_wrapper.u_cdm.mem[78][3] (+)
|-- (1)top.u_system_wrapper.u_cdm.mem[78][4] (+)
|-- (1)top.u_system_wrapper.u_cdm.mem[78][5] (+)
|-- (1)top.u_system_wrapper.u_cdm.mem[78][6] (+)
|-- (1)top.u_system_wrapper.u_cdm.mem[78][7] (+)
|-- (1)top.u_system_wrapper.u_cdm.mem[78][8] (+)
|-- (1)top.u_system_wrapper.u_cdm.mem[78][9] (+)
|-- (1)top.u_system_wrapper.u_cdm.mem[78][10] (+)
|-- (1)top.u_system_wrapper.u_cdm.mem[78][11] (+)
|-- (1)top.u_system_wrapper.u_cdm.mem[78][12] (+)
|-- (1)top.u_system_wrapper.u_cdm.mem[78][13] (+)
|-- (1)top.u_system_wrapper.u_cdm.mem[78][14] (+)
|-- (1)top.u_system_wrapper.u_cdm.mem[78][15] (+)
|-- (1)top.u_system_wrapper.u_cdm.mem[78][16] (+)
|-- (1)top.u_system_wrapper.u_cdm.mem[78][17] (+)
|-- (1)top.u_system_wrapper.u_cdm.mem[78][18] (+)
|-- (1)top.u_system_wrapper.u_cdm.mem[78][19] (+)
|-- (1)top.u_system_wrapper.u_cdm.mem[78][20] (+)
|-- (1)top.u_system_wrapper.u_cdm.mem[78][21] (+)
|-- (1)top.u_system_wrapper.u_cdm.mem[78][22] (+)
|-- (1)top.u_system_wrapper.u_cdm.mem[78][23] (+)
|-- (1)top.u_system_wrapper.u_cdm.mem[78][24] (+)
|-- (1)top.u_system_wrapper.u_cdm.mem[78][25] (+)
|-- (1)top.u_system_wrapper.u_cdm.mem[78][26] (+)
|-- (1)top.u_system_wrapper.u_cdm.mem[78][27] (+)
|-- (1)top.u_system_wrapper.u_cdm.mem[78][28] (+)
|-- (1)top.u_system_wrapper.u_cdm.mem[78][29] (+)
|-- (1)top.u_system_wrapper.u_cdm.mem[78][30] (+)
|-- (1)top.u_system_wrapper.u_cdm.mem[78][31] (+)
|-- (1)top.u_system_wrapper.u_cdm.mem[78][32] (+)
|-- (1)top.u_system_wrapper.u_cdm.mem[77][0] (+)
|-- (1)top.u_system_wrapper.u_cdm.mem[77][1] (+)
|-- (1)top.u_system_wrapper.u_cdm.mem[77][2] (+)
|-- (1)top.u_system_wrapper.u_cdm.mem[77][3] (+)
|-- (1)top.u_system_wrapper.u_cdm.mem[77][4] (+)
|-- (1)top.u_system_wrapper.u_cdm.mem[77][5] (+)
|-- (1)top.u_system_wrapper.u_cdm.mem[77][6] (+)
|-- (1)top.u_system_wrapper.u_cdm.mem[77][7] (+)
|-- (1)top.u_system_wrapper.u_cdm.mem[77][8] (+)
|-- (1)top.u_system_wrapper.u_cdm.mem[77][9] (+)
|-- (1)top.u_system_wrapper.u_cdm.mem[77][10] (+)
|-- (1)top.u_system_wrapper.u_cdm.mem[77][11] (+)
|-- (1)top.u_system_wrapper.u_cdm.mem[77][12] (+)
|-- (1)top.u_system_wrapper.u_cdm.mem[77][13] (+)
|-- (1)top.u_system_wrapper.u_cdm.mem[77][14] (+)
|-- (1)top.u_system_wrapper.u_cdm.mem[77][15] (+)
|-- (1)top.u_system_wrapper.u_cdm.mem[77][16] (+)
|-- (1)top.u_system_wrapper.u_cdm.mem[77][17] (+)
|-- (1)top.u_system_wrapper.u_cdm.mem[77][18] (+)
|-- (1)top.u_system_wrapper.u_cdm.mem[77][19] (+)
|-- (1)top.u_system_wrapper.u_cdm.mem[77][20] (+)
|-- (1)top.u_system_wrapper.u_cdm.mem[77][21] (+)
|-- (1)top.u_system_wrapper.u_cdm.mem[77][22] (+)
|-- (1)top.u_system_wrapper.u_cdm.mem[77][23] (+)
|-- (1)top.u_system_wrapper.u_cdm.mem[77][24] (+)
|-- (1)top.u_system_wrapper.u_cdm.mem[77][25] (+)
|-- (1)top.u_system_wrapper.u_cdm.mem[77][26] (+)
|-- (1)top.u_system_wrapper.u_cdm.mem[77][27] (+)
|-- (1)top.u_system_wrapper.u_cdm.mem[77][28] (+)
|-- (1)top.u_system_wrapper.u_cdm.mem[77][29] (+)
|-- (1)top.u_system_wrapper.u_cdm.mem[77][30] (+)
|-- (1)top.u_system_wrapper.u_cdm.mem[77][31] (+)
|-- (1)top.u_system_wrapper.u_cdm.mem[77][32] (+)
|-- (1)top.u_system_wrapper.u_cdm.mem[76][0] (+)
|-- (1)top.u_system_wrapper.u_cdm.mem[76][1] (+)
|-- (1)top.u_system_wrapper.u_cdm.mem[76][2] (+)
|-- (1)top.u_system_wrapper.u_cdm.mem[76][3] (+)
|-- (1)top.u_system_wrapper.u_cdm.mem[76][4] (+)
|-- (1)top.u_system_wrapper.u_cdm.mem[76][5] (+)
|-- (1)top.u_system_wrapper.u_cdm.mem[76][6] (+)
|-- (1)top.u_system_wrapper.u_cdm.mem[76][7] (+)
|-- (1)top.u_system_wrapper.u_cdm.mem[76][8] (+)
|-- (1)top.u_system_wrapper.u_cdm.mem[76][9] (+)
|-- (1)top.u_system_wrapper.u_cdm.mem[76][10] (+)
|-- (1)top.u_system_wrapper.u_cdm.mem[76][11] (+)
|-- (1)top.u_system_wrapper.u_cdm.mem[76][12] (+)
|-- (1)top.u_system_wrapper.u_cdm.mem[76][13] (+)
|-- (1)top.u_system_wrapper.u_cdm.mem[76][14] (+)
|-- (1)top.u_system_wrapper.u_cdm.mem[76][15] (+)
|-- (1)top.u_system_wrapper.u_cdm.mem[76][16] (+)
|-- (1)top.u_system_wrapper.u_cdm.mem[76][17] (+)
|-- (1)top.u_system_wrapper.u_cdm.mem[76][18] (+)
|-- (1)top.u_system_wrapper.u_cdm.mem[76][19] (+)
|-- (1)top.u_system_wrapper.u_cdm.mem[76][20] (+)
|-- (1)top.u_system_wrapper.u_cdm.mem[76][21] (+)
|-- (1)top.u_system_wrapper.u_cdm.mem[76][22] (+)
|-- (1)top.u_system_wrapper.u_cdm.mem[76][23] (+)
|-- (1)top.u_system_wrapper.u_cdm.mem[76][24] (+)
|-- (1)top.u_system_wrapper.u_cdm.mem[76][25] (+)
|-- (1)top.u_system_wrapper.u_cdm.mem[76][26] (+)
|-- (1)top.u_system_wrapper.u_cdm.mem[76][27] (+)
|-- (1)top.u_system_wrapper.u_cdm.mem[76][28] (+)
|-- (1)top.u_system_wrapper.u_cdm.mem[76][29] (+)
|-- (1)top.u_system_wrapper.u_cdm.mem[76][30] (+)
|-- (1)top.u_system_wrapper.u_cdm.mem[76][31] (+)
|-- (1)top.u_system_wrapper.u_cdm.mem[76][32] (+)
|-- (1)top.u_system_wrapper.u_cdm.mem[75][0] (+)
|-- (1)top.u_system_wrapper.u_cdm.mem[75][1] (+)
|-- (1)top.u_system_wrapper.u_cdm.mem[75][2] (+)
|-- (1)top.u_system_wrapper.u_cdm.mem[75][3] (+)
|-- (1)top.u_system_wrapper.u_cdm.mem[75][4] (+)
|-- (1)top.u_system_wrapper.u_cdm.mem[75][5] (+)
|-- (1)top.u_system_wrapper.u_cdm.mem[75][6] (+)
|-- (1)top.u_system_wrapper.u_cdm.mem[75][7] (+)
|-- (1)top.u_system_wrapper.u_cdm.mem[75][8] (+)
|-- (1)top.u_system_wrapper.u_cdm.mem[75][9] (+)
|-- (1)top.u_system_wrapper.u_cdm.mem[75][10] (+)
|-- (1)top.u_system_wrapper.u_cdm.mem[75][11] (+)
|-- (1)top.u_system_wrapper.u_cdm.mem[75][12] (+)
|-- (1)top.u_system_wrapper.u_cdm.mem[75][13] (+)
|-- (1)top.u_system_wrapper.u_cdm.mem[75][14] (+)
|-- (1)top.u_system_wrapper.u_cdm.mem[75][15] (+)
|-- (1)top.u_system_wrapper.u_cdm.mem[75][16] (+)
|-- (1)top.u_system_wrapper.u_cdm.mem[75][17] (+)
|-- (1)top.u_system_wrapper.u_cdm.mem[75][18] (+)
|-- (1)top.u_system_wrapper.u_cdm.mem[75][19] (+)
|-- (1)top.u_system_wrapper.u_cdm.mem[75][20] (+)
|-- (1)top.u_system_wrapper.u_cdm.mem[75][21] (+)
|-- (1)top.u_system_wrapper.u_cdm.mem[75][22] (+)
|-- (1)top.u_system_wrapper.u_cdm.mem[75][23] (+)
|-- (1)top.u_system_wrapper.u_cdm.mem[75][24] (+)
|-- (1)top.u_system_wrapper.u_cdm.mem[75][25] (+)
|-- (1)top.u_system_wrapper.u_cdm.mem[75][26] (+)
|-- (1)top.u_system_wrapper.u_cdm.mem[75][27] (+)
|-- (1)top.u_system_wrapper.u_cdm.mem[75][28] (+)
|-- (1)top.u_system_wrapper.u_cdm.mem[75][29] (+)
|-- (1)top.u_system_wrapper.u_cdm.mem[75][30] (+)
|-- (1)top.u_system_wrapper.u_cdm.mem[75][31] (+)
|-- (1)top.u_system_wrapper.u_cdm.mem[75][32] (+)
|-- (1)top.u_system_wrapper.u_cdm.mem[74][0] (+)
|-- (1)top.u_system_wrapper.u_cdm.mem[74][1] (+)
|-- (1)top.u_system_wrapper.u_cdm.mem[74][2] (+)
|-- (1)top.u_system_wrapper.u_cdm.mem[74][3] (+)
|-- (1)top.u_system_wrapper.u_cdm.mem[74][4] (+)
|-- (1)top.u_system_wrapper.u_cdm.mem[74][5] (+)
|-- (1)top.u_system_wrapper.u_cdm.mem[74][6] (+)
|-- (1)top.u_system_wrapper.u_cdm.mem[74][7] (+)
|-- (1)top.u_system_wrapper.u_cdm.mem[74][8] (+)
|-- (1)top.u_system_wrapper.u_cdm.mem[74][9] (+)
|-- (1)top.u_system_wrapper.u_cdm.mem[74][10] (+)
|-- (1)top.u_system_wrapper.u_cdm.mem[74][11] (+)
|-- (1)top.u_system_wrapper.u_cdm.mem[74][12] (+)
|-- (1)top.u_system_wrapper.u_cdm.mem[74][13] (+)
|-- (1)top.u_system_wrapper.u_cdm.mem[74][14] (+)
|-- (1)top.u_system_wrapper.u_cdm.mem[74][15] (+)
|-- (1)top.u_system_wrapper.u_cdm.mem[74][16] (+)
|-- (1)top.u_system_wrapper.u_cdm.mem[74][17] (+)
|-- (1)top.u_system_wrapper.u_cdm.mem[74][18] (+)
|-- (1)top.u_system_wrapper.u_cdm.mem[74][19] (+)
|-- (1)top.u_system_wrapper.u_cdm.mem[74][20] (+)
|-- (1)top.u_system_wrapper.u_cdm.mem[74][21] (+)
|-- (1)top.u_system_wrapper.u_cdm.mem[74][22] (+)
|-- (1)top.u_system_wrapper.u_cdm.mem[74][23] (+)
|-- (1)top.u_system_wrapper.u_cdm.mem[74][24] (+)
|-- (1)top.u_system_wrapper.u_cdm.mem[74][25] (+)
|-- (1)top.u_system_wrapper.u_cdm.mem[74][26] (+)
|-- (1)top.u_system_wrapper.u_cdm.mem[74][27] (+)
|-- (1)top.u_system_wrapper.u_cdm.mem[74][28] (+)
|-- (1)top.u_system_wrapper.u_cdm.mem[74][29] (+)
|-- (1)top.u_system_wrapper.u_cdm.mem[74][30] (+)
|-- (1)top.u_system_wrapper.u_cdm.mem[74][31] (+)
|-- (1)top.u_system_wrapper.u_cdm.mem[74][32] (+)
|-- (1)top.u_system_wrapper.u_cdm.mem[73][0] (+)
|-- (1)top.u_system_wrapper.u_cdm.mem[73][1] (+)
|-- (1)top.u_system_wrapper.u_cdm.mem[73][2] (+)
|-- (1)top.u_system_wrapper.u_cdm.mem[73][3] (+)
|-- (1)top.u_system_wrapper.u_cdm.mem[73][4] (+)
|-- (1)top.u_system_wrapper.u_cdm.mem[73][5] (+)
|-- (1)top.u_system_wrapper.u_cdm.mem[73][6] (+)
|-- (1)top.u_system_wrapper.u_cdm.mem[73][7] (+)
|-- (1)top.u_system_wrapper.u_cdm.mem[73][8] (+)
|-- (1)top.u_system_wrapper.u_cdm.mem[73][9] (+)
|-- (1)top.u_system_wrapper.u_cdm.mem[73][10] (+)
|-- (1)top.u_system_wrapper.u_cdm.mem[73][11] (+)
|-- (1)top.u_system_wrapper.u_cdm.mem[73][12] (+)
|-- (1)top.u_system_wrapper.u_cdm.mem[73][13] (+)
|-- (1)top.u_system_wrapper.u_cdm.mem[73][14] (+)
|-- (1)top.u_system_wrapper.u_cdm.mem[73][15] (+)
|-- (1)top.u_system_wrapper.u_cdm.mem[73][16] (+)
|-- (1)top.u_system_wrapper.u_cdm.mem[73][17] (+)
|-- (1)top.u_system_wrapper.u_cdm.mem[73][18] (+)
|-- (1)top.u_system_wrapper.u_cdm.mem[73][19] (+)
|-- (1)top.u_system_wrapper.u_cdm.mem[73][20] (+)
|-- (1)top.u_system_wrapper.u_cdm.mem[73][21] (+)
|-- (1)top.u_system_wrapper.u_cdm.mem[73][22] (+)
|-- (1)top.u_system_wrapper.u_cdm.mem[73][23] (+)
|-- (1)top.u_system_wrapper.u_cdm.mem[73][24] (+)
|-- (1)top.u_system_wrapper.u_cdm.mem[73][25] (+)
|-- (1)top.u_system_wrapper.u_cdm.mem[73][26] (+)
|-- (1)top.u_system_wrapper.u_cdm.mem[73][27] (+)
|-- (1)top.u_system_wrapper.u_cdm.mem[73][28] (+)
|-- (1)top.u_system_wrapper.u_cdm.mem[73][29] (+)
|-- (1)top.u_system_wrapper.u_cdm.mem[73][30] (+)
|-- (1)top.u_system_wrapper.u_cdm.mem[73][31] (+)
|-- (1)top.u_system_wrapper.u_cdm.mem[73][32] (+)
|-- (1)top.u_system_wrapper.u_cdm.mem[72][0] (+)
|-- (1)top.u_system_wrapper.u_cdm.mem[72][1] (+)
|-- (1)top.u_system_wrapper.u_cdm.mem[72][2] (+)
|-- (1)top.u_system_wrapper.u_cdm.mem[72][3] (+)
|-- (1)top.u_system_wrapper.u_cdm.mem[72][4] (+)
|-- (1)top.u_system_wrapper.u_cdm.mem[72][5] (+)
|-- (1)top.u_system_wrapper.u_cdm.mem[72][6] (+)
|-- (1)top.u_system_wrapper.u_cdm.mem[72][7] (+)
|-- (1)top.u_system_wrapper.u_cdm.mem[72][8] (+)
|-- (1)top.u_system_wrapper.u_cdm.mem[72][9] (+)
|-- (1)top.u_system_wrapper.u_cdm.mem[72][10] (+)
|-- (1)top.u_system_wrapper.u_cdm.mem[72][11] (+)
|-- (1)top.u_system_wrapper.u_cdm.mem[72][12] (+)
|-- (1)top.u_system_wrapper.u_cdm.mem[72][13] (+)
|-- (1)top.u_system_wrapper.u_cdm.mem[72][14] (+)
|-- (1)top.u_system_wrapper.u_cdm.mem[72][15] (+)
|-- (1)top.u_system_wrapper.u_cdm.mem[72][16] (+)
|-- (1)top.u_system_wrapper.u_cdm.mem[72][17] (+)
|-- (1)top.u_system_wrapper.u_cdm.mem[72][18] (+)
|-- (1)top.u_system_wrapper.u_cdm.mem[72][19] (+)
|-- (1)top.u_system_wrapper.u_cdm.mem[72][20] (+)
|-- (1)top.u_system_wrapper.u_cdm.mem[72][21] (+)
|-- (1)top.u_system_wrapper.u_cdm.mem[72][22] (+)
|-- (1)top.u_system_wrapper.u_cdm.mem[72][23] (+)
|-- (1)top.u_system_wrapper.u_cdm.mem[72][24] (+)
|-- (1)top.u_system_wrapper.u_cdm.mem[72][25] (+)
|-- (1)top.u_system_wrapper.u_cdm.mem[72][26] (+)
|-- (1)top.u_system_wrapper.u_cdm.mem[72][27] (+)
|-- (1)top.u_system_wrapper.u_cdm.mem[72][28] (+)
|-- (1)top.u_system_wrapper.u_cdm.mem[72][29] (+)
|-- (1)top.u_system_wrapper.u_cdm.mem[72][30] (+)
|-- (1)top.u_system_wrapper.u_cdm.mem[72][31] (+)
|-- (1)top.u_system_wrapper.u_cdm.mem[72][32] (+)
|-- (1)top.u_system_wrapper.u_cdm.mem[71][0] (+)
|-- (1)top.u_system_wrapper.u_cdm.mem[71][1] (+)
|-- (1)top.u_system_wrapper.u_cdm.mem[71][2] (+)
|-- (1)top.u_system_wrapper.u_cdm.mem[71][3] (+)
|-- (1)top.u_system_wrapper.u_cdm.mem[71][4] (+)
|-- (1)top.u_system_wrapper.u_cdm.mem[71][5] (+)
|-- (1)top.u_system_wrapper.u_cdm.mem[71][6] (+)
|-- (1)top.u_system_wrapper.u_cdm.mem[71][7] (+)
|-- (1)top.u_system_wrapper.u_cdm.mem[71][8] (+)
|-- (1)top.u_system_wrapper.u_cdm.mem[71][9] (+)
|-- (1)top.u_system_wrapper.u_cdm.mem[71][10] (+)
|-- (1)top.u_system_wrapper.u_cdm.mem[71][11] (+)
|-- (1)top.u_system_wrapper.u_cdm.mem[71][12] (+)
|-- (1)top.u_system_wrapper.u_cdm.mem[71][13] (+)
|-- (1)top.u_system_wrapper.u_cdm.mem[71][14] (+)
|-- (1)top.u_system_wrapper.u_cdm.mem[71][15] (+)
|-- (1)top.u_system_wrapper.u_cdm.mem[71][16] (+)
|-- (1)top.u_system_wrapper.u_cdm.mem[71][17] (+)
|-- (1)top.u_system_wrapper.u_cdm.mem[71][18] (+)
|-- (1)top.u_system_wrapper.u_cdm.mem[71][19] (+)
|-- (1)top.u_system_wrapper.u_cdm.mem[71][20] (+)
|-- (1)top.u_system_wrapper.u_cdm.mem[71][21] (+)
|-- (1)top.u_system_wrapper.u_cdm.mem[71][22] (+)
|-- (1)top.u_system_wrapper.u_cdm.mem[71][23] (+)
|-- (1)top.u_system_wrapper.u_cdm.mem[71][24] (+)
|-- (1)top.u_system_wrapper.u_cdm.mem[71][25] (+)
|-- (1)top.u_system_wrapper.u_cdm.mem[71][26] (+)
|-- (1)top.u_system_wrapper.u_cdm.mem[71][27] (+)
|-- (1)top.u_system_wrapper.u_cdm.mem[71][28] (+)
|-- (1)top.u_system_wrapper.u_cdm.mem[71][29] (+)
|-- (1)top.u_system_wrapper.u_cdm.mem[71][30] (+)
|-- (1)top.u_system_wrapper.u_cdm.mem[71][31] (+)
|-- (1)top.u_system_wrapper.u_cdm.mem[71][32] (+)
|-- (1)top.u_system_wrapper.u_cdm.mem[70][0] (+)
|-- (1)top.u_system_wrapper.u_cdm.mem[70][1] (+)
|-- (1)top.u_system_wrapper.u_cdm.mem[70][2] (+)
|-- (1)top.u_system_wrapper.u_cdm.mem[70][3] (+)
|-- (1)top.u_system_wrapper.u_cdm.mem[70][4] (+)
|-- (1)top.u_system_wrapper.u_cdm.mem[70][5] (+)
|-- (1)top.u_system_wrapper.u_cdm.mem[70][6] (+)
|-- (1)top.u_system_wrapper.u_cdm.mem[70][7] (+)
|-- (1)top.u_system_wrapper.u_cdm.mem[70][8] (+)
|-- (1)top.u_system_wrapper.u_cdm.mem[70][9] (+)
|-- (1)top.u_system_wrapper.u_cdm.mem[70][10] (+)
|-- (1)top.u_system_wrapper.u_cdm.mem[70][11] (+)
|-- (1)top.u_system_wrapper.u_cdm.mem[70][12] (+)
|-- (1)top.u_system_wrapper.u_cdm.mem[70][13] (+)
|-- (1)top.u_system_wrapper.u_cdm.mem[70][14] (+)
|-- (1)top.u_system_wrapper.u_cdm.mem[70][15] (+)
|-- (1)top.u_system_wrapper.u_cdm.mem[70][16] (+)
|-- (1)top.u_system_wrapper.u_cdm.mem[70][17] (+)
|-- (1)top.u_system_wrapper.u_cdm.mem[70][18] (+)
|-- (1)top.u_system_wrapper.u_cdm.mem[70][19] (+)
|-- (1)top.u_system_wrapper.u_cdm.mem[70][20] (+)
|-- (1)top.u_system_wrapper.u_cdm.mem[70][21] (+)
|-- (1)top.u_system_wrapper.u_cdm.mem[70][22] (+)
|-- (1)top.u_system_wrapper.u_cdm.mem[70][23] (+)
|-- (1)top.u_system_wrapper.u_cdm.mem[70][24] (+)
|-- (1)top.u_system_wrapper.u_cdm.mem[70][25] (+)
|-- (1)top.u_system_wrapper.u_cdm.mem[70][26] (+)
|-- (1)top.u_system_wrapper.u_cdm.mem[70][27] (+)
|-- (1)top.u_system_wrapper.u_cdm.mem[70][28] (+)
|-- (1)top.u_system_wrapper.u_cdm.mem[70][29] (+)
|-- (1)top.u_system_wrapper.u_cdm.mem[70][30] (+)
|-- (1)top.u_system_wrapper.u_cdm.mem[70][31] (+)
|-- (1)top.u_system_wrapper.u_cdm.mem[70][32] (+)
|-- (1)top.u_system_wrapper.u_cdm.mem[69][0] (+)
|-- (1)top.u_system_wrapper.u_cdm.mem[69][1] (+)
|-- (1)top.u_system_wrapper.u_cdm.mem[69][2] (+)
|-- (1)top.u_system_wrapper.u_cdm.mem[69][3] (+)
|-- (1)top.u_system_wrapper.u_cdm.mem[69][4] (+)
|-- (1)top.u_system_wrapper.u_cdm.mem[69][5] (+)
|-- (1)top.u_system_wrapper.u_cdm.mem[69][6] (+)
|-- (1)top.u_system_wrapper.u_cdm.mem[69][7] (+)
|-- (1)top.u_system_wrapper.u_cdm.mem[69][8] (+)
|-- (1)top.u_system_wrapper.u_cdm.mem[69][9] (+)
|-- (1)top.u_system_wrapper.u_cdm.mem[69][10] (+)
|-- (1)top.u_system_wrapper.u_cdm.mem[69][11] (+)
|-- (1)top.u_system_wrapper.u_cdm.mem[69][12] (+)
|-- (1)top.u_system_wrapper.u_cdm.mem[69][13] (+)
|-- (1)top.u_system_wrapper.u_cdm.mem[69][14] (+)
|-- (1)top.u_system_wrapper.u_cdm.mem[69][15] (+)
|-- (1)top.u_system_wrapper.u_cdm.mem[69][16] (+)
|-- (1)top.u_system_wrapper.u_cdm.mem[69][17] (+)
|-- (1)top.u_system_wrapper.u_cdm.mem[69][18] (+)
|-- (1)top.u_system_wrapper.u_cdm.mem[69][19] (+)
|-- (1)top.u_system_wrapper.u_cdm.mem[69][20] (+)
|-- (1)top.u_system_wrapper.u_cdm.mem[69][21] (+)
|-- (1)top.u_system_wrapper.u_cdm.mem[69][22] (+)
|-- (1)top.u_system_wrapper.u_cdm.mem[69][23] (+)
|-- (1)top.u_system_wrapper.u_cdm.mem[69][24] (+)
|-- (1)top.u_system_wrapper.u_cdm.mem[69][25] (+)
|-- (1)top.u_system_wrapper.u_cdm.mem[69][26] (+)
|-- (1)top.u_system_wrapper.u_cdm.mem[69][27] (+)
|-- (1)top.u_system_wrapper.u_cdm.mem[69][28] (+)
|-- (1)top.u_system_wrapper.u_cdm.mem[69][29] (+)
|-- (1)top.u_system_wrapper.u_cdm.mem[69][30] (+)
|-- (1)top.u_system_wrapper.u_cdm.mem[69][31] (+)
|-- (1)top.u_system_wrapper.u_cdm.mem[69][32] (+)
|-- (1)top.u_system_wrapper.u_cdm.mem[68][0] (+)
|-- (1)top.u_system_wrapper.u_cdm.mem[68][1] (+)
|-- (1)top.u_system_wrapper.u_cdm.mem[68][2] (+)
|-- (1)top.u_system_wrapper.u_cdm.mem[68][3] (+)
|-- (1)top.u_system_wrapper.u_cdm.mem[68][4] (+)
|-- (1)top.u_system_wrapper.u_cdm.mem[68][5] (+)
|-- (1)top.u_system_wrapper.u_cdm.mem[68][6] (+)
|-- (1)top.u_system_wrapper.u_cdm.mem[68][7] (+)
|-- (1)top.u_system_wrapper.u_cdm.mem[68][8] (+)
|-- (1)top.u_system_wrapper.u_cdm.mem[68][9] (+)
|-- (1)top.u_system_wrapper.u_cdm.mem[68][10] (+)
|-- (1)top.u_system_wrapper.u_cdm.mem[68][11] (+)
|-- (1)top.u_system_wrapper.u_cdm.mem[68][12] (+)
|-- (1)top.u_system_wrapper.u_cdm.mem[68][13] (+)
|-- (1)top.u_system_wrapper.u_cdm.mem[68][14] (+)
|-- (1)top.u_system_wrapper.u_cdm.mem[68][15] (+)
|-- (1)top.u_system_wrapper.u_cdm.mem[68][16] (+)
|-- (1)top.u_system_wrapper.u_cdm.mem[68][17] (+)
|-- (1)top.u_system_wrapper.u_cdm.mem[68][18] (+)
|-- (1)top.u_system_wrapper.u_cdm.mem[68][19] (+)
|-- (1)top.u_system_wrapper.u_cdm.mem[68][20] (+)
|-- (1)top.u_system_wrapper.u_cdm.mem[68][21] (+)
|-- (1)top.u_system_wrapper.u_cdm.mem[68][22] (+)
|-- (1)top.u_system_wrapper.u_cdm.mem[68][23] (+)
|-- (1)top.u_system_wrapper.u_cdm.mem[68][24] (+)
|-- (1)top.u_system_wrapper.u_cdm.mem[68][25] (+)
|-- (1)top.u_system_wrapper.u_cdm.mem[68][26] (+)
|-- (1)top.u_system_wrapper.u_cdm.mem[68][27] (+)
|-- (1)top.u_system_wrapper.u_cdm.mem[68][28] (+)
|-- (1)top.u_system_wrapper.u_cdm.mem[68][29] (+)
|-- (1)top.u_system_wrapper.u_cdm.mem[68][30] (+)
|-- (1)top.u_system_wrapper.u_cdm.mem[68][31] (+)
|-- (1)top.u_system_wrapper.u_cdm.mem[68][32] (+)
|-- (1)top.u_system_wrapper.u_cdm.mem[67][0] (+)
|-- (1)top.u_system_wrapper.u_cdm.mem[67][1] (+)
|-- (1)top.u_system_wrapper.u_cdm.mem[67][2] (+)
|-- (1)top.u_system_wrapper.u_cdm.mem[67][3] (+)
|-- (1)top.u_system_wrapper.u_cdm.mem[67][4] (+)
|-- (1)top.u_system_wrapper.u_cdm.mem[67][5] (+)
|-- (1)top.u_system_wrapper.u_cdm.mem[67][6] (+)
|-- (1)top.u_system_wrapper.u_cdm.mem[67][7] (+)
|-- (1)top.u_system_wrapper.u_cdm.mem[67][8] (+)
|-- (1)top.u_system_wrapper.u_cdm.mem[67][9] (+)
|-- (1)top.u_system_wrapper.u_cdm.mem[67][10] (+)
|-- (1)top.u_system_wrapper.u_cdm.mem[67][11] (+)
|-- (1)top.u_system_wrapper.u_cdm.mem[67][12] (+)
|-- (1)top.u_system_wrapper.u_cdm.mem[67][13] (+)
|-- (1)top.u_system_wrapper.u_cdm.mem[67][14] (+)
|-- (1)top.u_system_wrapper.u_cdm.mem[67][15] (+)
|-- (1)top.u_system_wrapper.u_cdm.mem[67][16] (+)
|-- (1)top.u_system_wrapper.u_cdm.mem[67][17] (+)
|-- (1)top.u_system_wrapper.u_cdm.mem[67][18] (+)
|-- (1)top.u_system_wrapper.u_cdm.mem[67][19] (+)
|-- (1)top.u_system_wrapper.u_cdm.mem[67][20] (+)
|-- (1)top.u_system_wrapper.u_cdm.mem[67][21] (+)
|-- (1)top.u_system_wrapper.u_cdm.mem[67][22] (+)
|-- (1)top.u_system_wrapper.u_cdm.mem[67][23] (+)
|-- (1)top.u_system_wrapper.u_cdm.mem[67][24] (+)
|-- (1)top.u_system_wrapper.u_cdm.mem[67][25] (+)
|-- (1)top.u_system_wrapper.u_cdm.mem[67][26] (+)
|-- (1)top.u_system_wrapper.u_cdm.mem[67][27] (+)
|-- (1)top.u_system_wrapper.u_cdm.mem[67][28] (+)
|-- (1)top.u_system_wrapper.u_cdm.mem[67][29] (+)
|-- (1)top.u_system_wrapper.u_cdm.mem[67][30] (+)
|-- (1)top.u_system_wrapper.u_cdm.mem[67][31] (+)
|-- (1)top.u_system_wrapper.u_cdm.mem[67][32] (+)
|-- (1)top.u_system_wrapper.u_cdm.mem[66][0] (+)
|-- (1)top.u_system_wrapper.u_cdm.mem[66][1] (+)
|-- (1)top.u_system_wrapper.u_cdm.mem[66][2] (+)
|-- (1)top.u_system_wrapper.u_cdm.mem[66][3] (+)
|-- (1)top.u_system_wrapper.u_cdm.mem[66][4] (+)
|-- (1)top.u_system_wrapper.u_cdm.mem[66][5] (+)
|-- (1)top.u_system_wrapper.u_cdm.mem[66][6] (+)
|-- (1)top.u_system_wrapper.u_cdm.mem[66][7] (+)
|-- (1)top.u_system_wrapper.u_cdm.mem[66][8] (+)
|-- (1)top.u_system_wrapper.u_cdm.mem[66][9] (+)
|-- (1)top.u_system_wrapper.u_cdm.mem[66][10] (+)
|-- (1)top.u_system_wrapper.u_cdm.mem[66][11] (+)
|-- (1)top.u_system_wrapper.u_cdm.mem[66][12] (+)
|-- (1)top.u_system_wrapper.u_cdm.mem[66][13] (+)
|-- (1)top.u_system_wrapper.u_cdm.mem[66][14] (+)
|-- (1)top.u_system_wrapper.u_cdm.mem[66][15] (+)
|-- (1)top.u_system_wrapper.u_cdm.mem[66][16] (+)
|-- (1)top.u_system_wrapper.u_cdm.mem[66][17] (+)
|-- (1)top.u_system_wrapper.u_cdm.mem[66][18] (+)
|-- (1)top.u_system_wrapper.u_cdm.mem[66][19] (+)
|-- (1)top.u_system_wrapper.u_cdm.mem[66][20] (+)
|-- (1)top.u_system_wrapper.u_cdm.mem[66][21] (+)
|-- (1)top.u_system_wrapper.u_cdm.mem[66][22] (+)
|-- (1)top.u_system_wrapper.u_cdm.mem[66][23] (+)
|-- (1)top.u_system_wrapper.u_cdm.mem[66][24] (+)
|-- (1)top.u_system_wrapper.u_cdm.mem[66][25] (+)
|-- (1)top.u_system_wrapper.u_cdm.mem[66][26] (+)
|-- (1)top.u_system_wrapper.u_cdm.mem[66][27] (+)
|-- (1)top.u_system_wrapper.u_cdm.mem[66][28] (+)
|-- (1)top.u_system_wrapper.u_cdm.mem[66][29] (+)
|-- (1)top.u_system_wrapper.u_cdm.mem[66][30] (+)
|-- (1)top.u_system_wrapper.u_cdm.mem[66][31] (+)
|-- (1)top.u_system_wrapper.u_cdm.mem[66][32] (+)
|-- (1)top.u_system_wrapper.u_cdm.mem[65][0] (+)
|-- (1)top.u_system_wrapper.u_cdm.mem[65][1] (+)
|-- (1)top.u_system_wrapper.u_cdm.mem[65][2] (+)
|-- (1)top.u_system_wrapper.u_cdm.mem[65][3] (+)
|-- (1)top.u_system_wrapper.u_cdm.mem[65][4] (+)
|-- (1)top.u_system_wrapper.u_cdm.mem[65][5] (+)
|-- (1)top.u_system_wrapper.u_cdm.mem[65][6] (+)
|-- (1)top.u_system_wrapper.u_cdm.mem[65][7] (+)
|-- (1)top.u_system_wrapper.u_cdm.mem[65][8] (+)
|-- (1)top.u_system_wrapper.u_cdm.mem[65][9] (+)
|-- (1)top.u_system_wrapper.u_cdm.mem[65][10] (+)
|-- (1)top.u_system_wrapper.u_cdm.mem[65][11] (+)
|-- (1)top.u_system_wrapper.u_cdm.mem[65][12] (+)
|-- (1)top.u_system_wrapper.u_cdm.mem[65][13] (+)
|-- (1)top.u_system_wrapper.u_cdm.mem[65][14] (+)
|-- (1)top.u_system_wrapper.u_cdm.mem[65][15] (+)
|-- (1)top.u_system_wrapper.u_cdm.mem[65][16] (+)
|-- (1)top.u_system_wrapper.u_cdm.mem[65][17] (+)
|-- (1)top.u_system_wrapper.u_cdm.mem[65][18] (+)
|-- (1)top.u_system_wrapper.u_cdm.mem[65][19] (+)
|-- (1)top.u_system_wrapper.u_cdm.mem[65][20] (+)
|-- (1)top.u_system_wrapper.u_cdm.mem[65][21] (+)
|-- (1)top.u_system_wrapper.u_cdm.mem[65][22] (+)
|-- (1)top.u_system_wrapper.u_cdm.mem[65][23] (+)
|-- (1)top.u_system_wrapper.u_cdm.mem[65][24] (+)
|-- (1)top.u_system_wrapper.u_cdm.mem[65][25] (+)
|-- (1)top.u_system_wrapper.u_cdm.mem[65][26] (+)
|-- (1)top.u_system_wrapper.u_cdm.mem[65][27] (+)
|-- (1)top.u_system_wrapper.u_cdm.mem[65][28] (+)
|-- (1)top.u_system_wrapper.u_cdm.mem[65][29] (+)
|-- (1)top.u_system_wrapper.u_cdm.mem[65][30] (+)
|-- (1)top.u_system_wrapper.u_cdm.mem[65][31] (+)
|-- (1)top.u_system_wrapper.u_cdm.mem[65][32] (+)
|-- (1)top.u_system_wrapper.u_cdm.mem[64][0] (+)
|-- (1)top.u_system_wrapper.u_cdm.mem[64][1] (+)
|-- (1)top.u_system_wrapper.u_cdm.mem[64][2] (+)
|-- (1)top.u_system_wrapper.u_cdm.mem[64][3] (+)
|-- (1)top.u_system_wrapper.u_cdm.mem[64][4] (+)
|-- (1)top.u_system_wrapper.u_cdm.mem[64][5] (+)
|-- (1)top.u_system_wrapper.u_cdm.mem[64][6] (+)
|-- (1)top.u_system_wrapper.u_cdm.mem[64][7] (+)
|-- (1)top.u_system_wrapper.u_cdm.mem[64][8] (+)
|-- (1)top.u_system_wrapper.u_cdm.mem[64][9] (+)
|-- (1)top.u_system_wrapper.u_cdm.mem[64][10] (+)
|-- (1)top.u_system_wrapper.u_cdm.mem[64][11] (+)
|-- (1)top.u_system_wrapper.u_cdm.mem[64][12] (+)
|-- (1)top.u_system_wrapper.u_cdm.mem[64][13] (+)
|-- (1)top.u_system_wrapper.u_cdm.mem[64][14] (+)
|-- (1)top.u_system_wrapper.u_cdm.mem[64][15] (+)
|-- (1)top.u_system_wrapper.u_cdm.mem[64][16] (+)
|-- (1)top.u_system_wrapper.u_cdm.mem[64][17] (+)
|-- (1)top.u_system_wrapper.u_cdm.mem[64][18] (+)
|-- (1)top.u_system_wrapper.u_cdm.mem[64][19] (+)
|-- (1)top.u_system_wrapper.u_cdm.mem[64][20] (+)
|-- (1)top.u_system_wrapper.u_cdm.mem[64][21] (+)
|-- (1)top.u_system_wrapper.u_cdm.mem[64][22] (+)
|-- (1)top.u_system_wrapper.u_cdm.mem[64][23] (+)
|-- (1)top.u_system_wrapper.u_cdm.mem[64][24] (+)
|-- (1)top.u_system_wrapper.u_cdm.mem[64][25] (+)
|-- (1)top.u_system_wrapper.u_cdm.mem[64][26] (+)
|-- (1)top.u_system_wrapper.u_cdm.mem[64][27] (+)
|-- (1)top.u_system_wrapper.u_cdm.mem[64][28] (+)
|-- (1)top.u_system_wrapper.u_cdm.mem[64][29] (+)
|-- (1)top.u_system_wrapper.u_cdm.mem[64][30] (+)
|-- (1)top.u_system_wrapper.u_cdm.mem[64][31] (+)
|-- (1)top.u_system_wrapper.u_cdm.mem[64][32] (+)
|-- (1)top.u_system_wrapper.u_cdm.mem[63][0] (+)
|-- (1)top.u_system_wrapper.u_cdm.mem[63][1] (+)
|-- (1)top.u_system_wrapper.u_cdm.mem[63][2] (+)
|-- (1)top.u_system_wrapper.u_cdm.mem[63][3] (+)
|-- (1)top.u_system_wrapper.u_cdm.mem[63][4] (+)
|-- (1)top.u_system_wrapper.u_cdm.mem[63][5] (+)
|-- (1)top.u_system_wrapper.u_cdm.mem[63][6] (+)
|-- (1)top.u_system_wrapper.u_cdm.mem[63][7] (+)
|-- (1)top.u_system_wrapper.u_cdm.mem[63][8] (+)
|-- (1)top.u_system_wrapper.u_cdm.mem[63][9] (+)
|-- (1)top.u_system_wrapper.u_cdm.mem[63][10] (+)
|-- (1)top.u_system_wrapper.u_cdm.mem[63][11] (+)
|-- (1)top.u_system_wrapper.u_cdm.mem[63][12] (+)
|-- (1)top.u_system_wrapper.u_cdm.mem[63][13] (+)
|-- (1)top.u_system_wrapper.u_cdm.mem[63][14] (+)
|-- (1)top.u_system_wrapper.u_cdm.mem[63][15] (+)
|-- (1)top.u_system_wrapper.u_cdm.mem[63][16] (+)
|-- (1)top.u_system_wrapper.u_cdm.mem[63][17] (+)
|-- (1)top.u_system_wrapper.u_cdm.mem[63][18] (+)
|-- (1)top.u_system_wrapper.u_cdm.mem[63][19] (+)
|-- (1)top.u_system_wrapper.u_cdm.mem[63][20] (+)
|-- (1)top.u_system_wrapper.u_cdm.mem[63][21] (+)
|-- (1)top.u_system_wrapper.u_cdm.mem[63][22] (+)
|-- (1)top.u_system_wrapper.u_cdm.mem[63][23] (+)
|-- (1)top.u_system_wrapper.u_cdm.mem[63][24] (+)
|-- (1)top.u_system_wrapper.u_cdm.mem[63][25] (+)
|-- (1)top.u_system_wrapper.u_cdm.mem[63][26] (+)
|-- (1)top.u_system_wrapper.u_cdm.mem[63][27] (+)
|-- (1)top.u_system_wrapper.u_cdm.mem[63][28] (+)
|-- (1)top.u_system_wrapper.u_cdm.mem[63][29] (+)
|-- (1)top.u_system_wrapper.u_cdm.mem[63][30] (+)
|-- (1)top.u_system_wrapper.u_cdm.mem[63][31] (+)
|-- (1)top.u_system_wrapper.u_cdm.mem[63][32] (+)
|-- (1)top.u_system_wrapper.u_cdm.mem[62][0] (+)
|-- (1)top.u_system_wrapper.u_cdm.mem[62][1] (+)
|-- (1)top.u_system_wrapper.u_cdm.mem[62][2] (+)
|-- (1)top.u_system_wrapper.u_cdm.mem[62][3] (+)
|-- (1)top.u_system_wrapper.u_cdm.mem[62][4] (+)
|-- (1)top.u_system_wrapper.u_cdm.mem[62][5] (+)
|-- (1)top.u_system_wrapper.u_cdm.mem[62][6] (+)
|-- (1)top.u_system_wrapper.u_cdm.mem[62][7] (+)
|-- (1)top.u_system_wrapper.u_cdm.mem[62][8] (+)
|-- (1)top.u_system_wrapper.u_cdm.mem[62][9] (+)
|-- (1)top.u_system_wrapper.u_cdm.mem[62][10] (+)
|-- (1)top.u_system_wrapper.u_cdm.mem[62][11] (+)
|-- (1)top.u_system_wrapper.u_cdm.mem[62][12] (+)
|-- (1)top.u_system_wrapper.u_cdm.mem[62][13] (+)
|-- (1)top.u_system_wrapper.u_cdm.mem[62][14] (+)
|-- (1)top.u_system_wrapper.u_cdm.mem[62][15] (+)
|-- (1)top.u_system_wrapper.u_cdm.mem[62][16] (+)
|-- (1)top.u_system_wrapper.u_cdm.mem[62][17] (+)
|-- (1)top.u_system_wrapper.u_cdm.mem[62][18] (+)
|-- (1)top.u_system_wrapper.u_cdm.mem[62][19] (+)
|-- (1)top.u_system_wrapper.u_cdm.mem[62][20] (+)
|-- (1)top.u_system_wrapper.u_cdm.mem[62][21] (+)
|-- (1)top.u_system_wrapper.u_cdm.mem[62][22] (+)
|-- (1)top.u_system_wrapper.u_cdm.mem[62][23] (+)
|-- (1)top.u_system_wrapper.u_cdm.mem[62][24] (+)
|-- (1)top.u_system_wrapper.u_cdm.mem[62][25] (+)
|-- (1)top.u_system_wrapper.u_cdm.mem[62][26] (+)
|-- (1)top.u_system_wrapper.u_cdm.mem[62][27] (+)
|-- (1)top.u_system_wrapper.u_cdm.mem[62][28] (+)
|-- (1)top.u_system_wrapper.u_cdm.mem[62][29] (+)
|-- (1)top.u_system_wrapper.u_cdm.mem[62][30] (+)
|-- (1)top.u_system_wrapper.u_cdm.mem[62][31] (+)
|-- (1)top.u_system_wrapper.u_cdm.mem[62][32] (+)
|-- (1)top.u_system_wrapper.u_cdm.mem[61][0] (+)
|-- (1)top.u_system_wrapper.u_cdm.mem[61][1] (+)
|-- (1)top.u_system_wrapper.u_cdm.mem[61][2] (+)
|-- (1)top.u_system_wrapper.u_cdm.mem[61][3] (+)
|-- (1)top.u_system_wrapper.u_cdm.mem[61][4] (+)
|-- (1)top.u_system_wrapper.u_cdm.mem[61][5] (+)
|-- (1)top.u_system_wrapper.u_cdm.mem[61][6] (+)
|-- (1)top.u_system_wrapper.u_cdm.mem[61][7] (+)
|-- (1)top.u_system_wrapper.u_cdm.mem[61][8] (+)
|-- (1)top.u_system_wrapper.u_cdm.mem[61][9] (+)
|-- (1)top.u_system_wrapper.u_cdm.mem[61][10] (+)
|-- (1)top.u_system_wrapper.u_cdm.mem[61][11] (+)
|-- (1)top.u_system_wrapper.u_cdm.mem[61][12] (+)
|-- (1)top.u_system_wrapper.u_cdm.mem[61][13] (+)
|-- (1)top.u_system_wrapper.u_cdm.mem[61][14] (+)
|-- (1)top.u_system_wrapper.u_cdm.mem[61][15] (+)
|-- (1)top.u_system_wrapper.u_cdm.mem[61][16] (+)
|-- (1)top.u_system_wrapper.u_cdm.mem[61][17] (+)
|-- (1)top.u_system_wrapper.u_cdm.mem[61][18] (+)
|-- (1)top.u_system_wrapper.u_cdm.mem[61][19] (+)
|-- (1)top.u_system_wrapper.u_cdm.mem[61][20] (+)
|-- (1)top.u_system_wrapper.u_cdm.mem[61][21] (+)
|-- (1)top.u_system_wrapper.u_cdm.mem[61][22] (+)
|-- (1)top.u_system_wrapper.u_cdm.mem[61][23] (+)
|-- (1)top.u_system_wrapper.u_cdm.mem[61][24] (+)
|-- (1)top.u_system_wrapper.u_cdm.mem[61][25] (+)
|-- (1)top.u_system_wrapper.u_cdm.mem[61][26] (+)
|-- (1)top.u_system_wrapper.u_cdm.mem[61][27] (+)
|-- (1)top.u_system_wrapper.u_cdm.mem[61][28] (+)
|-- (1)top.u_system_wrapper.u_cdm.mem[61][29] (+)
|-- (1)top.u_system_wrapper.u_cdm.mem[61][30] (+)
|-- (1)top.u_system_wrapper.u_cdm.mem[61][31] (+)
|-- (1)top.u_system_wrapper.u_cdm.mem[61][32] (+)
|-- (1)top.u_system_wrapper.u_cdm.mem[60][0] (+)
|-- (1)top.u_system_wrapper.u_cdm.mem[60][1] (+)
|-- (1)top.u_system_wrapper.u_cdm.mem[60][2] (+)
|-- (1)top.u_system_wrapper.u_cdm.mem[60][3] (+)
|-- (1)top.u_system_wrapper.u_cdm.mem[60][4] (+)
|-- (1)top.u_system_wrapper.u_cdm.mem[60][5] (+)
|-- (1)top.u_system_wrapper.u_cdm.mem[60][6] (+)
|-- (1)top.u_system_wrapper.u_cdm.mem[60][7] (+)
|-- (1)top.u_system_wrapper.u_cdm.mem[60][8] (+)
|-- (1)top.u_system_wrapper.u_cdm.mem[60][9] (+)
|-- (1)top.u_system_wrapper.u_cdm.mem[60][10] (+)
|-- (1)top.u_system_wrapper.u_cdm.mem[60][11] (+)
|-- (1)top.u_system_wrapper.u_cdm.mem[60][12] (+)
|-- (1)top.u_system_wrapper.u_cdm.mem[60][13] (+)
|-- (1)top.u_system_wrapper.u_cdm.mem[60][14] (+)
|-- (1)top.u_system_wrapper.u_cdm.mem[60][15] (+)
|-- (1)top.u_system_wrapper.u_cdm.mem[60][16] (+)
|-- (1)top.u_system_wrapper.u_cdm.mem[60][17] (+)
|-- (1)top.u_system_wrapper.u_cdm.mem[60][18] (+)
|-- (1)top.u_system_wrapper.u_cdm.mem[60][19] (+)
|-- (1)top.u_system_wrapper.u_cdm.mem[60][20] (+)
|-- (1)top.u_system_wrapper.u_cdm.mem[60][21] (+)
|-- (1)top.u_system_wrapper.u_cdm.mem[60][22] (+)
|-- (1)top.u_system_wrapper.u_cdm.mem[60][23] (+)
|-- (1)top.u_system_wrapper.u_cdm.mem[60][24] (+)
|-- (1)top.u_system_wrapper.u_cdm.mem[60][25] (+)
|-- (1)top.u_system_wrapper.u_cdm.mem[60][26] (+)
|-- (1)top.u_system_wrapper.u_cdm.mem[60][27] (+)
|-- (1)top.u_system_wrapper.u_cdm.mem[60][28] (+)
|-- (1)top.u_system_wrapper.u_cdm.mem[60][29] (+)
|-- (1)top.u_system_wrapper.u_cdm.mem[60][30] (+)
|-- (1)top.u_system_wrapper.u_cdm.mem[60][31] (+)
|-- (1)top.u_system_wrapper.u_cdm.mem[60][32] (+)
|-- (1)top.u_system_wrapper.u_cdm.mem[59][0] (+)
|-- (1)top.u_system_wrapper.u_cdm.mem[59][1] (+)
|-- (1)top.u_system_wrapper.u_cdm.mem[59][2] (+)
|-- (1)top.u_system_wrapper.u_cdm.mem[59][3] (+)
|-- (1)top.u_system_wrapper.u_cdm.mem[59][4] (+)
|-- (1)top.u_system_wrapper.u_cdm.mem[59][5] (+)
|-- (1)top.u_system_wrapper.u_cdm.mem[59][6] (+)
|-- (1)top.u_system_wrapper.u_cdm.mem[59][7] (+)
|-- (1)top.u_system_wrapper.u_cdm.mem[59][8] (+)
|-- (1)top.u_system_wrapper.u_cdm.mem[59][9] (+)
|-- (1)top.u_system_wrapper.u_cdm.mem[59][10] (+)
|-- (1)top.u_system_wrapper.u_cdm.mem[59][11] (+)
|-- (1)top.u_system_wrapper.u_cdm.mem[59][12] (+)
|-- (1)top.u_system_wrapper.u_cdm.mem[59][13] (+)
|-- (1)top.u_system_wrapper.u_cdm.mem[59][14] (+)
|-- (1)top.u_system_wrapper.u_cdm.mem[59][15] (+)
|-- (1)top.u_system_wrapper.u_cdm.mem[59][16] (+)
|-- (1)top.u_system_wrapper.u_cdm.mem[59][17] (+)
|-- (1)top.u_system_wrapper.u_cdm.mem[59][18] (+)
|-- (1)top.u_system_wrapper.u_cdm.mem[59][19] (+)
|-- (1)top.u_system_wrapper.u_cdm.mem[59][20] (+)
|-- (1)top.u_system_wrapper.u_cdm.mem[59][21] (+)
|-- (1)top.u_system_wrapper.u_cdm.mem[59][22] (+)
|-- (1)top.u_system_wrapper.u_cdm.mem[59][23] (+)
|-- (1)top.u_system_wrapper.u_cdm.mem[59][24] (+)
|-- (1)top.u_system_wrapper.u_cdm.mem[59][25] (+)
|-- (1)top.u_system_wrapper.u_cdm.mem[59][26] (+)
|-- (1)top.u_system_wrapper.u_cdm.mem[59][27] (+)
|-- (1)top.u_system_wrapper.u_cdm.mem[59][28] (+)
|-- (1)top.u_system_wrapper.u_cdm.mem[59][29] (+)
|-- (1)top.u_system_wrapper.u_cdm.mem[59][30] (+)
|-- (1)top.u_system_wrapper.u_cdm.mem[59][31] (+)
|-- (1)top.u_system_wrapper.u_cdm.mem[59][32] (+)
|-- (1)top.u_system_wrapper.u_cdm.mem[58][0] (+)
|-- (1)top.u_system_wrapper.u_cdm.mem[58][1] (+)
|-- (1)top.u_system_wrapper.u_cdm.mem[58][2] (+)
|-- (1)top.u_system_wrapper.u_cdm.mem[58][3] (+)
|-- (1)top.u_system_wrapper.u_cdm.mem[58][4] (+)
|-- (1)top.u_system_wrapper.u_cdm.mem[58][5] (+)
|-- (1)top.u_system_wrapper.u_cdm.mem[58][6] (+)
|-- (1)top.u_system_wrapper.u_cdm.mem[58][7] (+)
|-- (1)top.u_system_wrapper.u_cdm.mem[58][8] (+)
|-- (1)top.u_system_wrapper.u_cdm.mem[58][9] (+)
|-- (1)top.u_system_wrapper.u_cdm.mem[58][10] (+)
|-- (1)top.u_system_wrapper.u_cdm.mem[58][11] (+)
|-- (1)top.u_system_wrapper.u_cdm.mem[58][12] (+)
|-- (1)top.u_system_wrapper.u_cdm.mem[58][13] (+)
|-- (1)top.u_system_wrapper.u_cdm.mem[58][14] (+)
|-- (1)top.u_system_wrapper.u_cdm.mem[58][15] (+)
|-- (1)top.u_system_wrapper.u_cdm.mem[58][16] (+)
|-- (1)top.u_system_wrapper.u_cdm.mem[58][17] (+)
|-- (1)top.u_system_wrapper.u_cdm.mem[58][18] (+)
|-- (1)top.u_system_wrapper.u_cdm.mem[58][19] (+)
|-- (1)top.u_system_wrapper.u_cdm.mem[58][20] (+)
|-- (1)top.u_system_wrapper.u_cdm.mem[58][21] (+)
|-- (1)top.u_system_wrapper.u_cdm.mem[58][22] (+)
|-- (1)top.u_system_wrapper.u_cdm.mem[58][23] (+)
|-- (1)top.u_system_wrapper.u_cdm.mem[58][24] (+)
|-- (1)top.u_system_wrapper.u_cdm.mem[58][25] (+)
|-- (1)top.u_system_wrapper.u_cdm.mem[58][26] (+)
|-- (1)top.u_system_wrapper.u_cdm.mem[58][27] (+)
|-- (1)top.u_system_wrapper.u_cdm.mem[58][28] (+)
|-- (1)top.u_system_wrapper.u_cdm.mem[58][29] (+)
|-- (1)top.u_system_wrapper.u_cdm.mem[58][30] (+)
|-- (1)top.u_system_wrapper.u_cdm.mem[58][31] (+)
|-- (1)top.u_system_wrapper.u_cdm.mem[58][32] (+)
|-- (1)top.u_system_wrapper.u_cdm.mem[57][0] (+)
|-- (1)top.u_system_wrapper.u_cdm.mem[57][1] (+)
|-- (1)top.u_system_wrapper.u_cdm.mem[57][2] (+)
|-- (1)top.u_system_wrapper.u_cdm.mem[57][3] (+)
|-- (1)top.u_system_wrapper.u_cdm.mem[57][4] (+)
|-- (1)top.u_system_wrapper.u_cdm.mem[57][5] (+)
|-- (1)top.u_system_wrapper.u_cdm.mem[57][6] (+)
|-- (1)top.u_system_wrapper.u_cdm.mem[57][7] (+)
|-- (1)top.u_system_wrapper.u_cdm.mem[57][8] (+)
|-- (1)top.u_system_wrapper.u_cdm.mem[57][9] (+)
|-- (1)top.u_system_wrapper.u_cdm.mem[57][10] (+)
|-- (1)top.u_system_wrapper.u_cdm.mem[57][11] (+)
|-- (1)top.u_system_wrapper.u_cdm.mem[57][12] (+)
|-- (1)top.u_system_wrapper.u_cdm.mem[57][13] (+)
|-- (1)top.u_system_wrapper.u_cdm.mem[57][14] (+)
|-- (1)top.u_system_wrapper.u_cdm.mem[57][15] (+)
|-- (1)top.u_system_wrapper.u_cdm.mem[57][16] (+)
|-- (1)top.u_system_wrapper.u_cdm.mem[57][17] (+)
|-- (1)top.u_system_wrapper.u_cdm.mem[57][18] (+)
|-- (1)top.u_system_wrapper.u_cdm.mem[57][19] (+)
|-- (1)top.u_system_wrapper.u_cdm.mem[57][20] (+)
|-- (1)top.u_system_wrapper.u_cdm.mem[57][21] (+)
|-- (1)top.u_system_wrapper.u_cdm.mem[57][22] (+)
|-- (1)top.u_system_wrapper.u_cdm.mem[57][23] (+)
|-- (1)top.u_system_wrapper.u_cdm.mem[57][24] (+)
|-- (1)top.u_system_wrapper.u_cdm.mem[57][25] (+)
|-- (1)top.u_system_wrapper.u_cdm.mem[57][26] (+)
|-- (1)top.u_system_wrapper.u_cdm.mem[57][27] (+)
|-- (1)top.u_system_wrapper.u_cdm.mem[57][28] (+)
|-- (1)top.u_system_wrapper.u_cdm.mem[57][29] (+)
|-- (1)top.u_system_wrapper.u_cdm.mem[57][30] (+)
|-- (1)top.u_system_wrapper.u_cdm.mem[57][31] (+)
|-- (1)top.u_system_wrapper.u_cdm.mem[57][32] (+)
|-- (1)top.u_system_wrapper.u_cdm.mem[56][0] (+)
|-- (1)top.u_system_wrapper.u_cdm.mem[56][1] (+)
|-- (1)top.u_system_wrapper.u_cdm.mem[56][2] (+)
|-- (1)top.u_system_wrapper.u_cdm.mem[56][3] (+)
|-- (1)top.u_system_wrapper.u_cdm.mem[56][4] (+)
|-- (1)top.u_system_wrapper.u_cdm.mem[56][5] (+)
|-- (1)top.u_system_wrapper.u_cdm.mem[56][6] (+)
|-- (1)top.u_system_wrapper.u_cdm.mem[56][7] (+)
|-- (1)top.u_system_wrapper.u_cdm.mem[56][8] (+)
|-- (1)top.u_system_wrapper.u_cdm.mem[56][9] (+)
|-- (1)top.u_system_wrapper.u_cdm.mem[56][10] (+)
|-- (1)top.u_system_wrapper.u_cdm.mem[56][11] (+)
|-- (1)top.u_system_wrapper.u_cdm.mem[56][12] (+)
|-- (1)top.u_system_wrapper.u_cdm.mem[56][13] (+)
|-- (1)top.u_system_wrapper.u_cdm.mem[56][14] (+)
|-- (1)top.u_system_wrapper.u_cdm.mem[56][15] (+)
|-- (1)top.u_system_wrapper.u_cdm.mem[56][16] (+)
|-- (1)top.u_system_wrapper.u_cdm.mem[56][17] (+)
|-- (1)top.u_system_wrapper.u_cdm.mem[56][18] (+)
|-- (1)top.u_system_wrapper.u_cdm.mem[56][19] (+)
|-- (1)top.u_system_wrapper.u_cdm.mem[56][20] (+)
|-- (1)top.u_system_wrapper.u_cdm.mem[56][21] (+)
|-- (1)top.u_system_wrapper.u_cdm.mem[56][22] (+)
|-- (1)top.u_system_wrapper.u_cdm.mem[56][23] (+)
|-- (1)top.u_system_wrapper.u_cdm.mem[56][24] (+)
|-- (1)top.u_system_wrapper.u_cdm.mem[56][25] (+)
|-- (1)top.u_system_wrapper.u_cdm.mem[56][26] (+)
|-- (1)top.u_system_wrapper.u_cdm.mem[56][27] (+)
|-- (1)top.u_system_wrapper.u_cdm.mem[56][28] (+)
|-- (1)top.u_system_wrapper.u_cdm.mem[56][29] (+)
|-- (1)top.u_system_wrapper.u_cdm.mem[56][30] (+)
|-- (1)top.u_system_wrapper.u_cdm.mem[56][31] (+)
|-- (1)top.u_system_wrapper.u_cdm.mem[56][32] (+)
|-- (1)top.u_system_wrapper.u_cdm.mem[55][0] (+)
|-- (1)top.u_system_wrapper.u_cdm.mem[55][1] (+)
|-- (1)top.u_system_wrapper.u_cdm.mem[55][2] (+)
|-- (1)top.u_system_wrapper.u_cdm.mem[55][3] (+)
|-- (1)top.u_system_wrapper.u_cdm.mem[55][4] (+)
|-- (1)top.u_system_wrapper.u_cdm.mem[55][5] (+)
|-- (1)top.u_system_wrapper.u_cdm.mem[55][6] (+)
|-- (1)top.u_system_wrapper.u_cdm.mem[55][7] (+)
|-- (1)top.u_system_wrapper.u_cdm.mem[55][8] (+)
|-- (1)top.u_system_wrapper.u_cdm.mem[55][9] (+)
|-- (1)top.u_system_wrapper.u_cdm.mem[55][10] (+)
|-- (1)top.u_system_wrapper.u_cdm.mem[55][11] (+)
|-- (1)top.u_system_wrapper.u_cdm.mem[55][12] (+)
|-- (1)top.u_system_wrapper.u_cdm.mem[55][13] (+)
|-- (1)top.u_system_wrapper.u_cdm.mem[55][14] (+)
|-- (1)top.u_system_wrapper.u_cdm.mem[55][15] (+)
|-- (1)top.u_system_wrapper.u_cdm.mem[55][16] (+)
|-- (1)top.u_system_wrapper.u_cdm.mem[55][17] (+)
|-- (1)top.u_system_wrapper.u_cdm.mem[55][18] (+)
|-- (1)top.u_system_wrapper.u_cdm.mem[55][19] (+)
|-- (1)top.u_system_wrapper.u_cdm.mem[55][20] (+)
|-- (1)top.u_system_wrapper.u_cdm.mem[55][21] (+)
|-- (1)top.u_system_wrapper.u_cdm.mem[55][22] (+)
|-- (1)top.u_system_wrapper.u_cdm.mem[55][23] (+)
|-- (1)top.u_system_wrapper.u_cdm.mem[55][24] (+)
|-- (1)top.u_system_wrapper.u_cdm.mem[55][25] (+)
|-- (1)top.u_system_wrapper.u_cdm.mem[55][26] (+)
|-- (1)top.u_system_wrapper.u_cdm.mem[55][27] (+)
|-- (1)top.u_system_wrapper.u_cdm.mem[55][28] (+)
|-- (1)top.u_system_wrapper.u_cdm.mem[55][29] (+)
|-- (1)top.u_system_wrapper.u_cdm.mem[55][30] (+)
|-- (1)top.u_system_wrapper.u_cdm.mem[55][31] (+)
|-- (1)top.u_system_wrapper.u_cdm.mem[55][32] (+)
|-- (1)top.u_system_wrapper.u_cdm.mem[54][0] (+)
|-- (1)top.u_system_wrapper.u_cdm.mem[54][1] (+)
|-- (1)top.u_system_wrapper.u_cdm.mem[54][2] (+)
|-- (1)top.u_system_wrapper.u_cdm.mem[54][3] (+)
|-- (1)top.u_system_wrapper.u_cdm.mem[54][4] (+)
|-- (1)top.u_system_wrapper.u_cdm.mem[54][5] (+)
|-- (1)top.u_system_wrapper.u_cdm.mem[54][6] (+)
|-- (1)top.u_system_wrapper.u_cdm.mem[54][7] (+)
|-- (1)top.u_system_wrapper.u_cdm.mem[54][8] (+)
|-- (1)top.u_system_wrapper.u_cdm.mem[54][9] (+)
|-- (1)top.u_system_wrapper.u_cdm.mem[54][10] (+)
|-- (1)top.u_system_wrapper.u_cdm.mem[54][11] (+)
|-- (1)top.u_system_wrapper.u_cdm.mem[54][12] (+)
|-- (1)top.u_system_wrapper.u_cdm.mem[54][13] (+)
|-- (1)top.u_system_wrapper.u_cdm.mem[54][14] (+)
|-- (1)top.u_system_wrapper.u_cdm.mem[54][15] (+)
|-- (1)top.u_system_wrapper.u_cdm.mem[54][16] (+)
|-- (1)top.u_system_wrapper.u_cdm.mem[54][17] (+)
|-- (1)top.u_system_wrapper.u_cdm.mem[54][18] (+)
|-- (1)top.u_system_wrapper.u_cdm.mem[54][19] (+)
|-- (1)top.u_system_wrapper.u_cdm.mem[54][20] (+)
|-- (1)top.u_system_wrapper.u_cdm.mem[54][21] (+)
|-- (1)top.u_system_wrapper.u_cdm.mem[54][22] (+)
|-- (1)top.u_system_wrapper.u_cdm.mem[54][23] (+)
|-- (1)top.u_system_wrapper.u_cdm.mem[54][24] (+)
|-- (1)top.u_system_wrapper.u_cdm.mem[54][25] (+)
|-- (1)top.u_system_wrapper.u_cdm.mem[54][26] (+)
|-- (1)top.u_system_wrapper.u_cdm.mem[54][27] (+)
|-- (1)top.u_system_wrapper.u_cdm.mem[54][28] (+)
|-- (1)top.u_system_wrapper.u_cdm.mem[54][29] (+)
|-- (1)top.u_system_wrapper.u_cdm.mem[54][30] (+)
|-- (1)top.u_system_wrapper.u_cdm.mem[54][31] (+)
|-- (1)top.u_system_wrapper.u_cdm.mem[54][32] (+)
|-- (1)top.u_system_wrapper.u_cdm.mem[53][0] (+)
|-- (1)top.u_system_wrapper.u_cdm.mem[53][1] (+)
|-- (1)top.u_system_wrapper.u_cdm.mem[53][2] (+)
|-- (1)top.u_system_wrapper.u_cdm.mem[53][3] (+)
|-- (1)top.u_system_wrapper.u_cdm.mem[53][4] (+)
|-- (1)top.u_system_wrapper.u_cdm.mem[53][5] (+)
|-- (1)top.u_system_wrapper.u_cdm.mem[53][6] (+)
|-- (1)top.u_system_wrapper.u_cdm.mem[53][7] (+)
|-- (1)top.u_system_wrapper.u_cdm.mem[53][8] (+)
|-- (1)top.u_system_wrapper.u_cdm.mem[53][9] (+)
|-- (1)top.u_system_wrapper.u_cdm.mem[53][10] (+)
|-- (1)top.u_system_wrapper.u_cdm.mem[53][11] (+)
|-- (1)top.u_system_wrapper.u_cdm.mem[53][12] (+)
|-- (1)top.u_system_wrapper.u_cdm.mem[53][13] (+)
|-- (1)top.u_system_wrapper.u_cdm.mem[53][14] (+)
|-- (1)top.u_system_wrapper.u_cdm.mem[53][15] (+)
|-- (1)top.u_system_wrapper.u_cdm.mem[53][16] (+)
|-- (1)top.u_system_wrapper.u_cdm.mem[53][17] (+)
|-- (1)top.u_system_wrapper.u_cdm.mem[53][18] (+)
|-- (1)top.u_system_wrapper.u_cdm.mem[53][19] (+)
|-- (1)top.u_system_wrapper.u_cdm.mem[53][20] (+)
|-- (1)top.u_system_wrapper.u_cdm.mem[53][21] (+)
|-- (1)top.u_system_wrapper.u_cdm.mem[53][22] (+)
|-- (1)top.u_system_wrapper.u_cdm.mem[53][23] (+)
|-- (1)top.u_system_wrapper.u_cdm.mem[53][24] (+)
|-- (1)top.u_system_wrapper.u_cdm.mem[53][25] (+)
|-- (1)top.u_system_wrapper.u_cdm.mem[53][26] (+)
|-- (1)top.u_system_wrapper.u_cdm.mem[53][27] (+)
|-- (1)top.u_system_wrapper.u_cdm.mem[53][28] (+)
|-- (1)top.u_system_wrapper.u_cdm.mem[53][29] (+)
|-- (1)top.u_system_wrapper.u_cdm.mem[53][30] (+)
|-- (1)top.u_system_wrapper.u_cdm.mem[53][31] (+)
|-- (1)top.u_system_wrapper.u_cdm.mem[53][32] (+)
|-- (1)top.u_system_wrapper.u_cdm.mem[52][0] (+)
|-- (1)top.u_system_wrapper.u_cdm.mem[52][1] (+)
|-- (1)top.u_system_wrapper.u_cdm.mem[52][2] (+)
|-- (1)top.u_system_wrapper.u_cdm.mem[52][3] (+)
|-- (1)top.u_system_wrapper.u_cdm.mem[52][4] (+)
|-- (1)top.u_system_wrapper.u_cdm.mem[52][5] (+)
|-- (1)top.u_system_wrapper.u_cdm.mem[52][6] (+)
|-- (1)top.u_system_wrapper.u_cdm.mem[52][7] (+)
|-- (1)top.u_system_wrapper.u_cdm.mem[52][8] (+)
|-- (1)top.u_system_wrapper.u_cdm.mem[52][9] (+)
|-- (1)top.u_system_wrapper.u_cdm.mem[52][10] (+)
|-- (1)top.u_system_wrapper.u_cdm.mem[52][11] (+)
|-- (1)top.u_system_wrapper.u_cdm.mem[52][12] (+)
|-- (1)top.u_system_wrapper.u_cdm.mem[52][13] (+)
|-- (1)top.u_system_wrapper.u_cdm.mem[52][14] (+)
|-- (1)top.u_system_wrapper.u_cdm.mem[52][15] (+)
|-- (1)top.u_system_wrapper.u_cdm.mem[52][16] (+)
|-- (1)top.u_system_wrapper.u_cdm.mem[52][17] (+)
|-- (1)top.u_system_wrapper.u_cdm.mem[52][18] (+)
|-- (1)top.u_system_wrapper.u_cdm.mem[52][19] (+)
|-- (1)top.u_system_wrapper.u_cdm.mem[52][20] (+)
|-- (1)top.u_system_wrapper.u_cdm.mem[52][21] (+)
|-- (1)top.u_system_wrapper.u_cdm.mem[52][22] (+)
|-- (1)top.u_system_wrapper.u_cdm.mem[52][23] (+)
|-- (1)top.u_system_wrapper.u_cdm.mem[52][24] (+)
|-- (1)top.u_system_wrapper.u_cdm.mem[52][25] (+)
|-- (1)top.u_system_wrapper.u_cdm.mem[52][26] (+)
|-- (1)top.u_system_wrapper.u_cdm.mem[52][27] (+)
|-- (1)top.u_system_wrapper.u_cdm.mem[52][28] (+)
|-- (1)top.u_system_wrapper.u_cdm.mem[52][29] (+)
|-- (1)top.u_system_wrapper.u_cdm.mem[52][30] (+)
|-- (1)top.u_system_wrapper.u_cdm.mem[52][31] (+)
|-- (1)top.u_system_wrapper.u_cdm.mem[52][32] (+)
|-- (1)top.u_system_wrapper.u_cdm.mem[51][0] (+)
|-- (1)top.u_system_wrapper.u_cdm.mem[51][1] (+)
|-- (1)top.u_system_wrapper.u_cdm.mem[51][2] (+)
|-- (1)top.u_system_wrapper.u_cdm.mem[51][3] (+)
|-- (1)top.u_system_wrapper.u_cdm.mem[51][4] (+)
|-- (1)top.u_system_wrapper.u_cdm.mem[51][5] (+)
|-- (1)top.u_system_wrapper.u_cdm.mem[51][6] (+)
|-- (1)top.u_system_wrapper.u_cdm.mem[51][7] (+)
|-- (1)top.u_system_wrapper.u_cdm.mem[51][8] (+)
|-- (1)top.u_system_wrapper.u_cdm.mem[51][9] (+)
|-- (1)top.u_system_wrapper.u_cdm.mem[51][10] (+)
|-- (1)top.u_system_wrapper.u_cdm.mem[51][11] (+)
|-- (1)top.u_system_wrapper.u_cdm.mem[51][12] (+)
|-- (1)top.u_system_wrapper.u_cdm.mem[51][13] (+)
|-- (1)top.u_system_wrapper.u_cdm.mem[51][14] (+)
|-- (1)top.u_system_wrapper.u_cdm.mem[51][15] (+)
|-- (1)top.u_system_wrapper.u_cdm.mem[51][16] (+)
|-- (1)top.u_system_wrapper.u_cdm.mem[51][17] (+)
|-- (1)top.u_system_wrapper.u_cdm.mem[51][18] (+)
|-- (1)top.u_system_wrapper.u_cdm.mem[51][19] (+)
|-- (1)top.u_system_wrapper.u_cdm.mem[51][20] (+)
|-- (1)top.u_system_wrapper.u_cdm.mem[51][21] (+)
|-- (1)top.u_system_wrapper.u_cdm.mem[51][22] (+)
|-- (1)top.u_system_wrapper.u_cdm.mem[51][23] (+)
|-- (1)top.u_system_wrapper.u_cdm.mem[51][24] (+)
|-- (1)top.u_system_wrapper.u_cdm.mem[51][25] (+)
|-- (1)top.u_system_wrapper.u_cdm.mem[51][26] (+)
|-- (1)top.u_system_wrapper.u_cdm.mem[51][27] (+)
|-- (1)top.u_system_wrapper.u_cdm.mem[51][28] (+)
|-- (1)top.u_system_wrapper.u_cdm.mem[51][29] (+)
|-- (1)top.u_system_wrapper.u_cdm.mem[51][30] (+)
|-- (1)top.u_system_wrapper.u_cdm.mem[51][31] (+)
|-- (1)top.u_system_wrapper.u_cdm.mem[51][32] (+)
|-- (1)top.u_system_wrapper.u_cdm.mem[50][0] (+)
|-- (1)top.u_system_wrapper.u_cdm.mem[50][1] (+)
|-- (1)top.u_system_wrapper.u_cdm.mem[50][2] (+)
|-- (1)top.u_system_wrapper.u_cdm.mem[50][3] (+)
|-- (1)top.u_system_wrapper.u_cdm.mem[50][4] (+)
|-- (1)top.u_system_wrapper.u_cdm.mem[50][5] (+)
|-- (1)top.u_system_wrapper.u_cdm.mem[50][6] (+)
|-- (1)top.u_system_wrapper.u_cdm.mem[50][7] (+)
|-- (1)top.u_system_wrapper.u_cdm.mem[50][8] (+)
|-- (1)top.u_system_wrapper.u_cdm.mem[50][9] (+)
|-- (1)top.u_system_wrapper.u_cdm.mem[50][10] (+)
|-- (1)top.u_system_wrapper.u_cdm.mem[50][11] (+)
|-- (1)top.u_system_wrapper.u_cdm.mem[50][12] (+)
|-- (1)top.u_system_wrapper.u_cdm.mem[50][13] (+)
|-- (1)top.u_system_wrapper.u_cdm.mem[50][14] (+)
|-- (1)top.u_system_wrapper.u_cdm.mem[50][15] (+)
|-- (1)top.u_system_wrapper.u_cdm.mem[50][16] (+)
|-- (1)top.u_system_wrapper.u_cdm.mem[50][17] (+)
|-- (1)top.u_system_wrapper.u_cdm.mem[50][18] (+)
|-- (1)top.u_system_wrapper.u_cdm.mem[50][19] (+)
|-- (1)top.u_system_wrapper.u_cdm.mem[50][20] (+)
|-- (1)top.u_system_wrapper.u_cdm.mem[50][21] (+)
|-- (1)top.u_system_wrapper.u_cdm.mem[50][22] (+)
|-- (1)top.u_system_wrapper.u_cdm.mem[50][23] (+)
|-- (1)top.u_system_wrapper.u_cdm.mem[50][24] (+)
|-- (1)top.u_system_wrapper.u_cdm.mem[50][25] (+)
|-- (1)top.u_system_wrapper.u_cdm.mem[50][26] (+)
|-- (1)top.u_system_wrapper.u_cdm.mem[50][27] (+)
|-- (1)top.u_system_wrapper.u_cdm.mem[50][28] (+)
|-- (1)top.u_system_wrapper.u_cdm.mem[50][29] (+)
|-- (1)top.u_system_wrapper.u_cdm.mem[50][30] (+)
|-- (1)top.u_system_wrapper.u_cdm.mem[50][31] (+)
|-- (1)top.u_system_wrapper.u_cdm.mem[50][32] (+)
|-- (1)top.u_system_wrapper.u_cdm.mem[49][0] (+)
|-- (1)top.u_system_wrapper.u_cdm.mem[49][1] (+)
|-- (1)top.u_system_wrapper.u_cdm.mem[49][2] (+)
|-- (1)top.u_system_wrapper.u_cdm.mem[49][3] (+)
|-- (1)top.u_system_wrapper.u_cdm.mem[49][4] (+)
|-- (1)top.u_system_wrapper.u_cdm.mem[49][5] (+)
|-- (1)top.u_system_wrapper.u_cdm.mem[49][6] (+)
|-- (1)top.u_system_wrapper.u_cdm.mem[49][7] (+)
|-- (1)top.u_system_wrapper.u_cdm.mem[49][8] (+)
|-- (1)top.u_system_wrapper.u_cdm.mem[49][9] (+)
|-- (1)top.u_system_wrapper.u_cdm.mem[49][10] (+)
|-- (1)top.u_system_wrapper.u_cdm.mem[49][11] (+)
|-- (1)top.u_system_wrapper.u_cdm.mem[49][12] (+)
|-- (1)top.u_system_wrapper.u_cdm.mem[49][13] (+)
|-- (1)top.u_system_wrapper.u_cdm.mem[49][14] (+)
|-- (1)top.u_system_wrapper.u_cdm.mem[49][15] (+)
|-- (1)top.u_system_wrapper.u_cdm.mem[49][16] (+)
|-- (1)top.u_system_wrapper.u_cdm.mem[49][17] (+)
|-- (1)top.u_system_wrapper.u_cdm.mem[49][18] (+)
|-- (1)top.u_system_wrapper.u_cdm.mem[49][19] (+)
|-- (1)top.u_system_wrapper.u_cdm.mem[49][20] (+)
|-- (1)top.u_system_wrapper.u_cdm.mem[49][21] (+)
|-- (1)top.u_system_wrapper.u_cdm.mem[49][22] (+)
|-- (1)top.u_system_wrapper.u_cdm.mem[49][23] (+)
|-- (1)top.u_system_wrapper.u_cdm.mem[49][24] (+)
|-- (1)top.u_system_wrapper.u_cdm.mem[49][25] (+)
|-- (1)top.u_system_wrapper.u_cdm.mem[49][26] (+)
|-- (1)top.u_system_wrapper.u_cdm.mem[49][27] (+)
|-- (1)top.u_system_wrapper.u_cdm.mem[49][28] (+)
|-- (1)top.u_system_wrapper.u_cdm.mem[49][29] (+)
|-- (1)top.u_system_wrapper.u_cdm.mem[49][30] (+)
|-- (1)top.u_system_wrapper.u_cdm.mem[49][31] (+)
|-- (1)top.u_system_wrapper.u_cdm.mem[49][32] (+)
|-- (1)top.u_system_wrapper.u_cdm.mem[48][0] (+)
|-- (1)top.u_system_wrapper.u_cdm.mem[48][1] (+)
|-- (1)top.u_system_wrapper.u_cdm.mem[48][2] (+)
|-- (1)top.u_system_wrapper.u_cdm.mem[48][3] (+)
|-- (1)top.u_system_wrapper.u_cdm.mem[48][4] (+)
|-- (1)top.u_system_wrapper.u_cdm.mem[48][5] (+)
|-- (1)top.u_system_wrapper.u_cdm.mem[48][6] (+)
|-- (1)top.u_system_wrapper.u_cdm.mem[48][7] (+)
|-- (1)top.u_system_wrapper.u_cdm.mem[48][8] (+)
|-- (1)top.u_system_wrapper.u_cdm.mem[48][9] (+)
|-- (1)top.u_system_wrapper.u_cdm.mem[48][10] (+)
|-- (1)top.u_system_wrapper.u_cdm.mem[48][11] (+)
|-- (1)top.u_system_wrapper.u_cdm.mem[48][12] (+)
|-- (1)top.u_system_wrapper.u_cdm.mem[48][13] (+)
|-- (1)top.u_system_wrapper.u_cdm.mem[48][14] (+)
|-- (1)top.u_system_wrapper.u_cdm.mem[48][15] (+)
|-- (1)top.u_system_wrapper.u_cdm.mem[48][16] (+)
|-- (1)top.u_system_wrapper.u_cdm.mem[48][17] (+)
|-- (1)top.u_system_wrapper.u_cdm.mem[48][18] (+)
|-- (1)top.u_system_wrapper.u_cdm.mem[48][19] (+)
|-- (1)top.u_system_wrapper.u_cdm.mem[48][20] (+)
|-- (1)top.u_system_wrapper.u_cdm.mem[48][21] (+)
|-- (1)top.u_system_wrapper.u_cdm.mem[48][22] (+)
|-- (1)top.u_system_wrapper.u_cdm.mem[48][23] (+)
|-- (1)top.u_system_wrapper.u_cdm.mem[48][24] (+)
|-- (1)top.u_system_wrapper.u_cdm.mem[48][25] (+)
|-- (1)top.u_system_wrapper.u_cdm.mem[48][26] (+)
|-- (1)top.u_system_wrapper.u_cdm.mem[48][27] (+)
|-- (1)top.u_system_wrapper.u_cdm.mem[48][28] (+)
|-- (1)top.u_system_wrapper.u_cdm.mem[48][29] (+)
|-- (1)top.u_system_wrapper.u_cdm.mem[48][30] (+)
|-- (1)top.u_system_wrapper.u_cdm.mem[48][31] (+)
|-- (1)top.u_system_wrapper.u_cdm.mem[48][32] (+)
|-- (1)top.u_system_wrapper.u_cdm.mem[47][0] (+)
|-- (1)top.u_system_wrapper.u_cdm.mem[47][1] (+)
|-- (1)top.u_system_wrapper.u_cdm.mem[47][2] (+)
|-- (1)top.u_system_wrapper.u_cdm.mem[47][3] (+)
|-- (1)top.u_system_wrapper.u_cdm.mem[47][4] (+)
|-- (1)top.u_system_wrapper.u_cdm.mem[47][5] (+)
|-- (1)top.u_system_wrapper.u_cdm.mem[47][6] (+)
|-- (1)top.u_system_wrapper.u_cdm.mem[47][7] (+)
|-- (1)top.u_system_wrapper.u_cdm.mem[47][8] (+)
|-- (1)top.u_system_wrapper.u_cdm.mem[47][9] (+)
|-- (1)top.u_system_wrapper.u_cdm.mem[47][10] (+)
|-- (1)top.u_system_wrapper.u_cdm.mem[47][11] (+)
|-- (1)top.u_system_wrapper.u_cdm.mem[47][12] (+)
|-- (1)top.u_system_wrapper.u_cdm.mem[47][13] (+)
|-- (1)top.u_system_wrapper.u_cdm.mem[47][14] (+)
|-- (1)top.u_system_wrapper.u_cdm.mem[47][15] (+)
|-- (1)top.u_system_wrapper.u_cdm.mem[47][16] (+)
|-- (1)top.u_system_wrapper.u_cdm.mem[47][17] (+)
|-- (1)top.u_system_wrapper.u_cdm.mem[47][18] (+)
|-- (1)top.u_system_wrapper.u_cdm.mem[47][19] (+)
|-- (1)top.u_system_wrapper.u_cdm.mem[47][20] (+)
|-- (1)top.u_system_wrapper.u_cdm.mem[47][21] (+)
|-- (1)top.u_system_wrapper.u_cdm.mem[47][22] (+)
|-- (1)top.u_system_wrapper.u_cdm.mem[47][23] (+)
|-- (1)top.u_system_wrapper.u_cdm.mem[47][24] (+)
|-- (1)top.u_system_wrapper.u_cdm.mem[47][25] (+)
|-- (1)top.u_system_wrapper.u_cdm.mem[47][26] (+)
|-- (1)top.u_system_wrapper.u_cdm.mem[47][27] (+)
|-- (1)top.u_system_wrapper.u_cdm.mem[47][28] (+)
|-- (1)top.u_system_wrapper.u_cdm.mem[47][29] (+)
|-- (1)top.u_system_wrapper.u_cdm.mem[47][30] (+)
|-- (1)top.u_system_wrapper.u_cdm.mem[47][31] (+)
|-- (1)top.u_system_wrapper.u_cdm.mem[47][32] (+)
|-- (1)top.u_system_wrapper.u_cdm.mem[46][0] (+)
|-- (1)top.u_system_wrapper.u_cdm.mem[46][1] (+)
|-- (1)top.u_system_wrapper.u_cdm.mem[46][2] (+)
|-- (1)top.u_system_wrapper.u_cdm.mem[46][3] (+)
|-- (1)top.u_system_wrapper.u_cdm.mem[46][4] (+)
|-- (1)top.u_system_wrapper.u_cdm.mem[46][5] (+)
|-- (1)top.u_system_wrapper.u_cdm.mem[46][6] (+)
|-- (1)top.u_system_wrapper.u_cdm.mem[46][7] (+)
|-- (1)top.u_system_wrapper.u_cdm.mem[46][8] (+)
|-- (1)top.u_system_wrapper.u_cdm.mem[46][9] (+)
|-- (1)top.u_system_wrapper.u_cdm.mem[46][10] (+)
|-- (1)top.u_system_wrapper.u_cdm.mem[46][11] (+)
|-- (1)top.u_system_wrapper.u_cdm.mem[46][12] (+)
|-- (1)top.u_system_wrapper.u_cdm.mem[46][13] (+)
|-- (1)top.u_system_wrapper.u_cdm.mem[46][14] (+)
|-- (1)top.u_system_wrapper.u_cdm.mem[46][15] (+)
|-- (1)top.u_system_wrapper.u_cdm.mem[46][16] (+)
|-- (1)top.u_system_wrapper.u_cdm.mem[46][17] (+)
|-- (1)top.u_system_wrapper.u_cdm.mem[46][18] (+)
|-- (1)top.u_system_wrapper.u_cdm.mem[46][19] (+)
|-- (1)top.u_system_wrapper.u_cdm.mem[46][20] (+)
|-- (1)top.u_system_wrapper.u_cdm.mem[46][21] (+)
|-- (1)top.u_system_wrapper.u_cdm.mem[46][22] (+)
|-- (1)top.u_system_wrapper.u_cdm.mem[46][23] (+)
|-- (1)top.u_system_wrapper.u_cdm.mem[46][24] (+)
|-- (1)top.u_system_wrapper.u_cdm.mem[46][25] (+)
|-- (1)top.u_system_wrapper.u_cdm.mem[46][26] (+)
|-- (1)top.u_system_wrapper.u_cdm.mem[46][27] (+)
|-- (1)top.u_system_wrapper.u_cdm.mem[46][28] (+)
|-- (1)top.u_system_wrapper.u_cdm.mem[46][29] (+)
|-- (1)top.u_system_wrapper.u_cdm.mem[46][30] (+)
|-- (1)top.u_system_wrapper.u_cdm.mem[46][31] (+)
|-- (1)top.u_system_wrapper.u_cdm.mem[46][32] (+)
|-- (1)top.u_system_wrapper.u_cdm.mem[45][0] (+)
|-- (1)top.u_system_wrapper.u_cdm.mem[45][1] (+)
|-- (1)top.u_system_wrapper.u_cdm.mem[45][2] (+)
|-- (1)top.u_system_wrapper.u_cdm.mem[45][3] (+)
|-- (1)top.u_system_wrapper.u_cdm.mem[45][4] (+)
|-- (1)top.u_system_wrapper.u_cdm.mem[45][5] (+)
|-- (1)top.u_system_wrapper.u_cdm.mem[45][6] (+)
|-- (1)top.u_system_wrapper.u_cdm.mem[45][7] (+)
|-- (1)top.u_system_wrapper.u_cdm.mem[45][8] (+)
|-- (1)top.u_system_wrapper.u_cdm.mem[45][9] (+)
|-- (1)top.u_system_wrapper.u_cdm.mem[45][10] (+)
|-- (1)top.u_system_wrapper.u_cdm.mem[45][11] (+)
|-- (1)top.u_system_wrapper.u_cdm.mem[45][12] (+)
|-- (1)top.u_system_wrapper.u_cdm.mem[45][13] (+)
|-- (1)top.u_system_wrapper.u_cdm.mem[45][14] (+)
|-- (1)top.u_system_wrapper.u_cdm.mem[45][15] (+)
|-- (1)top.u_system_wrapper.u_cdm.mem[45][16] (+)
|-- (1)top.u_system_wrapper.u_cdm.mem[45][17] (+)
|-- (1)top.u_system_wrapper.u_cdm.mem[45][18] (+)
|-- (1)top.u_system_wrapper.u_cdm.mem[45][19] (+)
|-- (1)top.u_system_wrapper.u_cdm.mem[45][20] (+)
|-- (1)top.u_system_wrapper.u_cdm.mem[45][21] (+)
|-- (1)top.u_system_wrapper.u_cdm.mem[45][22] (+)
|-- (1)top.u_system_wrapper.u_cdm.mem[45][23] (+)
|-- (1)top.u_system_wrapper.u_cdm.mem[45][24] (+)
|-- (1)top.u_system_wrapper.u_cdm.mem[45][25] (+)
|-- (1)top.u_system_wrapper.u_cdm.mem[45][26] (+)
|-- (1)top.u_system_wrapper.u_cdm.mem[45][27] (+)
|-- (1)top.u_system_wrapper.u_cdm.mem[45][28] (+)
|-- (1)top.u_system_wrapper.u_cdm.mem[45][29] (+)
|-- (1)top.u_system_wrapper.u_cdm.mem[45][30] (+)
|-- (1)top.u_system_wrapper.u_cdm.mem[45][31] (+)
|-- (1)top.u_system_wrapper.u_cdm.mem[45][32] (+)
|-- (1)top.u_system_wrapper.u_cdm.mem[44][0] (+)
|-- (1)top.u_system_wrapper.u_cdm.mem[44][1] (+)
|-- (1)top.u_system_wrapper.u_cdm.mem[44][2] (+)
|-- (1)top.u_system_wrapper.u_cdm.mem[44][3] (+)
|-- (1)top.u_system_wrapper.u_cdm.mem[44][4] (+)
|-- (1)top.u_system_wrapper.u_cdm.mem[44][5] (+)
|-- (1)top.u_system_wrapper.u_cdm.mem[44][6] (+)
|-- (1)top.u_system_wrapper.u_cdm.mem[44][7] (+)
|-- (1)top.u_system_wrapper.u_cdm.mem[44][8] (+)
|-- (1)top.u_system_wrapper.u_cdm.mem[44][9] (+)
|-- (1)top.u_system_wrapper.u_cdm.mem[44][10] (+)
|-- (1)top.u_system_wrapper.u_cdm.mem[44][11] (+)
|-- (1)top.u_system_wrapper.u_cdm.mem[44][12] (+)
|-- (1)top.u_system_wrapper.u_cdm.mem[44][13] (+)
|-- (1)top.u_system_wrapper.u_cdm.mem[44][14] (+)
|-- (1)top.u_system_wrapper.u_cdm.mem[44][15] (+)
|-- (1)top.u_system_wrapper.u_cdm.mem[44][16] (+)
|-- (1)top.u_system_wrapper.u_cdm.mem[44][17] (+)
|-- (1)top.u_system_wrapper.u_cdm.mem[44][18] (+)
|-- (1)top.u_system_wrapper.u_cdm.mem[44][19] (+)
|-- (1)top.u_system_wrapper.u_cdm.mem[44][20] (+)
|-- (1)top.u_system_wrapper.u_cdm.mem[44][21] (+)
|-- (1)top.u_system_wrapper.u_cdm.mem[44][22] (+)
|-- (1)top.u_system_wrapper.u_cdm.mem[44][23] (+)
|-- (1)top.u_system_wrapper.u_cdm.mem[44][24] (+)
|-- (1)top.u_system_wrapper.u_cdm.mem[44][25] (+)
|-- (1)top.u_system_wrapper.u_cdm.mem[44][26] (+)
|-- (1)top.u_system_wrapper.u_cdm.mem[44][27] (+)
|-- (1)top.u_system_wrapper.u_cdm.mem[44][28] (+)
|-- (1)top.u_system_wrapper.u_cdm.mem[44][29] (+)
|-- (1)top.u_system_wrapper.u_cdm.mem[44][30] (+)
|-- (1)top.u_system_wrapper.u_cdm.mem[44][31] (+)
|-- (1)top.u_system_wrapper.u_cdm.mem[44][32] (+)
|-- (1)top.u_system_wrapper.u_cdm.mem[43][0] (+)
|-- (1)top.u_system_wrapper.u_cdm.mem[43][1] (+)
|-- (1)top.u_system_wrapper.u_cdm.mem[43][2] (+)
|-- (1)top.u_system_wrapper.u_cdm.mem[43][3] (+)
|-- (1)top.u_system_wrapper.u_cdm.mem[43][4] (+)
|-- (1)top.u_system_wrapper.u_cdm.mem[43][5] (+)
|-- (1)top.u_system_wrapper.u_cdm.mem[43][6] (+)
|-- (1)top.u_system_wrapper.u_cdm.mem[43][7] (+)
|-- (1)top.u_system_wrapper.u_cdm.mem[43][8] (+)
|-- (1)top.u_system_wrapper.u_cdm.mem[43][9] (+)
|-- (1)top.u_system_wrapper.u_cdm.mem[43][10] (+)
|-- (1)top.u_system_wrapper.u_cdm.mem[43][11] (+)
|-- (1)top.u_system_wrapper.u_cdm.mem[43][12] (+)
|-- (1)top.u_system_wrapper.u_cdm.mem[43][13] (+)
|-- (1)top.u_system_wrapper.u_cdm.mem[43][14] (+)
|-- (1)top.u_system_wrapper.u_cdm.mem[43][15] (+)
|-- (1)top.u_system_wrapper.u_cdm.mem[43][16] (+)
|-- (1)top.u_system_wrapper.u_cdm.mem[43][17] (+)
|-- (1)top.u_system_wrapper.u_cdm.mem[43][18] (+)
|-- (1)top.u_system_wrapper.u_cdm.mem[43][19] (+)
|-- (1)top.u_system_wrapper.u_cdm.mem[43][20] (+)
|-- (1)top.u_system_wrapper.u_cdm.mem[43][21] (+)
|-- (1)top.u_system_wrapper.u_cdm.mem[43][22] (+)
|-- (1)top.u_system_wrapper.u_cdm.mem[43][23] (+)
|-- (1)top.u_system_wrapper.u_cdm.mem[43][24] (+)
|-- (1)top.u_system_wrapper.u_cdm.mem[43][25] (+)
|-- (1)top.u_system_wrapper.u_cdm.mem[43][26] (+)
|-- (1)top.u_system_wrapper.u_cdm.mem[43][27] (+)
|-- (1)top.u_system_wrapper.u_cdm.mem[43][28] (+)
|-- (1)top.u_system_wrapper.u_cdm.mem[43][29] (+)
|-- (1)top.u_system_wrapper.u_cdm.mem[43][30] (+)
|-- (1)top.u_system_wrapper.u_cdm.mem[43][31] (+)
|-- (1)top.u_system_wrapper.u_cdm.mem[43][32] (+)
|-- (1)top.u_system_wrapper.u_cdm.mem[42][0] (+)
|-- (1)top.u_system_wrapper.u_cdm.mem[42][1] (+)
|-- (1)top.u_system_wrapper.u_cdm.mem[42][2] (+)
|-- (1)top.u_system_wrapper.u_cdm.mem[42][3] (+)
|-- (1)top.u_system_wrapper.u_cdm.mem[42][4] (+)
|-- (1)top.u_system_wrapper.u_cdm.mem[42][5] (+)
|-- (1)top.u_system_wrapper.u_cdm.mem[42][6] (+)
|-- (1)top.u_system_wrapper.u_cdm.mem[42][7] (+)
|-- (1)top.u_system_wrapper.u_cdm.mem[42][8] (+)
|-- (1)top.u_system_wrapper.u_cdm.mem[42][9] (+)
|-- (1)top.u_system_wrapper.u_cdm.mem[42][10] (+)
|-- (1)top.u_system_wrapper.u_cdm.mem[42][11] (+)
|-- (1)top.u_system_wrapper.u_cdm.mem[42][12] (+)
|-- (1)top.u_system_wrapper.u_cdm.mem[42][13] (+)
|-- (1)top.u_system_wrapper.u_cdm.mem[42][14] (+)
|-- (1)top.u_system_wrapper.u_cdm.mem[42][15] (+)
|-- (1)top.u_system_wrapper.u_cdm.mem[42][16] (+)
|-- (1)top.u_system_wrapper.u_cdm.mem[42][17] (+)
|-- (1)top.u_system_wrapper.u_cdm.mem[42][18] (+)
|-- (1)top.u_system_wrapper.u_cdm.mem[42][19] (+)
|-- (1)top.u_system_wrapper.u_cdm.mem[42][20] (+)
|-- (1)top.u_system_wrapper.u_cdm.mem[42][21] (+)
|-- (1)top.u_system_wrapper.u_cdm.mem[42][22] (+)
|-- (1)top.u_system_wrapper.u_cdm.mem[42][23] (+)
|-- (1)top.u_system_wrapper.u_cdm.mem[42][24] (+)
|-- (1)top.u_system_wrapper.u_cdm.mem[42][25] (+)
|-- (1)top.u_system_wrapper.u_cdm.mem[42][26] (+)
|-- (1)top.u_system_wrapper.u_cdm.mem[42][27] (+)
|-- (1)top.u_system_wrapper.u_cdm.mem[42][28] (+)
|-- (1)top.u_system_wrapper.u_cdm.mem[42][29] (+)
|-- (1)top.u_system_wrapper.u_cdm.mem[42][30] (+)
|-- (1)top.u_system_wrapper.u_cdm.mem[42][31] (+)
|-- (1)top.u_system_wrapper.u_cdm.mem[42][32] (+)
|-- (1)top.u_system_wrapper.u_cdm.mem[41][0] (+)
|-- (1)top.u_system_wrapper.u_cdm.mem[41][1] (+)
|-- (1)top.u_system_wrapper.u_cdm.mem[41][2] (+)
|-- (1)top.u_system_wrapper.u_cdm.mem[41][3] (+)
|-- (1)top.u_system_wrapper.u_cdm.mem[41][4] (+)
|-- (1)top.u_system_wrapper.u_cdm.mem[41][5] (+)
|-- (1)top.u_system_wrapper.u_cdm.mem[41][6] (+)
|-- (1)top.u_system_wrapper.u_cdm.mem[41][7] (+)
|-- (1)top.u_system_wrapper.u_cdm.mem[41][8] (+)
|-- (1)top.u_system_wrapper.u_cdm.mem[41][9] (+)
|-- (1)top.u_system_wrapper.u_cdm.mem[41][10] (+)
|-- (1)top.u_system_wrapper.u_cdm.mem[41][11] (+)
|-- (1)top.u_system_wrapper.u_cdm.mem[41][12] (+)
|-- (1)top.u_system_wrapper.u_cdm.mem[41][13] (+)
|-- (1)top.u_system_wrapper.u_cdm.mem[41][14] (+)
|-- (1)top.u_system_wrapper.u_cdm.mem[41][15] (+)
|-- (1)top.u_system_wrapper.u_cdm.mem[41][16] (+)
|-- (1)top.u_system_wrapper.u_cdm.mem[41][17] (+)
|-- (1)top.u_system_wrapper.u_cdm.mem[41][18] (+)
|-- (1)top.u_system_wrapper.u_cdm.mem[41][19] (+)
|-- (1)top.u_system_wrapper.u_cdm.mem[41][20] (+)
|-- (1)top.u_system_wrapper.u_cdm.mem[41][21] (+)
|-- (1)top.u_system_wrapper.u_cdm.mem[41][22] (+)
|-- (1)top.u_system_wrapper.u_cdm.mem[41][23] (+)
|-- (1)top.u_system_wrapper.u_cdm.mem[41][24] (+)
|-- (1)top.u_system_wrapper.u_cdm.mem[41][25] (+)
|-- (1)top.u_system_wrapper.u_cdm.mem[41][26] (+)
|-- (1)top.u_system_wrapper.u_cdm.mem[41][27] (+)
|-- (1)top.u_system_wrapper.u_cdm.mem[41][28] (+)
|-- (1)top.u_system_wrapper.u_cdm.mem[41][29] (+)
|-- (1)top.u_system_wrapper.u_cdm.mem[41][30] (+)
|-- (1)top.u_system_wrapper.u_cdm.mem[41][31] (+)
|-- (1)top.u_system_wrapper.u_cdm.mem[41][32] (+)
|-- (1)top.u_system_wrapper.u_cdm.mem[40][0] (+)
|-- (1)top.u_system_wrapper.u_cdm.mem[40][1] (+)
|-- (1)top.u_system_wrapper.u_cdm.mem[40][2] (+)
|-- (1)top.u_system_wrapper.u_cdm.mem[40][3] (+)
|-- (1)top.u_system_wrapper.u_cdm.mem[40][4] (+)
|-- (1)top.u_system_wrapper.u_cdm.mem[40][5] (+)
|-- (1)top.u_system_wrapper.u_cdm.mem[40][6] (+)
|-- (1)top.u_system_wrapper.u_cdm.mem[40][7] (+)
|-- (1)top.u_system_wrapper.u_cdm.mem[40][8] (+)
|-- (1)top.u_system_wrapper.u_cdm.mem[40][9] (+)
|-- (1)top.u_system_wrapper.u_cdm.mem[40][10] (+)
|-- (1)top.u_system_wrapper.u_cdm.mem[40][11] (+)
|-- (1)top.u_system_wrapper.u_cdm.mem[40][12] (+)
|-- (1)top.u_system_wrapper.u_cdm.mem[40][13] (+)
|-- (1)top.u_system_wrapper.u_cdm.mem[40][14] (+)
|-- (1)top.u_system_wrapper.u_cdm.mem[40][15] (+)
|-- (1)top.u_system_wrapper.u_cdm.mem[40][16] (+)
|-- (1)top.u_system_wrapper.u_cdm.mem[40][17] (+)
|-- (1)top.u_system_wrapper.u_cdm.mem[40][18] (+)
|-- (1)top.u_system_wrapper.u_cdm.mem[40][19] (+)
|-- (1)top.u_system_wrapper.u_cdm.mem[40][20] (+)
|-- (1)top.u_system_wrapper.u_cdm.mem[40][21] (+)
|-- (1)top.u_system_wrapper.u_cdm.mem[40][22] (+)
|-- (1)top.u_system_wrapper.u_cdm.mem[40][23] (+)
|-- (1)top.u_system_wrapper.u_cdm.mem[40][24] (+)
|-- (1)top.u_system_wrapper.u_cdm.mem[40][25] (+)
|-- (1)top.u_system_wrapper.u_cdm.mem[40][26] (+)
|-- (1)top.u_system_wrapper.u_cdm.mem[40][27] (+)
|-- (1)top.u_system_wrapper.u_cdm.mem[40][28] (+)
|-- (1)top.u_system_wrapper.u_cdm.mem[40][29] (+)
|-- (1)top.u_system_wrapper.u_cdm.mem[40][30] (+)
|-- (1)top.u_system_wrapper.u_cdm.mem[40][31] (+)
|-- (1)top.u_system_wrapper.u_cdm.mem[40][32] (+)
|-- (1)top.u_system_wrapper.u_cdm.mem[39][0] (+)
|-- (1)top.u_system_wrapper.u_cdm.mem[39][1] (+)
|-- (1)top.u_system_wrapper.u_cdm.mem[39][2] (+)
|-- (1)top.u_system_wrapper.u_cdm.mem[39][3] (+)
|-- (1)top.u_system_wrapper.u_cdm.mem[39][4] (+)
|-- (1)top.u_system_wrapper.u_cdm.mem[39][5] (+)
|-- (1)top.u_system_wrapper.u_cdm.mem[39][6] (+)
|-- (1)top.u_system_wrapper.u_cdm.mem[39][7] (+)
|-- (1)top.u_system_wrapper.u_cdm.mem[39][8] (+)
|-- (1)top.u_system_wrapper.u_cdm.mem[39][9] (+)
|-- (1)top.u_system_wrapper.u_cdm.mem[39][10] (+)
|-- (1)top.u_system_wrapper.u_cdm.mem[39][11] (+)
|-- (1)top.u_system_wrapper.u_cdm.mem[39][12] (+)
|-- (1)top.u_system_wrapper.u_cdm.mem[39][13] (+)
|-- (1)top.u_system_wrapper.u_cdm.mem[39][14] (+)
|-- (1)top.u_system_wrapper.u_cdm.mem[39][15] (+)
|-- (1)top.u_system_wrapper.u_cdm.mem[39][16] (+)
|-- (1)top.u_system_wrapper.u_cdm.mem[39][17] (+)
|-- (1)top.u_system_wrapper.u_cdm.mem[39][18] (+)
|-- (1)top.u_system_wrapper.u_cdm.mem[39][19] (+)
|-- (1)top.u_system_wrapper.u_cdm.mem[39][20] (+)
|-- (1)top.u_system_wrapper.u_cdm.mem[39][21] (+)
|-- (1)top.u_system_wrapper.u_cdm.mem[39][22] (+)
|-- (1)top.u_system_wrapper.u_cdm.mem[39][23] (+)
|-- (1)top.u_system_wrapper.u_cdm.mem[39][24] (+)
|-- (1)top.u_system_wrapper.u_cdm.mem[39][25] (+)
|-- (1)top.u_system_wrapper.u_cdm.mem[39][26] (+)
|-- (1)top.u_system_wrapper.u_cdm.mem[39][27] (+)
|-- (1)top.u_system_wrapper.u_cdm.mem[39][28] (+)
|-- (1)top.u_system_wrapper.u_cdm.mem[39][29] (+)
|-- (1)top.u_system_wrapper.u_cdm.mem[39][30] (+)
|-- (1)top.u_system_wrapper.u_cdm.mem[39][31] (+)
|-- (1)top.u_system_wrapper.u_cdm.mem[39][32] (+)
|-- (1)top.u_system_wrapper.u_cdm.mem[38][0] (+)
|-- (1)top.u_system_wrapper.u_cdm.mem[38][1] (+)
|-- (1)top.u_system_wrapper.u_cdm.mem[38][2] (+)
|-- (1)top.u_system_wrapper.u_cdm.mem[38][3] (+)
|-- (1)top.u_system_wrapper.u_cdm.mem[38][4] (+)
|-- (1)top.u_system_wrapper.u_cdm.mem[38][5] (+)
|-- (1)top.u_system_wrapper.u_cdm.mem[38][6] (+)
|-- (1)top.u_system_wrapper.u_cdm.mem[38][7] (+)
|-- (1)top.u_system_wrapper.u_cdm.mem[38][8] (+)
|-- (1)top.u_system_wrapper.u_cdm.mem[38][9] (+)
|-- (1)top.u_system_wrapper.u_cdm.mem[38][10] (+)
|-- (1)top.u_system_wrapper.u_cdm.mem[38][11] (+)
|-- (1)top.u_system_wrapper.u_cdm.mem[38][12] (+)
|-- (1)top.u_system_wrapper.u_cdm.mem[38][13] (+)
|-- (1)top.u_system_wrapper.u_cdm.mem[38][14] (+)
|-- (1)top.u_system_wrapper.u_cdm.mem[38][15] (+)
|-- (1)top.u_system_wrapper.u_cdm.mem[38][16] (+)
|-- (1)top.u_system_wrapper.u_cdm.mem[38][17] (+)
|-- (1)top.u_system_wrapper.u_cdm.mem[38][18] (+)
|-- (1)top.u_system_wrapper.u_cdm.mem[38][19] (+)
|-- (1)top.u_system_wrapper.u_cdm.mem[38][20] (+)
|-- (1)top.u_system_wrapper.u_cdm.mem[38][21] (+)
|-- (1)top.u_system_wrapper.u_cdm.mem[38][22] (+)
|-- (1)top.u_system_wrapper.u_cdm.mem[38][23] (+)
|-- (1)top.u_system_wrapper.u_cdm.mem[38][24] (+)
|-- (1)top.u_system_wrapper.u_cdm.mem[38][25] (+)
|-- (1)top.u_system_wrapper.u_cdm.mem[38][26] (+)
|-- (1)top.u_system_wrapper.u_cdm.mem[38][27] (+)
|-- (1)top.u_system_wrapper.u_cdm.mem[38][28] (+)
|-- (1)top.u_system_wrapper.u_cdm.mem[38][29] (+)
|-- (1)top.u_system_wrapper.u_cdm.mem[38][30] (+)
|-- (1)top.u_system_wrapper.u_cdm.mem[38][31] (+)
|-- (1)top.u_system_wrapper.u_cdm.mem[38][32] (+)
|-- (1)top.u_system_wrapper.u_cdm.mem[37][0] (+)
|-- (1)top.u_system_wrapper.u_cdm.mem[37][1] (+)
|-- (1)top.u_system_wrapper.u_cdm.mem[37][2] (+)
|-- (1)top.u_system_wrapper.u_cdm.mem[37][3] (+)
|-- (1)top.u_system_wrapper.u_cdm.mem[37][4] (+)
|-- (1)top.u_system_wrapper.u_cdm.mem[37][5] (+)
|-- (1)top.u_system_wrapper.u_cdm.mem[37][6] (+)
|-- (1)top.u_system_wrapper.u_cdm.mem[37][7] (+)
|-- (1)top.u_system_wrapper.u_cdm.mem[37][8] (+)
|-- (1)top.u_system_wrapper.u_cdm.mem[37][9] (+)
|-- (1)top.u_system_wrapper.u_cdm.mem[37][10] (+)
|-- (1)top.u_system_wrapper.u_cdm.mem[37][11] (+)
|-- (1)top.u_system_wrapper.u_cdm.mem[37][12] (+)
|-- (1)top.u_system_wrapper.u_cdm.mem[37][13] (+)
|-- (1)top.u_system_wrapper.u_cdm.mem[37][14] (+)
|-- (1)top.u_system_wrapper.u_cdm.mem[37][15] (+)
|-- (1)top.u_system_wrapper.u_cdm.mem[37][16] (+)
|-- (1)top.u_system_wrapper.u_cdm.mem[37][17] (+)
|-- (1)top.u_system_wrapper.u_cdm.mem[37][18] (+)
|-- (1)top.u_system_wrapper.u_cdm.mem[37][19] (+)
|-- (1)top.u_system_wrapper.u_cdm.mem[37][20] (+)
|-- (1)top.u_system_wrapper.u_cdm.mem[37][21] (+)
|-- (1)top.u_system_wrapper.u_cdm.mem[37][22] (+)
|-- (1)top.u_system_wrapper.u_cdm.mem[37][23] (+)
|-- (1)top.u_system_wrapper.u_cdm.mem[37][24] (+)
|-- (1)top.u_system_wrapper.u_cdm.mem[37][25] (+)
|-- (1)top.u_system_wrapper.u_cdm.mem[37][26] (+)
|-- (1)top.u_system_wrapper.u_cdm.mem[37][27] (+)
|-- (1)top.u_system_wrapper.u_cdm.mem[37][28] (+)
|-- (1)top.u_system_wrapper.u_cdm.mem[37][29] (+)
|-- (1)top.u_system_wrapper.u_cdm.mem[37][30] (+)
|-- (1)top.u_system_wrapper.u_cdm.mem[37][31] (+)
|-- (1)top.u_system_wrapper.u_cdm.mem[37][32] (+)
|-- (1)top.u_system_wrapper.u_cdm.mem[36][0] (+)
|-- (1)top.u_system_wrapper.u_cdm.mem[36][1] (+)
|-- (1)top.u_system_wrapper.u_cdm.mem[36][2] (+)
|-- (1)top.u_system_wrapper.u_cdm.mem[36][3] (+)
|-- (1)top.u_system_wrapper.u_cdm.mem[36][4] (+)
|-- (1)top.u_system_wrapper.u_cdm.mem[36][5] (+)
|-- (1)top.u_system_wrapper.u_cdm.mem[36][6] (+)
|-- (1)top.u_system_wrapper.u_cdm.mem[36][7] (+)
|-- (1)top.u_system_wrapper.u_cdm.mem[36][8] (+)
|-- (1)top.u_system_wrapper.u_cdm.mem[36][9] (+)
|-- (1)top.u_system_wrapper.u_cdm.mem[36][10] (+)
|-- (1)top.u_system_wrapper.u_cdm.mem[36][11] (+)
|-- (1)top.u_system_wrapper.u_cdm.mem[36][12] (+)
|-- (1)top.u_system_wrapper.u_cdm.mem[36][13] (+)
|-- (1)top.u_system_wrapper.u_cdm.mem[36][14] (+)
|-- (1)top.u_system_wrapper.u_cdm.mem[36][15] (+)
|-- (1)top.u_system_wrapper.u_cdm.mem[36][16] (+)
|-- (1)top.u_system_wrapper.u_cdm.mem[36][17] (+)
|-- (1)top.u_system_wrapper.u_cdm.mem[36][18] (+)
|-- (1)top.u_system_wrapper.u_cdm.mem[36][19] (+)
|-- (1)top.u_system_wrapper.u_cdm.mem[36][20] (+)
|-- (1)top.u_system_wrapper.u_cdm.mem[36][21] (+)
|-- (1)top.u_system_wrapper.u_cdm.mem[36][22] (+)
|-- (1)top.u_system_wrapper.u_cdm.mem[36][23] (+)
|-- (1)top.u_system_wrapper.u_cdm.mem[36][24] (+)
|-- (1)top.u_system_wrapper.u_cdm.mem[36][25] (+)
|-- (1)top.u_system_wrapper.u_cdm.mem[36][26] (+)
|-- (1)top.u_system_wrapper.u_cdm.mem[36][27] (+)
|-- (1)top.u_system_wrapper.u_cdm.mem[36][28] (+)
|-- (1)top.u_system_wrapper.u_cdm.mem[36][29] (+)
|-- (1)top.u_system_wrapper.u_cdm.mem[36][30] (+)
|-- (1)top.u_system_wrapper.u_cdm.mem[36][31] (+)
|-- (1)top.u_system_wrapper.u_cdm.mem[36][32] (+)
|-- (1)top.u_system_wrapper.u_cdm.mem[35][0] (+)
|-- (1)top.u_system_wrapper.u_cdm.mem[35][1] (+)
|-- (1)top.u_system_wrapper.u_cdm.mem[35][2] (+)
|-- (1)top.u_system_wrapper.u_cdm.mem[35][3] (+)
|-- (1)top.u_system_wrapper.u_cdm.mem[35][4] (+)
|-- (1)top.u_system_wrapper.u_cdm.mem[35][5] (+)
|-- (1)top.u_system_wrapper.u_cdm.mem[35][6] (+)
|-- (1)top.u_system_wrapper.u_cdm.mem[35][7] (+)
|-- (1)top.u_system_wrapper.u_cdm.mem[35][8] (+)
|-- (1)top.u_system_wrapper.u_cdm.mem[35][9] (+)
|-- (1)top.u_system_wrapper.u_cdm.mem[35][10] (+)
|-- (1)top.u_system_wrapper.u_cdm.mem[35][11] (+)
|-- (1)top.u_system_wrapper.u_cdm.mem[35][12] (+)
|-- (1)top.u_system_wrapper.u_cdm.mem[35][13] (+)
|-- (1)top.u_system_wrapper.u_cdm.mem[35][14] (+)
|-- (1)top.u_system_wrapper.u_cdm.mem[35][15] (+)
|-- (1)top.u_system_wrapper.u_cdm.mem[35][16] (+)
|-- (1)top.u_system_wrapper.u_cdm.mem[35][17] (+)
|-- (1)top.u_system_wrapper.u_cdm.mem[35][18] (+)
|-- (1)top.u_system_wrapper.u_cdm.mem[35][19] (+)
|-- (1)top.u_system_wrapper.u_cdm.mem[35][20] (+)
|-- (1)top.u_system_wrapper.u_cdm.mem[35][21] (+)
|-- (1)top.u_system_wrapper.u_cdm.mem[35][22] (+)
|-- (1)top.u_system_wrapper.u_cdm.mem[35][23] (+)
|-- (1)top.u_system_wrapper.u_cdm.mem[35][24] (+)
|-- (1)top.u_system_wrapper.u_cdm.mem[35][25] (+)
|-- (1)top.u_system_wrapper.u_cdm.mem[35][26] (+)
|-- (1)top.u_system_wrapper.u_cdm.mem[35][27] (+)
|-- (1)top.u_system_wrapper.u_cdm.mem[35][28] (+)
|-- (1)top.u_system_wrapper.u_cdm.mem[35][29] (+)
|-- (1)top.u_system_wrapper.u_cdm.mem[35][30] (+)
|-- (1)top.u_system_wrapper.u_cdm.mem[35][31] (+)
|-- (1)top.u_system_wrapper.u_cdm.mem[35][32] (+)
|-- (1)top.u_system_wrapper.u_cdm.mem[34][0] (+)
|-- (1)top.u_system_wrapper.u_cdm.mem[34][1] (+)
|-- (1)top.u_system_wrapper.u_cdm.mem[34][2] (+)
|-- (1)top.u_system_wrapper.u_cdm.mem[34][3] (+)
|-- (1)top.u_system_wrapper.u_cdm.mem[34][4] (+)
|-- (1)top.u_system_wrapper.u_cdm.mem[34][5] (+)
|-- (1)top.u_system_wrapper.u_cdm.mem[34][6] (+)
|-- (1)top.u_system_wrapper.u_cdm.mem[34][7] (+)
|-- (1)top.u_system_wrapper.u_cdm.mem[34][8] (+)
|-- (1)top.u_system_wrapper.u_cdm.mem[34][9] (+)
|-- (1)top.u_system_wrapper.u_cdm.mem[34][10] (+)
|-- (1)top.u_system_wrapper.u_cdm.mem[34][11] (+)
|-- (1)top.u_system_wrapper.u_cdm.mem[34][12] (+)
|-- (1)top.u_system_wrapper.u_cdm.mem[34][13] (+)
|-- (1)top.u_system_wrapper.u_cdm.mem[34][14] (+)
|-- (1)top.u_system_wrapper.u_cdm.mem[34][15] (+)
|-- (1)top.u_system_wrapper.u_cdm.mem[34][16] (+)
|-- (1)top.u_system_wrapper.u_cdm.mem[34][17] (+)
|-- (1)top.u_system_wrapper.u_cdm.mem[34][18] (+)
|-- (1)top.u_system_wrapper.u_cdm.mem[34][19] (+)
|-- (1)top.u_system_wrapper.u_cdm.mem[34][20] (+)
|-- (1)top.u_system_wrapper.u_cdm.mem[34][21] (+)
|-- (1)top.u_system_wrapper.u_cdm.mem[34][22] (+)
|-- (1)top.u_system_wrapper.u_cdm.mem[34][23] (+)
|-- (1)top.u_system_wrapper.u_cdm.mem[34][24] (+)
|-- (1)top.u_system_wrapper.u_cdm.mem[34][25] (+)
|-- (1)top.u_system_wrapper.u_cdm.mem[34][26] (+)
|-- (1)top.u_system_wrapper.u_cdm.mem[34][27] (+)
|-- (1)top.u_system_wrapper.u_cdm.mem[34][28] (+)
|-- (1)top.u_system_wrapper.u_cdm.mem[34][29] (+)
|-- (1)top.u_system_wrapper.u_cdm.mem[34][30] (+)
|-- (1)top.u_system_wrapper.u_cdm.mem[34][31] (+)
|-- (1)top.u_system_wrapper.u_cdm.mem[34][32] (+)
|-- (1)top.u_system_wrapper.u_cdm.mem[33][0] (+)
|-- (1)top.u_system_wrapper.u_cdm.mem[33][1] (+)
|-- (1)top.u_system_wrapper.u_cdm.mem[33][2] (+)
|-- (1)top.u_system_wrapper.u_cdm.mem[33][3] (+)
|-- (1)top.u_system_wrapper.u_cdm.mem[33][4] (+)
|-- (1)top.u_system_wrapper.u_cdm.mem[33][5] (+)
|-- (1)top.u_system_wrapper.u_cdm.mem[33][6] (+)
|-- (1)top.u_system_wrapper.u_cdm.mem[33][7] (+)
|-- (1)top.u_system_wrapper.u_cdm.mem[33][8] (+)
|-- (1)top.u_system_wrapper.u_cdm.mem[33][9] (+)
|-- (1)top.u_system_wrapper.u_cdm.mem[33][10] (+)
|-- (1)top.u_system_wrapper.u_cdm.mem[33][11] (+)
|-- (1)top.u_system_wrapper.u_cdm.mem[33][12] (+)
|-- (1)top.u_system_wrapper.u_cdm.mem[33][13] (+)
|-- (1)top.u_system_wrapper.u_cdm.mem[33][14] (+)
|-- (1)top.u_system_wrapper.u_cdm.mem[33][15] (+)
|-- (1)top.u_system_wrapper.u_cdm.mem[33][16] (+)
|-- (1)top.u_system_wrapper.u_cdm.mem[33][17] (+)
|-- (1)top.u_system_wrapper.u_cdm.mem[33][18] (+)
|-- (1)top.u_system_wrapper.u_cdm.mem[33][19] (+)
|-- (1)top.u_system_wrapper.u_cdm.mem[33][20] (+)
|-- (1)top.u_system_wrapper.u_cdm.mem[33][21] (+)
|-- (1)top.u_system_wrapper.u_cdm.mem[33][22] (+)
|-- (1)top.u_system_wrapper.u_cdm.mem[33][23] (+)
|-- (1)top.u_system_wrapper.u_cdm.mem[33][24] (+)
|-- (1)top.u_system_wrapper.u_cdm.mem[33][25] (+)
|-- (1)top.u_system_wrapper.u_cdm.mem[33][26] (+)
|-- (1)top.u_system_wrapper.u_cdm.mem[33][27] (+)
|-- (1)top.u_system_wrapper.u_cdm.mem[33][28] (+)
|-- (1)top.u_system_wrapper.u_cdm.mem[33][29] (+)
|-- (1)top.u_system_wrapper.u_cdm.mem[33][30] (+)
|-- (1)top.u_system_wrapper.u_cdm.mem[33][31] (+)
|-- (1)top.u_system_wrapper.u_cdm.mem[33][32] (+)
|-- (1)top.u_system_wrapper.u_cdm.mem[32][0] (+)
|-- (1)top.u_system_wrapper.u_cdm.mem[32][1] (+)
|-- (1)top.u_system_wrapper.u_cdm.mem[32][2] (+)
|-- (1)top.u_system_wrapper.u_cdm.mem[32][3] (+)
|-- (1)top.u_system_wrapper.u_cdm.mem[32][4] (+)
|-- (1)top.u_system_wrapper.u_cdm.mem[32][5] (+)
|-- (1)top.u_system_wrapper.u_cdm.mem[32][6] (+)
|-- (1)top.u_system_wrapper.u_cdm.mem[32][7] (+)
|-- (1)top.u_system_wrapper.u_cdm.mem[32][8] (+)
|-- (1)top.u_system_wrapper.u_cdm.mem[32][9] (+)
|-- (1)top.u_system_wrapper.u_cdm.mem[32][10] (+)
|-- (1)top.u_system_wrapper.u_cdm.mem[32][11] (+)
|-- (1)top.u_system_wrapper.u_cdm.mem[32][12] (+)
|-- (1)top.u_system_wrapper.u_cdm.mem[32][13] (+)
|-- (1)top.u_system_wrapper.u_cdm.mem[32][14] (+)
|-- (1)top.u_system_wrapper.u_cdm.mem[32][15] (+)
|-- (1)top.u_system_wrapper.u_cdm.mem[32][16] (+)
|-- (1)top.u_system_wrapper.u_cdm.mem[32][17] (+)
|-- (1)top.u_system_wrapper.u_cdm.mem[32][18] (+)
|-- (1)top.u_system_wrapper.u_cdm.mem[32][19] (+)
|-- (1)top.u_system_wrapper.u_cdm.mem[32][20] (+)
|-- (1)top.u_system_wrapper.u_cdm.mem[32][21] (+)
|-- (1)top.u_system_wrapper.u_cdm.mem[32][22] (+)
|-- (1)top.u_system_wrapper.u_cdm.mem[32][23] (+)
|-- (1)top.u_system_wrapper.u_cdm.mem[32][24] (+)
|-- (1)top.u_system_wrapper.u_cdm.mem[32][25] (+)
|-- (1)top.u_system_wrapper.u_cdm.mem[32][26] (+)
|-- (1)top.u_system_wrapper.u_cdm.mem[32][27] (+)
|-- (1)top.u_system_wrapper.u_cdm.mem[32][28] (+)
|-- (1)top.u_system_wrapper.u_cdm.mem[32][29] (+)
|-- (1)top.u_system_wrapper.u_cdm.mem[32][30] (+)
|-- (1)top.u_system_wrapper.u_cdm.mem[32][31] (+)
|-- (1)top.u_system_wrapper.u_cdm.mem[32][32] (+)
|-- (1)top.u_system_wrapper.u_cdm.mem[31][0] (+)
|-- (1)top.u_system_wrapper.u_cdm.mem[31][1] (+)
|-- (1)top.u_system_wrapper.u_cdm.mem[31][2] (+)
|-- (1)top.u_system_wrapper.u_cdm.mem[31][3] (+)
|-- (1)top.u_system_wrapper.u_cdm.mem[31][4] (+)
|-- (1)top.u_system_wrapper.u_cdm.mem[31][5] (+)
|-- (1)top.u_system_wrapper.u_cdm.mem[31][6] (+)
|-- (1)top.u_system_wrapper.u_cdm.mem[31][7] (+)
|-- (1)top.u_system_wrapper.u_cdm.mem[31][8] (+)
|-- (1)top.u_system_wrapper.u_cdm.mem[31][9] (+)
|-- (1)top.u_system_wrapper.u_cdm.mem[31][10] (+)
|-- (1)top.u_system_wrapper.u_cdm.mem[31][11] (+)
|-- (1)top.u_system_wrapper.u_cdm.mem[31][12] (+)
|-- (1)top.u_system_wrapper.u_cdm.mem[31][13] (+)
|-- (1)top.u_system_wrapper.u_cdm.mem[31][14] (+)
|-- (1)top.u_system_wrapper.u_cdm.mem[31][15] (+)
|-- (1)top.u_system_wrapper.u_cdm.mem[31][16] (+)
|-- (1)top.u_system_wrapper.u_cdm.mem[31][17] (+)
|-- (1)top.u_system_wrapper.u_cdm.mem[31][18] (+)
|-- (1)top.u_system_wrapper.u_cdm.mem[31][19] (+)
|-- (1)top.u_system_wrapper.u_cdm.mem[31][20] (+)
|-- (1)top.u_system_wrapper.u_cdm.mem[31][21] (+)
|-- (1)top.u_system_wrapper.u_cdm.mem[31][22] (+)
|-- (1)top.u_system_wrapper.u_cdm.mem[31][23] (+)
|-- (1)top.u_system_wrapper.u_cdm.mem[31][24] (+)
|-- (1)top.u_system_wrapper.u_cdm.mem[31][25] (+)
|-- (1)top.u_system_wrapper.u_cdm.mem[31][26] (+)
|-- (1)top.u_system_wrapper.u_cdm.mem[31][27] (+)
|-- (1)top.u_system_wrapper.u_cdm.mem[31][28] (+)
|-- (1)top.u_system_wrapper.u_cdm.mem[31][29] (+)
|-- (1)top.u_system_wrapper.u_cdm.mem[31][30] (+)
|-- (1)top.u_system_wrapper.u_cdm.mem[31][31] (+)
|-- (1)top.u_system_wrapper.u_cdm.mem[31][32] (+)
|-- (1)top.u_system_wrapper.u_cdm.mem[30][0] (+)
|-- (1)top.u_system_wrapper.u_cdm.mem[30][1] (+)
|-- (1)top.u_system_wrapper.u_cdm.mem[30][2] (+)
|-- (1)top.u_system_wrapper.u_cdm.mem[30][3] (+)
|-- (1)top.u_system_wrapper.u_cdm.mem[30][4] (+)
|-- (1)top.u_system_wrapper.u_cdm.mem[30][5] (+)
|-- (1)top.u_system_wrapper.u_cdm.mem[30][6] (+)
|-- (1)top.u_system_wrapper.u_cdm.mem[30][7] (+)
|-- (1)top.u_system_wrapper.u_cdm.mem[30][8] (+)
|-- (1)top.u_system_wrapper.u_cdm.mem[30][9] (+)
|-- (1)top.u_system_wrapper.u_cdm.mem[30][10] (+)
|-- (1)top.u_system_wrapper.u_cdm.mem[30][11] (+)
|-- (1)top.u_system_wrapper.u_cdm.mem[30][12] (+)
|-- (1)top.u_system_wrapper.u_cdm.mem[30][13] (+)
|-- (1)top.u_system_wrapper.u_cdm.mem[30][14] (+)
|-- (1)top.u_system_wrapper.u_cdm.mem[30][15] (+)
|-- (1)top.u_system_wrapper.u_cdm.mem[30][16] (+)
|-- (1)top.u_system_wrapper.u_cdm.mem[30][17] (+)
|-- (1)top.u_system_wrapper.u_cdm.mem[30][18] (+)
|-- (1)top.u_system_wrapper.u_cdm.mem[30][19] (+)
|-- (1)top.u_system_wrapper.u_cdm.mem[30][20] (+)
|-- (1)top.u_system_wrapper.u_cdm.mem[30][21] (+)
|-- (1)top.u_system_wrapper.u_cdm.mem[30][22] (+)
|-- (1)top.u_system_wrapper.u_cdm.mem[30][23] (+)
|-- (1)top.u_system_wrapper.u_cdm.mem[30][24] (+)
|-- (1)top.u_system_wrapper.u_cdm.mem[30][25] (+)
|-- (1)top.u_system_wrapper.u_cdm.mem[30][26] (+)
|-- (1)top.u_system_wrapper.u_cdm.mem[30][27] (+)
|-- (1)top.u_system_wrapper.u_cdm.mem[30][28] (+)
|-- (1)top.u_system_wrapper.u_cdm.mem[30][29] (+)
|-- (1)top.u_system_wrapper.u_cdm.mem[30][30] (+)
|-- (1)top.u_system_wrapper.u_cdm.mem[30][31] (+)
|-- (1)top.u_system_wrapper.u_cdm.mem[30][32] (+)
|-- (1)top.u_system_wrapper.u_cdm.mem[29][0] (+)
|-- (1)top.u_system_wrapper.u_cdm.mem[29][1] (+)
|-- (1)top.u_system_wrapper.u_cdm.mem[29][2] (+)
|-- (1)top.u_system_wrapper.u_cdm.mem[29][3] (+)
|-- (1)top.u_system_wrapper.u_cdm.mem[29][4] (+)
|-- (1)top.u_system_wrapper.u_cdm.mem[29][5] (+)
|-- (1)top.u_system_wrapper.u_cdm.mem[29][6] (+)
|-- (1)top.u_system_wrapper.u_cdm.mem[29][7] (+)
|-- (1)top.u_system_wrapper.u_cdm.mem[29][8] (+)
|-- (1)top.u_system_wrapper.u_cdm.mem[29][9] (+)
|-- (1)top.u_system_wrapper.u_cdm.mem[29][10] (+)
|-- (1)top.u_system_wrapper.u_cdm.mem[29][11] (+)
|-- (1)top.u_system_wrapper.u_cdm.mem[29][12] (+)
|-- (1)top.u_system_wrapper.u_cdm.mem[29][13] (+)
|-- (1)top.u_system_wrapper.u_cdm.mem[29][14] (+)
|-- (1)top.u_system_wrapper.u_cdm.mem[29][15] (+)
|-- (1)top.u_system_wrapper.u_cdm.mem[29][16] (+)
|-- (1)top.u_system_wrapper.u_cdm.mem[29][17] (+)
|-- (1)top.u_system_wrapper.u_cdm.mem[29][18] (+)
|-- (1)top.u_system_wrapper.u_cdm.mem[29][19] (+)
|-- (1)top.u_system_wrapper.u_cdm.mem[29][20] (+)
|-- (1)top.u_system_wrapper.u_cdm.mem[29][21] (+)
|-- (1)top.u_system_wrapper.u_cdm.mem[29][22] (+)
|-- (1)top.u_system_wrapper.u_cdm.mem[29][23] (+)
|-- (1)top.u_system_wrapper.u_cdm.mem[29][24] (+)
|-- (1)top.u_system_wrapper.u_cdm.mem[29][25] (+)
|-- (1)top.u_system_wrapper.u_cdm.mem[29][26] (+)
|-- (1)top.u_system_wrapper.u_cdm.mem[29][27] (+)
|-- (1)top.u_system_wrapper.u_cdm.mem[29][28] (+)
|-- (1)top.u_system_wrapper.u_cdm.mem[29][29] (+)
|-- (1)top.u_system_wrapper.u_cdm.mem[29][30] (+)
|-- (1)top.u_system_wrapper.u_cdm.mem[29][31] (+)
|-- (1)top.u_system_wrapper.u_cdm.mem[29][32] (+)
|-- (1)top.u_system_wrapper.u_cdm.mem[28][0] (+)
|-- (1)top.u_system_wrapper.u_cdm.mem[28][1] (+)
|-- (1)top.u_system_wrapper.u_cdm.mem[28][2] (+)
|-- (1)top.u_system_wrapper.u_cdm.mem[28][3] (+)
|-- (1)top.u_system_wrapper.u_cdm.mem[28][4] (+)
|-- (1)top.u_system_wrapper.u_cdm.mem[28][5] (+)
|-- (1)top.u_system_wrapper.u_cdm.mem[28][6] (+)
|-- (1)top.u_system_wrapper.u_cdm.mem[28][7] (+)
|-- (1)top.u_system_wrapper.u_cdm.mem[28][8] (+)
|-- (1)top.u_system_wrapper.u_cdm.mem[28][9] (+)
|-- (1)top.u_system_wrapper.u_cdm.mem[28][10] (+)
|-- (1)top.u_system_wrapper.u_cdm.mem[28][11] (+)
|-- (1)top.u_system_wrapper.u_cdm.mem[28][12] (+)
|-- (1)top.u_system_wrapper.u_cdm.mem[28][13] (+)
|-- (1)top.u_system_wrapper.u_cdm.mem[28][14] (+)
|-- (1)top.u_system_wrapper.u_cdm.mem[28][15] (+)
|-- (1)top.u_system_wrapper.u_cdm.mem[28][16] (+)
|-- (1)top.u_system_wrapper.u_cdm.mem[28][17] (+)
|-- (1)top.u_system_wrapper.u_cdm.mem[28][18] (+)
|-- (1)top.u_system_wrapper.u_cdm.mem[28][19] (+)
|-- (1)top.u_system_wrapper.u_cdm.mem[28][20] (+)
|-- (1)top.u_system_wrapper.u_cdm.mem[28][21] (+)
|-- (1)top.u_system_wrapper.u_cdm.mem[28][22] (+)
|-- (1)top.u_system_wrapper.u_cdm.mem[28][23] (+)
|-- (1)top.u_system_wrapper.u_cdm.mem[28][24] (+)
|-- (1)top.u_system_wrapper.u_cdm.mem[28][25] (+)
|-- (1)top.u_system_wrapper.u_cdm.mem[28][26] (+)
|-- (1)top.u_system_wrapper.u_cdm.mem[28][27] (+)
|-- (1)top.u_system_wrapper.u_cdm.mem[28][28] (+)
|-- (1)top.u_system_wrapper.u_cdm.mem[28][29] (+)
|-- (1)top.u_system_wrapper.u_cdm.mem[28][30] (+)
|-- (1)top.u_system_wrapper.u_cdm.mem[28][31] (+)
|-- (1)top.u_system_wrapper.u_cdm.mem[28][32] (+)
|-- (1)top.u_system_wrapper.u_cdm.mem[27][0] (+)
|-- (1)top.u_system_wrapper.u_cdm.mem[27][1] (+)
|-- (1)top.u_system_wrapper.u_cdm.mem[27][2] (+)
|-- (1)top.u_system_wrapper.u_cdm.mem[27][3] (+)
|-- (1)top.u_system_wrapper.u_cdm.mem[27][4] (+)
|-- (1)top.u_system_wrapper.u_cdm.mem[27][5] (+)
|-- (1)top.u_system_wrapper.u_cdm.mem[27][6] (+)
|-- (1)top.u_system_wrapper.u_cdm.mem[27][7] (+)
|-- (1)top.u_system_wrapper.u_cdm.mem[27][8] (+)
|-- (1)top.u_system_wrapper.u_cdm.mem[27][9] (+)
|-- (1)top.u_system_wrapper.u_cdm.mem[27][10] (+)
|-- (1)top.u_system_wrapper.u_cdm.mem[27][11] (+)
|-- (1)top.u_system_wrapper.u_cdm.mem[27][12] (+)
|-- (1)top.u_system_wrapper.u_cdm.mem[27][13] (+)
|-- (1)top.u_system_wrapper.u_cdm.mem[27][14] (+)
|-- (1)top.u_system_wrapper.u_cdm.mem[27][15] (+)
|-- (1)top.u_system_wrapper.u_cdm.mem[27][16] (+)
|-- (1)top.u_system_wrapper.u_cdm.mem[27][17] (+)
|-- (1)top.u_system_wrapper.u_cdm.mem[27][18] (+)
|-- (1)top.u_system_wrapper.u_cdm.mem[27][19] (+)
|-- (1)top.u_system_wrapper.u_cdm.mem[27][20] (+)
|-- (1)top.u_system_wrapper.u_cdm.mem[27][21] (+)
|-- (1)top.u_system_wrapper.u_cdm.mem[27][22] (+)
|-- (1)top.u_system_wrapper.u_cdm.mem[27][23] (+)
|-- (1)top.u_system_wrapper.u_cdm.mem[27][24] (+)
|-- (1)top.u_system_wrapper.u_cdm.mem[27][25] (+)
|-- (1)top.u_system_wrapper.u_cdm.mem[27][26] (+)
|-- (1)top.u_system_wrapper.u_cdm.mem[27][27] (+)
|-- (1)top.u_system_wrapper.u_cdm.mem[27][28] (+)
|-- (1)top.u_system_wrapper.u_cdm.mem[27][29] (+)
|-- (1)top.u_system_wrapper.u_cdm.mem[27][30] (+)
|-- (1)top.u_system_wrapper.u_cdm.mem[27][31] (+)
|-- (1)top.u_system_wrapper.u_cdm.mem[27][32] (+)
|-- (1)top.u_system_wrapper.u_cdm.mem[26][0] (+)
|-- (1)top.u_system_wrapper.u_cdm.mem[26][1] (+)
|-- (1)top.u_system_wrapper.u_cdm.mem[26][2] (+)
|-- (1)top.u_system_wrapper.u_cdm.mem[26][3] (+)
|-- (1)top.u_system_wrapper.u_cdm.mem[26][4] (+)
|-- (1)top.u_system_wrapper.u_cdm.mem[26][5] (+)
|-- (1)top.u_system_wrapper.u_cdm.mem[26][6] (+)
|-- (1)top.u_system_wrapper.u_cdm.mem[26][7] (+)
|-- (1)top.u_system_wrapper.u_cdm.mem[26][8] (+)
|-- (1)top.u_system_wrapper.u_cdm.mem[26][9] (+)
|-- (1)top.u_system_wrapper.u_cdm.mem[26][10] (+)
|-- (1)top.u_system_wrapper.u_cdm.mem[26][11] (+)
|-- (1)top.u_system_wrapper.u_cdm.mem[26][12] (+)
|-- (1)top.u_system_wrapper.u_cdm.mem[26][13] (+)
|-- (1)top.u_system_wrapper.u_cdm.mem[26][14] (+)
|-- (1)top.u_system_wrapper.u_cdm.mem[26][15] (+)
|-- (1)top.u_system_wrapper.u_cdm.mem[26][16] (+)
|-- (1)top.u_system_wrapper.u_cdm.mem[26][17] (+)
|-- (1)top.u_system_wrapper.u_cdm.mem[26][18] (+)
|-- (1)top.u_system_wrapper.u_cdm.mem[26][19] (+)
|-- (1)top.u_system_wrapper.u_cdm.mem[26][20] (+)
|-- (1)top.u_system_wrapper.u_cdm.mem[26][21] (+)
|-- (1)top.u_system_wrapper.u_cdm.mem[26][22] (+)
|-- (1)top.u_system_wrapper.u_cdm.mem[26][23] (+)
|-- (1)top.u_system_wrapper.u_cdm.mem[26][24] (+)
|-- (1)top.u_system_wrapper.u_cdm.mem[26][25] (+)
|-- (1)top.u_system_wrapper.u_cdm.mem[26][26] (+)
|-- (1)top.u_system_wrapper.u_cdm.mem[26][27] (+)
|-- (1)top.u_system_wrapper.u_cdm.mem[26][28] (+)
|-- (1)top.u_system_wrapper.u_cdm.mem[26][29] (+)
|-- (1)top.u_system_wrapper.u_cdm.mem[26][30] (+)
|-- (1)top.u_system_wrapper.u_cdm.mem[26][31] (+)
|-- (1)top.u_system_wrapper.u_cdm.mem[26][32] (+)
|-- (1)top.u_system_wrapper.u_cdm.mem[25][0] (+)
|-- (1)top.u_system_wrapper.u_cdm.mem[25][1] (+)
|-- (1)top.u_system_wrapper.u_cdm.mem[25][2] (+)
|-- (1)top.u_system_wrapper.u_cdm.mem[25][3] (+)
|-- (1)top.u_system_wrapper.u_cdm.mem[25][4] (+)
|-- (1)top.u_system_wrapper.u_cdm.mem[25][5] (+)
|-- (1)top.u_system_wrapper.u_cdm.mem[25][6] (+)
|-- (1)top.u_system_wrapper.u_cdm.mem[25][7] (+)
|-- (1)top.u_system_wrapper.u_cdm.mem[25][8] (+)
|-- (1)top.u_system_wrapper.u_cdm.mem[25][9] (+)
|-- (1)top.u_system_wrapper.u_cdm.mem[25][10] (+)
|-- (1)top.u_system_wrapper.u_cdm.mem[25][11] (+)
|-- (1)top.u_system_wrapper.u_cdm.mem[25][12] (+)
|-- (1)top.u_system_wrapper.u_cdm.mem[25][13] (+)
|-- (1)top.u_system_wrapper.u_cdm.mem[25][14] (+)
|-- (1)top.u_system_wrapper.u_cdm.mem[25][15] (+)
|-- (1)top.u_system_wrapper.u_cdm.mem[25][16] (+)
|-- (1)top.u_system_wrapper.u_cdm.mem[25][17] (+)
|-- (1)top.u_system_wrapper.u_cdm.mem[25][18] (+)
|-- (1)top.u_system_wrapper.u_cdm.mem[25][19] (+)
|-- (1)top.u_system_wrapper.u_cdm.mem[25][20] (+)
|-- (1)top.u_system_wrapper.u_cdm.mem[25][21] (+)
|-- (1)top.u_system_wrapper.u_cdm.mem[25][22] (+)
|-- (1)top.u_system_wrapper.u_cdm.mem[25][23] (+)
|-- (1)top.u_system_wrapper.u_cdm.mem[25][24] (+)
|-- (1)top.u_system_wrapper.u_cdm.mem[25][25] (+)
|-- (1)top.u_system_wrapper.u_cdm.mem[25][26] (+)
|-- (1)top.u_system_wrapper.u_cdm.mem[25][27] (+)
|-- (1)top.u_system_wrapper.u_cdm.mem[25][28] (+)
|-- (1)top.u_system_wrapper.u_cdm.mem[25][29] (+)
|-- (1)top.u_system_wrapper.u_cdm.mem[25][30] (+)
|-- (1)top.u_system_wrapper.u_cdm.mem[25][31] (+)
|-- (1)top.u_system_wrapper.u_cdm.mem[25][32] (+)
|-- (1)top.u_system_wrapper.u_cdm.mem[24][0] (+)
|-- (1)top.u_system_wrapper.u_cdm.mem[24][1] (+)
|-- (1)top.u_system_wrapper.u_cdm.mem[24][2] (+)
|-- (1)top.u_system_wrapper.u_cdm.mem[24][3] (+)
|-- (1)top.u_system_wrapper.u_cdm.mem[24][4] (+)
|-- (1)top.u_system_wrapper.u_cdm.mem[24][5] (+)
|-- (1)top.u_system_wrapper.u_cdm.mem[24][6] (+)
|-- (1)top.u_system_wrapper.u_cdm.mem[24][7] (+)
|-- (1)top.u_system_wrapper.u_cdm.mem[24][8] (+)
|-- (1)top.u_system_wrapper.u_cdm.mem[24][9] (+)
|-- (1)top.u_system_wrapper.u_cdm.mem[24][10] (+)
|-- (1)top.u_system_wrapper.u_cdm.mem[24][11] (+)
|-- (1)top.u_system_wrapper.u_cdm.mem[24][12] (+)
|-- (1)top.u_system_wrapper.u_cdm.mem[24][13] (+)
|-- (1)top.u_system_wrapper.u_cdm.mem[24][14] (+)
|-- (1)top.u_system_wrapper.u_cdm.mem[24][15] (+)
|-- (1)top.u_system_wrapper.u_cdm.mem[24][16] (+)
|-- (1)top.u_system_wrapper.u_cdm.mem[24][17] (+)
|-- (1)top.u_system_wrapper.u_cdm.mem[24][18] (+)
|-- (1)top.u_system_wrapper.u_cdm.mem[24][19] (+)
|-- (1)top.u_system_wrapper.u_cdm.mem[24][20] (+)
|-- (1)top.u_system_wrapper.u_cdm.mem[24][21] (+)
|-- (1)top.u_system_wrapper.u_cdm.mem[24][22] (+)
|-- (1)top.u_system_wrapper.u_cdm.mem[24][23] (+)
|-- (1)top.u_system_wrapper.u_cdm.mem[24][24] (+)
|-- (1)top.u_system_wrapper.u_cdm.mem[24][25] (+)
|-- (1)top.u_system_wrapper.u_cdm.mem[24][26] (+)
|-- (1)top.u_system_wrapper.u_cdm.mem[24][27] (+)
|-- (1)top.u_system_wrapper.u_cdm.mem[24][28] (+)
|-- (1)top.u_system_wrapper.u_cdm.mem[24][29] (+)
|-- (1)top.u_system_wrapper.u_cdm.mem[24][30] (+)
|-- (1)top.u_system_wrapper.u_cdm.mem[24][31] (+)
|-- (1)top.u_system_wrapper.u_cdm.mem[24][32] (+)
|-- (1)top.u_system_wrapper.u_cdm.mem[23][0] (+)
|-- (1)top.u_system_wrapper.u_cdm.mem[23][1] (+)
|-- (1)top.u_system_wrapper.u_cdm.mem[23][2] (+)
|-- (1)top.u_system_wrapper.u_cdm.mem[23][3] (+)
|-- (1)top.u_system_wrapper.u_cdm.mem[23][4] (+)
|-- (1)top.u_system_wrapper.u_cdm.mem[23][5] (+)
|-- (1)top.u_system_wrapper.u_cdm.mem[23][6] (+)
|-- (1)top.u_system_wrapper.u_cdm.mem[23][7] (+)
|-- (1)top.u_system_wrapper.u_cdm.mem[23][8] (+)
|-- (1)top.u_system_wrapper.u_cdm.mem[23][9] (+)
|-- (1)top.u_system_wrapper.u_cdm.mem[23][10] (+)
|-- (1)top.u_system_wrapper.u_cdm.mem[23][11] (+)
|-- (1)top.u_system_wrapper.u_cdm.mem[23][12] (+)
|-- (1)top.u_system_wrapper.u_cdm.mem[23][13] (+)
|-- (1)top.u_system_wrapper.u_cdm.mem[23][14] (+)
|-- (1)top.u_system_wrapper.u_cdm.mem[23][15] (+)
|-- (1)top.u_system_wrapper.u_cdm.mem[23][16] (+)
|-- (1)top.u_system_wrapper.u_cdm.mem[23][17] (+)
|-- (1)top.u_system_wrapper.u_cdm.mem[23][18] (+)
|-- (1)top.u_system_wrapper.u_cdm.mem[23][19] (+)
|-- (1)top.u_system_wrapper.u_cdm.mem[23][20] (+)
|-- (1)top.u_system_wrapper.u_cdm.mem[23][21] (+)
|-- (1)top.u_system_wrapper.u_cdm.mem[23][22] (+)
|-- (1)top.u_system_wrapper.u_cdm.mem[23][23] (+)
|-- (1)top.u_system_wrapper.u_cdm.mem[23][24] (+)
|-- (1)top.u_system_wrapper.u_cdm.mem[23][25] (+)
|-- (1)top.u_system_wrapper.u_cdm.mem[23][26] (+)
|-- (1)top.u_system_wrapper.u_cdm.mem[23][27] (+)
|-- (1)top.u_system_wrapper.u_cdm.mem[23][28] (+)
|-- (1)top.u_system_wrapper.u_cdm.mem[23][29] (+)
|-- (1)top.u_system_wrapper.u_cdm.mem[23][30] (+)
|-- (1)top.u_system_wrapper.u_cdm.mem[23][31] (+)
|-- (1)top.u_system_wrapper.u_cdm.mem[23][32] (+)
|-- (1)top.u_system_wrapper.u_cdm.mem[22][0] (+)
|-- (1)top.u_system_wrapper.u_cdm.mem[22][1] (+)
|-- (1)top.u_system_wrapper.u_cdm.mem[22][2] (+)
|-- (1)top.u_system_wrapper.u_cdm.mem[22][3] (+)
|-- (1)top.u_system_wrapper.u_cdm.mem[22][4] (+)
|-- (1)top.u_system_wrapper.u_cdm.mem[22][5] (+)
|-- (1)top.u_system_wrapper.u_cdm.mem[22][6] (+)
|-- (1)top.u_system_wrapper.u_cdm.mem[22][7] (+)
|-- (1)top.u_system_wrapper.u_cdm.mem[22][8] (+)
|-- (1)top.u_system_wrapper.u_cdm.mem[22][9] (+)
|-- (1)top.u_system_wrapper.u_cdm.mem[22][10] (+)
|-- (1)top.u_system_wrapper.u_cdm.mem[22][11] (+)
|-- (1)top.u_system_wrapper.u_cdm.mem[22][12] (+)
|-- (1)top.u_system_wrapper.u_cdm.mem[22][13] (+)
|-- (1)top.u_system_wrapper.u_cdm.mem[22][14] (+)
|-- (1)top.u_system_wrapper.u_cdm.mem[22][15] (+)
|-- (1)top.u_system_wrapper.u_cdm.mem[22][16] (+)
|-- (1)top.u_system_wrapper.u_cdm.mem[22][17] (+)
|-- (1)top.u_system_wrapper.u_cdm.mem[22][18] (+)
|-- (1)top.u_system_wrapper.u_cdm.mem[22][19] (+)
|-- (1)top.u_system_wrapper.u_cdm.mem[22][20] (+)
|-- (1)top.u_system_wrapper.u_cdm.mem[22][21] (+)
|-- (1)top.u_system_wrapper.u_cdm.mem[22][22] (+)
|-- (1)top.u_system_wrapper.u_cdm.mem[22][23] (+)
|-- (1)top.u_system_wrapper.u_cdm.mem[22][24] (+)
|-- (1)top.u_system_wrapper.u_cdm.mem[22][25] (+)
|-- (1)top.u_system_wrapper.u_cdm.mem[22][26] (+)
|-- (1)top.u_system_wrapper.u_cdm.mem[22][27] (+)
|-- (1)top.u_system_wrapper.u_cdm.mem[22][28] (+)
|-- (1)top.u_system_wrapper.u_cdm.mem[22][29] (+)
|-- (1)top.u_system_wrapper.u_cdm.mem[22][30] (+)
|-- (1)top.u_system_wrapper.u_cdm.mem[22][31] (+)
|-- (1)top.u_system_wrapper.u_cdm.mem[22][32] (+)
|-- (1)top.u_system_wrapper.u_cdm.mem[21][0] (+)
|-- (1)top.u_system_wrapper.u_cdm.mem[21][1] (+)
|-- (1)top.u_system_wrapper.u_cdm.mem[21][2] (+)
|-- (1)top.u_system_wrapper.u_cdm.mem[21][3] (+)
|-- (1)top.u_system_wrapper.u_cdm.mem[21][4] (+)
|-- (1)top.u_system_wrapper.u_cdm.mem[21][5] (+)
|-- (1)top.u_system_wrapper.u_cdm.mem[21][6] (+)
|-- (1)top.u_system_wrapper.u_cdm.mem[21][7] (+)
|-- (1)top.u_system_wrapper.u_cdm.mem[21][8] (+)
|-- (1)top.u_system_wrapper.u_cdm.mem[21][9] (+)
|-- (1)top.u_system_wrapper.u_cdm.mem[21][10] (+)
|-- (1)top.u_system_wrapper.u_cdm.mem[21][11] (+)
|-- (1)top.u_system_wrapper.u_cdm.mem[21][12] (+)
|-- (1)top.u_system_wrapper.u_cdm.mem[21][13] (+)
|-- (1)top.u_system_wrapper.u_cdm.mem[21][14] (+)
|-- (1)top.u_system_wrapper.u_cdm.mem[21][15] (+)
|-- (1)top.u_system_wrapper.u_cdm.mem[21][16] (+)
|-- (1)top.u_system_wrapper.u_cdm.mem[21][17] (+)
|-- (1)top.u_system_wrapper.u_cdm.mem[21][18] (+)
|-- (1)top.u_system_wrapper.u_cdm.mem[21][19] (+)
|-- (1)top.u_system_wrapper.u_cdm.mem[21][20] (+)
|-- (1)top.u_system_wrapper.u_cdm.mem[21][21] (+)
|-- (1)top.u_system_wrapper.u_cdm.mem[21][22] (+)
|-- (1)top.u_system_wrapper.u_cdm.mem[21][23] (+)
|-- (1)top.u_system_wrapper.u_cdm.mem[21][24] (+)
|-- (1)top.u_system_wrapper.u_cdm.mem[21][25] (+)
|-- (1)top.u_system_wrapper.u_cdm.mem[21][26] (+)
|-- (1)top.u_system_wrapper.u_cdm.mem[21][27] (+)
|-- (1)top.u_system_wrapper.u_cdm.mem[21][28] (+)
|-- (1)top.u_system_wrapper.u_cdm.mem[21][29] (+)
|-- (1)top.u_system_wrapper.u_cdm.mem[21][30] (+)
|-- (1)top.u_system_wrapper.u_cdm.mem[21][31] (+)
|-- (1)top.u_system_wrapper.u_cdm.mem[21][32] (+)
|-- (1)top.u_system_wrapper.u_cdm.mem[20][0] (+)
|-- (1)top.u_system_wrapper.u_cdm.mem[20][1] (+)
|-- (1)top.u_system_wrapper.u_cdm.mem[20][2] (+)
|-- (1)top.u_system_wrapper.u_cdm.mem[20][3] (+)
|-- (1)top.u_system_wrapper.u_cdm.mem[20][4] (+)
|-- (1)top.u_system_wrapper.u_cdm.mem[20][5] (+)
|-- (1)top.u_system_wrapper.u_cdm.mem[20][6] (+)
|-- (1)top.u_system_wrapper.u_cdm.mem[20][7] (+)
|-- (1)top.u_system_wrapper.u_cdm.mem[20][8] (+)
|-- (1)top.u_system_wrapper.u_cdm.mem[20][9] (+)
|-- (1)top.u_system_wrapper.u_cdm.mem[20][10] (+)
|-- (1)top.u_system_wrapper.u_cdm.mem[20][11] (+)
|-- (1)top.u_system_wrapper.u_cdm.mem[20][12] (+)
|-- (1)top.u_system_wrapper.u_cdm.mem[20][13] (+)
|-- (1)top.u_system_wrapper.u_cdm.mem[20][14] (+)
|-- (1)top.u_system_wrapper.u_cdm.mem[20][15] (+)
|-- (1)top.u_system_wrapper.u_cdm.mem[20][16] (+)
|-- (1)top.u_system_wrapper.u_cdm.mem[20][17] (+)
|-- (1)top.u_system_wrapper.u_cdm.mem[20][18] (+)
|-- (1)top.u_system_wrapper.u_cdm.mem[20][19] (+)
|-- (1)top.u_system_wrapper.u_cdm.mem[20][20] (+)
|-- (1)top.u_system_wrapper.u_cdm.mem[20][21] (+)
|-- (1)top.u_system_wrapper.u_cdm.mem[20][22] (+)
|-- (1)top.u_system_wrapper.u_cdm.mem[20][23] (+)
|-- (1)top.u_system_wrapper.u_cdm.mem[20][24] (+)
|-- (1)top.u_system_wrapper.u_cdm.mem[20][25] (+)
|-- (1)top.u_system_wrapper.u_cdm.mem[20][26] (+)
|-- (1)top.u_system_wrapper.u_cdm.mem[20][27] (+)
|-- (1)top.u_system_wrapper.u_cdm.mem[20][28] (+)
|-- (1)top.u_system_wrapper.u_cdm.mem[20][29] (+)
|-- (1)top.u_system_wrapper.u_cdm.mem[20][30] (+)
|-- (1)top.u_system_wrapper.u_cdm.mem[20][31] (+)
|-- (1)top.u_system_wrapper.u_cdm.mem[20][32] (+)
|-- (1)top.u_system_wrapper.u_cdm.mem[19][0] (+)
|-- (1)top.u_system_wrapper.u_cdm.mem[19][1] (+)
|-- (1)top.u_system_wrapper.u_cdm.mem[19][2] (+)
|-- (1)top.u_system_wrapper.u_cdm.mem[19][3] (+)
|-- (1)top.u_system_wrapper.u_cdm.mem[19][4] (+)
|-- (1)top.u_system_wrapper.u_cdm.mem[19][5] (+)
|-- (1)top.u_system_wrapper.u_cdm.mem[19][6] (+)
|-- (1)top.u_system_wrapper.u_cdm.mem[19][7] (+)
|-- (1)top.u_system_wrapper.u_cdm.mem[19][8] (+)
|-- (1)top.u_system_wrapper.u_cdm.mem[19][9] (+)
|-- (1)top.u_system_wrapper.u_cdm.mem[19][10] (+)
|-- (1)top.u_system_wrapper.u_cdm.mem[19][11] (+)
|-- (1)top.u_system_wrapper.u_cdm.mem[19][12] (+)
|-- (1)top.u_system_wrapper.u_cdm.mem[19][13] (+)
|-- (1)top.u_system_wrapper.u_cdm.mem[19][14] (+)
|-- (1)top.u_system_wrapper.u_cdm.mem[19][15] (+)
|-- (1)top.u_system_wrapper.u_cdm.mem[19][16] (+)
|-- (1)top.u_system_wrapper.u_cdm.mem[19][17] (+)
|-- (1)top.u_system_wrapper.u_cdm.mem[19][18] (+)
|-- (1)top.u_system_wrapper.u_cdm.mem[19][19] (+)
|-- (1)top.u_system_wrapper.u_cdm.mem[19][20] (+)
|-- (1)top.u_system_wrapper.u_cdm.mem[19][21] (+)
|-- (1)top.u_system_wrapper.u_cdm.mem[19][22] (+)
|-- (1)top.u_system_wrapper.u_cdm.mem[19][23] (+)
|-- (1)top.u_system_wrapper.u_cdm.mem[19][24] (+)
|-- (1)top.u_system_wrapper.u_cdm.mem[19][25] (+)
|-- (1)top.u_system_wrapper.u_cdm.mem[19][26] (+)
|-- (1)top.u_system_wrapper.u_cdm.mem[19][27] (+)
|-- (1)top.u_system_wrapper.u_cdm.mem[19][28] (+)
|-- (1)top.u_system_wrapper.u_cdm.mem[19][29] (+)
|-- (1)top.u_system_wrapper.u_cdm.mem[19][30] (+)
|-- (1)top.u_system_wrapper.u_cdm.mem[19][31] (+)
|-- (1)top.u_system_wrapper.u_cdm.mem[19][32] (+)
|-- (1)top.u_system_wrapper.u_cdm.mem[18][0] (+)
|-- (1)top.u_system_wrapper.u_cdm.mem[18][1] (+)
|-- (1)top.u_system_wrapper.u_cdm.mem[18][2] (+)
|-- (1)top.u_system_wrapper.u_cdm.mem[18][3] (+)
|-- (1)top.u_system_wrapper.u_cdm.mem[18][4] (+)
|-- (1)top.u_system_wrapper.u_cdm.mem[18][5] (+)
|-- (1)top.u_system_wrapper.u_cdm.mem[18][6] (+)
|-- (1)top.u_system_wrapper.u_cdm.mem[18][7] (+)
|-- (1)top.u_system_wrapper.u_cdm.mem[18][8] (+)
|-- (1)top.u_system_wrapper.u_cdm.mem[18][9] (+)
|-- (1)top.u_system_wrapper.u_cdm.mem[18][10] (+)
|-- (1)top.u_system_wrapper.u_cdm.mem[18][11] (+)
|-- (1)top.u_system_wrapper.u_cdm.mem[18][12] (+)
|-- (1)top.u_system_wrapper.u_cdm.mem[18][13] (+)
|-- (1)top.u_system_wrapper.u_cdm.mem[18][14] (+)
|-- (1)top.u_system_wrapper.u_cdm.mem[18][15] (+)
|-- (1)top.u_system_wrapper.u_cdm.mem[18][16] (+)
|-- (1)top.u_system_wrapper.u_cdm.mem[18][17] (+)
|-- (1)top.u_system_wrapper.u_cdm.mem[18][18] (+)
|-- (1)top.u_system_wrapper.u_cdm.mem[18][19] (+)
|-- (1)top.u_system_wrapper.u_cdm.mem[18][20] (+)
|-- (1)top.u_system_wrapper.u_cdm.mem[18][21] (+)
|-- (1)top.u_system_wrapper.u_cdm.mem[18][22] (+)
|-- (1)top.u_system_wrapper.u_cdm.mem[18][23] (+)
|-- (1)top.u_system_wrapper.u_cdm.mem[18][24] (+)
|-- (1)top.u_system_wrapper.u_cdm.mem[18][25] (+)
|-- (1)top.u_system_wrapper.u_cdm.mem[18][26] (+)
|-- (1)top.u_system_wrapper.u_cdm.mem[18][27] (+)
|-- (1)top.u_system_wrapper.u_cdm.mem[18][28] (+)
|-- (1)top.u_system_wrapper.u_cdm.mem[18][29] (+)
|-- (1)top.u_system_wrapper.u_cdm.mem[18][30] (+)
|-- (1)top.u_system_wrapper.u_cdm.mem[18][31] (+)
|-- (1)top.u_system_wrapper.u_cdm.mem[18][32] (+)
|-- (1)top.u_system_wrapper.u_cdm.mem[17][0] (+)
|-- (1)top.u_system_wrapper.u_cdm.mem[17][1] (+)
|-- (1)top.u_system_wrapper.u_cdm.mem[17][2] (+)
|-- (1)top.u_system_wrapper.u_cdm.mem[17][3] (+)
|-- (1)top.u_system_wrapper.u_cdm.mem[17][4] (+)
|-- (1)top.u_system_wrapper.u_cdm.mem[17][5] (+)
|-- (1)top.u_system_wrapper.u_cdm.mem[17][6] (+)
|-- (1)top.u_system_wrapper.u_cdm.mem[17][7] (+)
|-- (1)top.u_system_wrapper.u_cdm.mem[17][8] (+)
|-- (1)top.u_system_wrapper.u_cdm.mem[17][9] (+)
|-- (1)top.u_system_wrapper.u_cdm.mem[17][10] (+)
|-- (1)top.u_system_wrapper.u_cdm.mem[17][11] (+)
|-- (1)top.u_system_wrapper.u_cdm.mem[17][12] (+)
|-- (1)top.u_system_wrapper.u_cdm.mem[17][13] (+)
|-- (1)top.u_system_wrapper.u_cdm.mem[17][14] (+)
|-- (1)top.u_system_wrapper.u_cdm.mem[17][15] (+)
|-- (1)top.u_system_wrapper.u_cdm.mem[17][16] (+)
|-- (1)top.u_system_wrapper.u_cdm.mem[17][17] (+)
|-- (1)top.u_system_wrapper.u_cdm.mem[17][18] (+)
|-- (1)top.u_system_wrapper.u_cdm.mem[17][19] (+)
|-- (1)top.u_system_wrapper.u_cdm.mem[17][20] (+)
|-- (1)top.u_system_wrapper.u_cdm.mem[17][21] (+)
|-- (1)top.u_system_wrapper.u_cdm.mem[17][22] (+)
|-- (1)top.u_system_wrapper.u_cdm.mem[17][23] (+)
|-- (1)top.u_system_wrapper.u_cdm.mem[17][24] (+)
|-- (1)top.u_system_wrapper.u_cdm.mem[17][25] (+)
|-- (1)top.u_system_wrapper.u_cdm.mem[17][26] (+)
|-- (1)top.u_system_wrapper.u_cdm.mem[17][27] (+)
|-- (1)top.u_system_wrapper.u_cdm.mem[17][28] (+)
|-- (1)top.u_system_wrapper.u_cdm.mem[17][29] (+)
|-- (1)top.u_system_wrapper.u_cdm.mem[17][30] (+)
|-- (1)top.u_system_wrapper.u_cdm.mem[17][31] (+)
|-- (1)top.u_system_wrapper.u_cdm.mem[17][32] (+)
|-- (1)top.u_system_wrapper.u_cdm.mem[16][0] (+)
|-- (1)top.u_system_wrapper.u_cdm.mem[16][1] (+)
|-- (1)top.u_system_wrapper.u_cdm.mem[16][2] (+)
|-- (1)top.u_system_wrapper.u_cdm.mem[16][3] (+)
|-- (1)top.u_system_wrapper.u_cdm.mem[16][4] (+)
|-- (1)top.u_system_wrapper.u_cdm.mem[16][5] (+)
|-- (1)top.u_system_wrapper.u_cdm.mem[16][6] (+)
|-- (1)top.u_system_wrapper.u_cdm.mem[16][7] (+)
|-- (1)top.u_system_wrapper.u_cdm.mem[16][8] (+)
|-- (1)top.u_system_wrapper.u_cdm.mem[16][9] (+)
|-- (1)top.u_system_wrapper.u_cdm.mem[16][10] (+)
|-- (1)top.u_system_wrapper.u_cdm.mem[16][11] (+)
|-- (1)top.u_system_wrapper.u_cdm.mem[16][12] (+)
|-- (1)top.u_system_wrapper.u_cdm.mem[16][13] (+)
|-- (1)top.u_system_wrapper.u_cdm.mem[16][14] (+)
|-- (1)top.u_system_wrapper.u_cdm.mem[16][15] (+)
|-- (1)top.u_system_wrapper.u_cdm.mem[16][16] (+)
|-- (1)top.u_system_wrapper.u_cdm.mem[16][17] (+)
|-- (1)top.u_system_wrapper.u_cdm.mem[16][18] (+)
|-- (1)top.u_system_wrapper.u_cdm.mem[16][19] (+)
|-- (1)top.u_system_wrapper.u_cdm.mem[16][20] (+)
|-- (1)top.u_system_wrapper.u_cdm.mem[16][21] (+)
|-- (1)top.u_system_wrapper.u_cdm.mem[16][22] (+)
|-- (1)top.u_system_wrapper.u_cdm.mem[16][23] (+)
|-- (1)top.u_system_wrapper.u_cdm.mem[16][24] (+)
|-- (1)top.u_system_wrapper.u_cdm.mem[16][25] (+)
|-- (1)top.u_system_wrapper.u_cdm.mem[16][26] (+)
|-- (1)top.u_system_wrapper.u_cdm.mem[16][27] (+)
|-- (1)top.u_system_wrapper.u_cdm.mem[16][28] (+)
|-- (1)top.u_system_wrapper.u_cdm.mem[16][29] (+)
|-- (1)top.u_system_wrapper.u_cdm.mem[16][30] (+)
|-- (1)top.u_system_wrapper.u_cdm.mem[16][31] (+)
|-- (1)top.u_system_wrapper.u_cdm.mem[16][32] (+)
|-- (1)top.u_system_wrapper.u_cdm.mem[15][0] (+)
|-- (1)top.u_system_wrapper.u_cdm.mem[15][1] (+)
|-- (1)top.u_system_wrapper.u_cdm.mem[15][2] (+)
|-- (1)top.u_system_wrapper.u_cdm.mem[15][3] (+)
|-- (1)top.u_system_wrapper.u_cdm.mem[15][4] (+)
|-- (1)top.u_system_wrapper.u_cdm.mem[15][5] (+)
|-- (1)top.u_system_wrapper.u_cdm.mem[15][6] (+)
|-- (1)top.u_system_wrapper.u_cdm.mem[15][7] (+)
|-- (1)top.u_system_wrapper.u_cdm.mem[15][8] (+)
|-- (1)top.u_system_wrapper.u_cdm.mem[15][9] (+)
|-- (1)top.u_system_wrapper.u_cdm.mem[15][10] (+)
|-- (1)top.u_system_wrapper.u_cdm.mem[15][11] (+)
|-- (1)top.u_system_wrapper.u_cdm.mem[15][12] (+)
|-- (1)top.u_system_wrapper.u_cdm.mem[15][13] (+)
|-- (1)top.u_system_wrapper.u_cdm.mem[15][14] (+)
|-- (1)top.u_system_wrapper.u_cdm.mem[15][15] (+)
|-- (1)top.u_system_wrapper.u_cdm.mem[15][16] (+)
|-- (1)top.u_system_wrapper.u_cdm.mem[15][17] (+)
|-- (1)top.u_system_wrapper.u_cdm.mem[15][18] (+)
|-- (1)top.u_system_wrapper.u_cdm.mem[15][19] (+)
|-- (1)top.u_system_wrapper.u_cdm.mem[15][20] (+)
|-- (1)top.u_system_wrapper.u_cdm.mem[15][21] (+)
|-- (1)top.u_system_wrapper.u_cdm.mem[15][22] (+)
|-- (1)top.u_system_wrapper.u_cdm.mem[15][23] (+)
|-- (1)top.u_system_wrapper.u_cdm.mem[15][24] (+)
|-- (1)top.u_system_wrapper.u_cdm.mem[15][25] (+)
|-- (1)top.u_system_wrapper.u_cdm.mem[15][26] (+)
|-- (1)top.u_system_wrapper.u_cdm.mem[15][27] (+)
|-- (1)top.u_system_wrapper.u_cdm.mem[15][28] (+)
|-- (1)top.u_system_wrapper.u_cdm.mem[15][29] (+)
|-- (1)top.u_system_wrapper.u_cdm.mem[15][30] (+)
|-- (1)top.u_system_wrapper.u_cdm.mem[15][31] (+)
|-- (1)top.u_system_wrapper.u_cdm.mem[15][32] (+)
|-- (1)top.u_system_wrapper.u_cdm.mem[14][0] (+)
|-- (1)top.u_system_wrapper.u_cdm.mem[14][1] (+)
|-- (1)top.u_system_wrapper.u_cdm.mem[14][2] (+)
|-- (1)top.u_system_wrapper.u_cdm.mem[14][3] (+)
|-- (1)top.u_system_wrapper.u_cdm.mem[14][4] (+)
|-- (1)top.u_system_wrapper.u_cdm.mem[14][5] (+)
|-- (1)top.u_system_wrapper.u_cdm.mem[14][6] (+)
|-- (1)top.u_system_wrapper.u_cdm.mem[14][7] (+)
|-- (1)top.u_system_wrapper.u_cdm.mem[14][8] (+)
|-- (1)top.u_system_wrapper.u_cdm.mem[14][9] (+)
|-- (1)top.u_system_wrapper.u_cdm.mem[14][10] (+)
|-- (1)top.u_system_wrapper.u_cdm.mem[14][11] (+)
|-- (1)top.u_system_wrapper.u_cdm.mem[14][12] (+)
|-- (1)top.u_system_wrapper.u_cdm.mem[14][13] (+)
|-- (1)top.u_system_wrapper.u_cdm.mem[14][14] (+)
|-- (1)top.u_system_wrapper.u_cdm.mem[14][15] (+)
|-- (1)top.u_system_wrapper.u_cdm.mem[14][16] (+)
|-- (1)top.u_system_wrapper.u_cdm.mem[14][17] (+)
|-- (1)top.u_system_wrapper.u_cdm.mem[14][18] (+)
|-- (1)top.u_system_wrapper.u_cdm.mem[14][19] (+)
|-- (1)top.u_system_wrapper.u_cdm.mem[14][20] (+)
|-- (1)top.u_system_wrapper.u_cdm.mem[14][21] (+)
|-- (1)top.u_system_wrapper.u_cdm.mem[14][22] (+)
|-- (1)top.u_system_wrapper.u_cdm.mem[14][23] (+)
|-- (1)top.u_system_wrapper.u_cdm.mem[14][24] (+)
|-- (1)top.u_system_wrapper.u_cdm.mem[14][25] (+)
|-- (1)top.u_system_wrapper.u_cdm.mem[14][26] (+)
|-- (1)top.u_system_wrapper.u_cdm.mem[14][27] (+)
|-- (1)top.u_system_wrapper.u_cdm.mem[14][28] (+)
|-- (1)top.u_system_wrapper.u_cdm.mem[14][29] (+)
|-- (1)top.u_system_wrapper.u_cdm.mem[14][30] (+)
|-- (1)top.u_system_wrapper.u_cdm.mem[14][31] (+)
|-- (1)top.u_system_wrapper.u_cdm.mem[14][32] (+)
|-- (1)top.u_system_wrapper.u_cdm.mem[13][0] (+)
|-- (1)top.u_system_wrapper.u_cdm.mem[13][1] (+)
|-- (1)top.u_system_wrapper.u_cdm.mem[13][2] (+)
|-- (1)top.u_system_wrapper.u_cdm.mem[13][3] (+)
|-- (1)top.u_system_wrapper.u_cdm.mem[13][4] (+)
|-- (1)top.u_system_wrapper.u_cdm.mem[13][5] (+)
|-- (1)top.u_system_wrapper.u_cdm.mem[13][6] (+)
|-- (1)top.u_system_wrapper.u_cdm.mem[13][7] (+)
|-- (1)top.u_system_wrapper.u_cdm.mem[13][8] (+)
|-- (1)top.u_system_wrapper.u_cdm.mem[13][9] (+)
|-- (1)top.u_system_wrapper.u_cdm.mem[13][10] (+)
|-- (1)top.u_system_wrapper.u_cdm.mem[13][11] (+)
|-- (1)top.u_system_wrapper.u_cdm.mem[13][12] (+)
|-- (1)top.u_system_wrapper.u_cdm.mem[13][13] (+)
|-- (1)top.u_system_wrapper.u_cdm.mem[13][14] (+)
|-- (1)top.u_system_wrapper.u_cdm.mem[13][15] (+)
|-- (1)top.u_system_wrapper.u_cdm.mem[13][16] (+)
|-- (1)top.u_system_wrapper.u_cdm.mem[13][17] (+)
|-- (1)top.u_system_wrapper.u_cdm.mem[13][18] (+)
|-- (1)top.u_system_wrapper.u_cdm.mem[13][19] (+)
|-- (1)top.u_system_wrapper.u_cdm.mem[13][20] (+)
|-- (1)top.u_system_wrapper.u_cdm.mem[13][21] (+)
|-- (1)top.u_system_wrapper.u_cdm.mem[13][22] (+)
|-- (1)top.u_system_wrapper.u_cdm.mem[13][23] (+)
|-- (1)top.u_system_wrapper.u_cdm.mem[13][24] (+)
|-- (1)top.u_system_wrapper.u_cdm.mem[13][25] (+)
|-- (1)top.u_system_wrapper.u_cdm.mem[13][26] (+)
|-- (1)top.u_system_wrapper.u_cdm.mem[13][27] (+)
|-- (1)top.u_system_wrapper.u_cdm.mem[13][28] (+)
|-- (1)top.u_system_wrapper.u_cdm.mem[13][29] (+)
|-- (1)top.u_system_wrapper.u_cdm.mem[13][30] (+)
|-- (1)top.u_system_wrapper.u_cdm.mem[13][31] (+)
|-- (1)top.u_system_wrapper.u_cdm.mem[13][32] (+)
|-- (1)top.u_system_wrapper.u_cdm.mem[12][0] (+)
|-- (1)top.u_system_wrapper.u_cdm.mem[12][1] (+)
|-- (1)top.u_system_wrapper.u_cdm.mem[12][2] (+)
|-- (1)top.u_system_wrapper.u_cdm.mem[12][3] (+)
|-- (1)top.u_system_wrapper.u_cdm.mem[12][4] (+)
|-- (1)top.u_system_wrapper.u_cdm.mem[12][5] (+)
|-- (1)top.u_system_wrapper.u_cdm.mem[12][6] (+)
|-- (1)top.u_system_wrapper.u_cdm.mem[12][7] (+)
|-- (1)top.u_system_wrapper.u_cdm.mem[12][8] (+)
|-- (1)top.u_system_wrapper.u_cdm.mem[12][9] (+)
|-- (1)top.u_system_wrapper.u_cdm.mem[12][10] (+)
|-- (1)top.u_system_wrapper.u_cdm.mem[12][11] (+)
|-- (1)top.u_system_wrapper.u_cdm.mem[12][12] (+)
|-- (1)top.u_system_wrapper.u_cdm.mem[12][13] (+)
|-- (1)top.u_system_wrapper.u_cdm.mem[12][14] (+)
|-- (1)top.u_system_wrapper.u_cdm.mem[12][15] (+)
|-- (1)top.u_system_wrapper.u_cdm.mem[12][16] (+)
|-- (1)top.u_system_wrapper.u_cdm.mem[12][17] (+)
|-- (1)top.u_system_wrapper.u_cdm.mem[12][18] (+)
|-- (1)top.u_system_wrapper.u_cdm.mem[12][19] (+)
|-- (1)top.u_system_wrapper.u_cdm.mem[12][20] (+)
|-- (1)top.u_system_wrapper.u_cdm.mem[12][21] (+)
|-- (1)top.u_system_wrapper.u_cdm.mem[12][22] (+)
|-- (1)top.u_system_wrapper.u_cdm.mem[12][23] (+)
|-- (1)top.u_system_wrapper.u_cdm.mem[12][24] (+)
|-- (1)top.u_system_wrapper.u_cdm.mem[12][25] (+)
|-- (1)top.u_system_wrapper.u_cdm.mem[12][26] (+)
|-- (1)top.u_system_wrapper.u_cdm.mem[12][27] (+)
|-- (1)top.u_system_wrapper.u_cdm.mem[12][28] (+)
|-- (1)top.u_system_wrapper.u_cdm.mem[12][29] (+)
|-- (1)top.u_system_wrapper.u_cdm.mem[12][30] (+)
|-- (1)top.u_system_wrapper.u_cdm.mem[12][31] (+)
|-- (1)top.u_system_wrapper.u_cdm.mem[12][32] (+)
|-- (1)top.u_system_wrapper.u_cdm.mem[11][0] (+)
|-- (1)top.u_system_wrapper.u_cdm.mem[11][1] (+)
|-- (1)top.u_system_wrapper.u_cdm.mem[11][2] (+)
|-- (1)top.u_system_wrapper.u_cdm.mem[11][3] (+)
|-- (1)top.u_system_wrapper.u_cdm.mem[11][4] (+)
|-- (1)top.u_system_wrapper.u_cdm.mem[11][5] (+)
|-- (1)top.u_system_wrapper.u_cdm.mem[11][6] (+)
|-- (1)top.u_system_wrapper.u_cdm.mem[11][7] (+)
|-- (1)top.u_system_wrapper.u_cdm.mem[11][8] (+)
|-- (1)top.u_system_wrapper.u_cdm.mem[11][9] (+)
|-- (1)top.u_system_wrapper.u_cdm.mem[11][10] (+)
|-- (1)top.u_system_wrapper.u_cdm.mem[11][11] (+)
|-- (1)top.u_system_wrapper.u_cdm.mem[11][12] (+)
|-- (1)top.u_system_wrapper.u_cdm.mem[11][13] (+)
|-- (1)top.u_system_wrapper.u_cdm.mem[11][14] (+)
|-- (1)top.u_system_wrapper.u_cdm.mem[11][15] (+)
|-- (1)top.u_system_wrapper.u_cdm.mem[11][16] (+)
|-- (1)top.u_system_wrapper.u_cdm.mem[11][17] (+)
|-- (1)top.u_system_wrapper.u_cdm.mem[11][18] (+)
|-- (1)top.u_system_wrapper.u_cdm.mem[11][19] (+)
|-- (1)top.u_system_wrapper.u_cdm.mem[11][20] (+)
|-- (1)top.u_system_wrapper.u_cdm.mem[11][21] (+)
|-- (1)top.u_system_wrapper.u_cdm.mem[11][22] (+)
|-- (1)top.u_system_wrapper.u_cdm.mem[11][23] (+)
|-- (1)top.u_system_wrapper.u_cdm.mem[11][24] (+)
|-- (1)top.u_system_wrapper.u_cdm.mem[11][25] (+)
|-- (1)top.u_system_wrapper.u_cdm.mem[11][26] (+)
|-- (1)top.u_system_wrapper.u_cdm.mem[11][27] (+)
|-- (1)top.u_system_wrapper.u_cdm.mem[11][28] (+)
|-- (1)top.u_system_wrapper.u_cdm.mem[11][29] (+)
|-- (1)top.u_system_wrapper.u_cdm.mem[11][30] (+)
|-- (1)top.u_system_wrapper.u_cdm.mem[11][31] (+)
|-- (1)top.u_system_wrapper.u_cdm.mem[11][32] (+)
|-- (1)top.u_system_wrapper.u_cdm.mem[10][0] (+)
|-- (1)top.u_system_wrapper.u_cdm.mem[10][1] (+)
|-- (1)top.u_system_wrapper.u_cdm.mem[10][2] (+)
|-- (1)top.u_system_wrapper.u_cdm.mem[10][3] (+)
|-- (1)top.u_system_wrapper.u_cdm.mem[10][4] (+)
|-- (1)top.u_system_wrapper.u_cdm.mem[10][5] (+)
|-- (1)top.u_system_wrapper.u_cdm.mem[10][6] (+)
|-- (1)top.u_system_wrapper.u_cdm.mem[10][7] (+)
|-- (1)top.u_system_wrapper.u_cdm.mem[10][8] (+)
|-- (1)top.u_system_wrapper.u_cdm.mem[10][9] (+)
|-- (1)top.u_system_wrapper.u_cdm.mem[10][10] (+)
|-- (1)top.u_system_wrapper.u_cdm.mem[10][11] (+)
|-- (1)top.u_system_wrapper.u_cdm.mem[10][12] (+)
|-- (1)top.u_system_wrapper.u_cdm.mem[10][13] (+)
|-- (1)top.u_system_wrapper.u_cdm.mem[10][14] (+)
|-- (1)top.u_system_wrapper.u_cdm.mem[10][15] (+)
|-- (1)top.u_system_wrapper.u_cdm.mem[10][16] (+)
|-- (1)top.u_system_wrapper.u_cdm.mem[10][17] (+)
|-- (1)top.u_system_wrapper.u_cdm.mem[10][18] (+)
|-- (1)top.u_system_wrapper.u_cdm.mem[10][19] (+)
|-- (1)top.u_system_wrapper.u_cdm.mem[10][20] (+)
|-- (1)top.u_system_wrapper.u_cdm.mem[10][21] (+)
|-- (1)top.u_system_wrapper.u_cdm.mem[10][22] (+)
|-- (1)top.u_system_wrapper.u_cdm.mem[10][23] (+)
|-- (1)top.u_system_wrapper.u_cdm.mem[10][24] (+)
|-- (1)top.u_system_wrapper.u_cdm.mem[10][25] (+)
|-- (1)top.u_system_wrapper.u_cdm.mem[10][26] (+)
|-- (1)top.u_system_wrapper.u_cdm.mem[10][27] (+)
|-- (1)top.u_system_wrapper.u_cdm.mem[10][28] (+)
|-- (1)top.u_system_wrapper.u_cdm.mem[10][29] (+)
|-- (1)top.u_system_wrapper.u_cdm.mem[10][30] (+)
|-- (1)top.u_system_wrapper.u_cdm.mem[10][31] (+)
|-- (1)top.u_system_wrapper.u_cdm.mem[10][32] (+)
|-- (1)top.u_system_wrapper.u_cdm.mem[9][0] (+)
|-- (1)top.u_system_wrapper.u_cdm.mem[9][1] (+)
|-- (1)top.u_system_wrapper.u_cdm.mem[9][2] (+)
|-- (1)top.u_system_wrapper.u_cdm.mem[9][3] (+)
|-- (1)top.u_system_wrapper.u_cdm.mem[9][4] (+)
|-- (1)top.u_system_wrapper.u_cdm.mem[9][5] (+)
|-- (1)top.u_system_wrapper.u_cdm.mem[9][6] (+)
|-- (1)top.u_system_wrapper.u_cdm.mem[9][7] (+)
|-- (1)top.u_system_wrapper.u_cdm.mem[9][8] (+)
|-- (1)top.u_system_wrapper.u_cdm.mem[9][9] (+)
|-- (1)top.u_system_wrapper.u_cdm.mem[9][10] (+)
|-- (1)top.u_system_wrapper.u_cdm.mem[9][11] (+)
|-- (1)top.u_system_wrapper.u_cdm.mem[9][12] (+)
|-- (1)top.u_system_wrapper.u_cdm.mem[9][13] (+)
|-- (1)top.u_system_wrapper.u_cdm.mem[9][14] (+)
|-- (1)top.u_system_wrapper.u_cdm.mem[9][15] (+)
|-- (1)top.u_system_wrapper.u_cdm.mem[9][16] (+)
|-- (1)top.u_system_wrapper.u_cdm.mem[9][17] (+)
|-- (1)top.u_system_wrapper.u_cdm.mem[9][18] (+)
|-- (1)top.u_system_wrapper.u_cdm.mem[9][19] (+)
|-- (1)top.u_system_wrapper.u_cdm.mem[9][20] (+)
|-- (1)top.u_system_wrapper.u_cdm.mem[9][21] (+)
|-- (1)top.u_system_wrapper.u_cdm.mem[9][22] (+)
|-- (1)top.u_system_wrapper.u_cdm.mem[9][23] (+)
|-- (1)top.u_system_wrapper.u_cdm.mem[9][24] (+)
|-- (1)top.u_system_wrapper.u_cdm.mem[9][25] (+)
|-- (1)top.u_system_wrapper.u_cdm.mem[9][26] (+)
|-- (1)top.u_system_wrapper.u_cdm.mem[9][27] (+)
|-- (1)top.u_system_wrapper.u_cdm.mem[9][28] (+)
|-- (1)top.u_system_wrapper.u_cdm.mem[9][29] (+)
|-- (1)top.u_system_wrapper.u_cdm.mem[9][30] (+)
|-- (1)top.u_system_wrapper.u_cdm.mem[9][31] (+)
|-- (1)top.u_system_wrapper.u_cdm.mem[9][32] (+)
|-- (1)top.u_system_wrapper.u_cdm.mem[8][0] (+)
|-- (1)top.u_system_wrapper.u_cdm.mem[8][1] (+)
|-- (1)top.u_system_wrapper.u_cdm.mem[8][2] (+)
|-- (1)top.u_system_wrapper.u_cdm.mem[8][3] (+)
|-- (1)top.u_system_wrapper.u_cdm.mem[8][4] (+)
|-- (1)top.u_system_wrapper.u_cdm.mem[8][5] (+)
|-- (1)top.u_system_wrapper.u_cdm.mem[8][6] (+)
|-- (1)top.u_system_wrapper.u_cdm.mem[8][7] (+)
|-- (1)top.u_system_wrapper.u_cdm.mem[8][8] (+)
|-- (1)top.u_system_wrapper.u_cdm.mem[8][9] (+)
|-- (1)top.u_system_wrapper.u_cdm.mem[8][10] (+)
|-- (1)top.u_system_wrapper.u_cdm.mem[8][11] (+)
|-- (1)top.u_system_wrapper.u_cdm.mem[8][12] (+)
|-- (1)top.u_system_wrapper.u_cdm.mem[8][13] (+)
|-- (1)top.u_system_wrapper.u_cdm.mem[8][14] (+)
|-- (1)top.u_system_wrapper.u_cdm.mem[8][15] (+)
|-- (1)top.u_system_wrapper.u_cdm.mem[8][16] (+)
|-- (1)top.u_system_wrapper.u_cdm.mem[8][17] (+)
|-- (1)top.u_system_wrapper.u_cdm.mem[8][18] (+)
|-- (1)top.u_system_wrapper.u_cdm.mem[8][19] (+)
|-- (1)top.u_system_wrapper.u_cdm.mem[8][20] (+)
|-- (1)top.u_system_wrapper.u_cdm.mem[8][21] (+)
|-- (1)top.u_system_wrapper.u_cdm.mem[8][22] (+)
|-- (1)top.u_system_wrapper.u_cdm.mem[8][23] (+)
|-- (1)top.u_system_wrapper.u_cdm.mem[8][24] (+)
|-- (1)top.u_system_wrapper.u_cdm.mem[8][25] (+)
|-- (1)top.u_system_wrapper.u_cdm.mem[8][26] (+)
|-- (1)top.u_system_wrapper.u_cdm.mem[8][27] (+)
|-- (1)top.u_system_wrapper.u_cdm.mem[8][28] (+)
|-- (1)top.u_system_wrapper.u_cdm.mem[8][29] (+)
|-- (1)top.u_system_wrapper.u_cdm.mem[8][30] (+)
|-- (1)top.u_system_wrapper.u_cdm.mem[8][31] (+)
|-- (1)top.u_system_wrapper.u_cdm.mem[8][32] (+)
|-- (1)top.u_system_wrapper.u_cdm.mem[7][0] (+)
|-- (1)top.u_system_wrapper.u_cdm.mem[7][1] (+)
|-- (1)top.u_system_wrapper.u_cdm.mem[7][2] (+)
|-- (1)top.u_system_wrapper.u_cdm.mem[7][3] (+)
|-- (1)top.u_system_wrapper.u_cdm.mem[7][4] (+)
|-- (1)top.u_system_wrapper.u_cdm.mem[7][5] (+)
|-- (1)top.u_system_wrapper.u_cdm.mem[7][6] (+)
|-- (1)top.u_system_wrapper.u_cdm.mem[7][7] (+)
|-- (1)top.u_system_wrapper.u_cdm.mem[7][8] (+)
|-- (1)top.u_system_wrapper.u_cdm.mem[7][9] (+)
|-- (1)top.u_system_wrapper.u_cdm.mem[7][10] (+)
|-- (1)top.u_system_wrapper.u_cdm.mem[7][11] (+)
|-- (1)top.u_system_wrapper.u_cdm.mem[7][12] (+)
|-- (1)top.u_system_wrapper.u_cdm.mem[7][13] (+)
|-- (1)top.u_system_wrapper.u_cdm.mem[7][14] (+)
|-- (1)top.u_system_wrapper.u_cdm.mem[7][15] (+)
|-- (1)top.u_system_wrapper.u_cdm.mem[7][16] (+)
|-- (1)top.u_system_wrapper.u_cdm.mem[7][17] (+)
|-- (1)top.u_system_wrapper.u_cdm.mem[7][18] (+)
|-- (1)top.u_system_wrapper.u_cdm.mem[7][19] (+)
|-- (1)top.u_system_wrapper.u_cdm.mem[7][20] (+)
|-- (1)top.u_system_wrapper.u_cdm.mem[7][21] (+)
|-- (1)top.u_system_wrapper.u_cdm.mem[7][22] (+)
|-- (1)top.u_system_wrapper.u_cdm.mem[7][23] (+)
|-- (1)top.u_system_wrapper.u_cdm.mem[7][24] (+)
|-- (1)top.u_system_wrapper.u_cdm.mem[7][25] (+)
|-- (1)top.u_system_wrapper.u_cdm.mem[7][26] (+)
|-- (1)top.u_system_wrapper.u_cdm.mem[7][27] (+)
|-- (1)top.u_system_wrapper.u_cdm.mem[7][28] (+)
|-- (1)top.u_system_wrapper.u_cdm.mem[7][29] (+)
|-- (1)top.u_system_wrapper.u_cdm.mem[7][30] (+)
|-- (1)top.u_system_wrapper.u_cdm.mem[7][31] (+)
|-- (1)top.u_system_wrapper.u_cdm.mem[7][32] (+)
|-- (1)top.u_system_wrapper.u_cdm.mem[6][0] (+)
|-- (1)top.u_system_wrapper.u_cdm.mem[6][1] (+)
|-- (1)top.u_system_wrapper.u_cdm.mem[6][2] (+)
|-- (1)top.u_system_wrapper.u_cdm.mem[6][3] (+)
|-- (1)top.u_system_wrapper.u_cdm.mem[6][4] (+)
|-- (1)top.u_system_wrapper.u_cdm.mem[6][5] (+)
|-- (1)top.u_system_wrapper.u_cdm.mem[6][6] (+)
|-- (1)top.u_system_wrapper.u_cdm.mem[6][7] (+)
|-- (1)top.u_system_wrapper.u_cdm.mem[6][8] (+)
|-- (1)top.u_system_wrapper.u_cdm.mem[6][9] (+)
|-- (1)top.u_system_wrapper.u_cdm.mem[6][10] (+)
|-- (1)top.u_system_wrapper.u_cdm.mem[6][11] (+)
|-- (1)top.u_system_wrapper.u_cdm.mem[6][12] (+)
|-- (1)top.u_system_wrapper.u_cdm.mem[6][13] (+)
|-- (1)top.u_system_wrapper.u_cdm.mem[6][14] (+)
|-- (1)top.u_system_wrapper.u_cdm.mem[6][15] (+)
|-- (1)top.u_system_wrapper.u_cdm.mem[6][16] (+)
|-- (1)top.u_system_wrapper.u_cdm.mem[6][17] (+)
|-- (1)top.u_system_wrapper.u_cdm.mem[6][18] (+)
|-- (1)top.u_system_wrapper.u_cdm.mem[6][19] (+)
|-- (1)top.u_system_wrapper.u_cdm.mem[6][20] (+)
|-- (1)top.u_system_wrapper.u_cdm.mem[6][21] (+)
|-- (1)top.u_system_wrapper.u_cdm.mem[6][22] (+)
|-- (1)top.u_system_wrapper.u_cdm.mem[6][23] (+)
|-- (1)top.u_system_wrapper.u_cdm.mem[6][24] (+)
|-- (1)top.u_system_wrapper.u_cdm.mem[6][25] (+)
|-- (1)top.u_system_wrapper.u_cdm.mem[6][26] (+)
|-- (1)top.u_system_wrapper.u_cdm.mem[6][27] (+)
|-- (1)top.u_system_wrapper.u_cdm.mem[6][28] (+)
|-- (1)top.u_system_wrapper.u_cdm.mem[6][29] (+)
|-- (1)top.u_system_wrapper.u_cdm.mem[6][30] (+)
|-- (1)top.u_system_wrapper.u_cdm.mem[6][31] (+)
|-- (1)top.u_system_wrapper.u_cdm.mem[6][32] (+)
|-- (1)top.u_system_wrapper.u_cdm.mem[5][0] (+)
|-- (1)top.u_system_wrapper.u_cdm.mem[5][1] (+)
|-- (1)top.u_system_wrapper.u_cdm.mem[5][2] (+)
|-- (1)top.u_system_wrapper.u_cdm.mem[5][3] (+)
|-- (1)top.u_system_wrapper.u_cdm.mem[5][4] (+)
|-- (1)top.u_system_wrapper.u_cdm.mem[5][5] (+)
|-- (1)top.u_system_wrapper.u_cdm.mem[5][6] (+)
|-- (1)top.u_system_wrapper.u_cdm.mem[5][7] (+)
|-- (1)top.u_system_wrapper.u_cdm.mem[5][8] (+)
|-- (1)top.u_system_wrapper.u_cdm.mem[5][9] (+)
|-- (1)top.u_system_wrapper.u_cdm.mem[5][10] (+)
|-- (1)top.u_system_wrapper.u_cdm.mem[5][11] (+)
|-- (1)top.u_system_wrapper.u_cdm.mem[5][12] (+)
|-- (1)top.u_system_wrapper.u_cdm.mem[5][13] (+)
|-- (1)top.u_system_wrapper.u_cdm.mem[5][14] (+)
|-- (1)top.u_system_wrapper.u_cdm.mem[5][15] (+)
|-- (1)top.u_system_wrapper.u_cdm.mem[5][16] (+)
|-- (1)top.u_system_wrapper.u_cdm.mem[5][17] (+)
|-- (1)top.u_system_wrapper.u_cdm.mem[5][18] (+)
|-- (1)top.u_system_wrapper.u_cdm.mem[5][19] (+)
|-- (1)top.u_system_wrapper.u_cdm.mem[5][20] (+)
|-- (1)top.u_system_wrapper.u_cdm.mem[5][21] (+)
|-- (1)top.u_system_wrapper.u_cdm.mem[5][22] (+)
|-- (1)top.u_system_wrapper.u_cdm.mem[5][23] (+)
|-- (1)top.u_system_wrapper.u_cdm.mem[5][24] (+)
|-- (1)top.u_system_wrapper.u_cdm.mem[5][25] (+)
|-- (1)top.u_system_wrapper.u_cdm.mem[5][26] (+)
|-- (1)top.u_system_wrapper.u_cdm.mem[5][27] (+)
|-- (1)top.u_system_wrapper.u_cdm.mem[5][28] (+)
|-- (1)top.u_system_wrapper.u_cdm.mem[5][29] (+)
|-- (1)top.u_system_wrapper.u_cdm.mem[5][30] (+)
|-- (1)top.u_system_wrapper.u_cdm.mem[5][31] (+)
|-- (1)top.u_system_wrapper.u_cdm.mem[5][32] (+)
|-- (1)top.u_system_wrapper.u_cdm.mem[4][0] (+)
|-- (1)top.u_system_wrapper.u_cdm.mem[4][1] (+)
|-- (1)top.u_system_wrapper.u_cdm.mem[4][2] (+)
|-- (1)top.u_system_wrapper.u_cdm.mem[4][3] (+)
|-- (1)top.u_system_wrapper.u_cdm.mem[4][4] (+)
|-- (1)top.u_system_wrapper.u_cdm.mem[4][5] (+)
|-- (1)top.u_system_wrapper.u_cdm.mem[4][6] (+)
|-- (1)top.u_system_wrapper.u_cdm.mem[4][7] (+)
|-- (1)top.u_system_wrapper.u_cdm.mem[4][8] (+)
|-- (1)top.u_system_wrapper.u_cdm.mem[4][9] (+)
|-- (1)top.u_system_wrapper.u_cdm.mem[4][10] (+)
|-- (1)top.u_system_wrapper.u_cdm.mem[4][11] (+)
|-- (1)top.u_system_wrapper.u_cdm.mem[4][12] (+)
|-- (1)top.u_system_wrapper.u_cdm.mem[4][13] (+)
|-- (1)top.u_system_wrapper.u_cdm.mem[4][14] (+)
|-- (1)top.u_system_wrapper.u_cdm.mem[4][15] (+)
|-- (1)top.u_system_wrapper.u_cdm.mem[4][16] (+)
|-- (1)top.u_system_wrapper.u_cdm.mem[4][17] (+)
|-- (1)top.u_system_wrapper.u_cdm.mem[4][18] (+)
|-- (1)top.u_system_wrapper.u_cdm.mem[4][19] (+)
|-- (1)top.u_system_wrapper.u_cdm.mem[4][20] (+)
|-- (1)top.u_system_wrapper.u_cdm.mem[4][21] (+)
|-- (1)top.u_system_wrapper.u_cdm.mem[4][22] (+)
|-- (1)top.u_system_wrapper.u_cdm.mem[4][23] (+)
|-- (1)top.u_system_wrapper.u_cdm.mem[4][24] (+)
|-- (1)top.u_system_wrapper.u_cdm.mem[4][25] (+)
|-- (1)top.u_system_wrapper.u_cdm.mem[4][26] (+)
|-- (1)top.u_system_wrapper.u_cdm.mem[4][27] (+)
|-- (1)top.u_system_wrapper.u_cdm.mem[4][28] (+)
|-- (1)top.u_system_wrapper.u_cdm.mem[4][29] (+)
|-- (1)top.u_system_wrapper.u_cdm.mem[4][30] (+)
|-- (1)top.u_system_wrapper.u_cdm.mem[4][31] (+)
|-- (1)top.u_system_wrapper.u_cdm.mem[4][32] (+)
|-- (1)top.u_system_wrapper.u_cdm.mem[3][0] (+)
|-- (1)top.u_system_wrapper.u_cdm.mem[3][1] (+)
|-- (1)top.u_system_wrapper.u_cdm.mem[3][2] (+)
|-- (1)top.u_system_wrapper.u_cdm.mem[3][3] (+)
|-- (1)top.u_system_wrapper.u_cdm.mem[3][4] (+)
|-- (1)top.u_system_wrapper.u_cdm.mem[3][5] (+)
|-- (1)top.u_system_wrapper.u_cdm.mem[3][6] (+)
|-- (1)top.u_system_wrapper.u_cdm.mem[3][7] (+)
|-- (1)top.u_system_wrapper.u_cdm.mem[3][8] (+)
|-- (1)top.u_system_wrapper.u_cdm.mem[3][9] (+)
|-- (1)top.u_system_wrapper.u_cdm.mem[3][10] (+)
|-- (1)top.u_system_wrapper.u_cdm.mem[3][11] (+)
|-- (1)top.u_system_wrapper.u_cdm.mem[3][12] (+)
|-- (1)top.u_system_wrapper.u_cdm.mem[3][13] (+)
|-- (1)top.u_system_wrapper.u_cdm.mem[3][14] (+)
|-- (1)top.u_system_wrapper.u_cdm.mem[3][15] (+)
|-- (1)top.u_system_wrapper.u_cdm.mem[3][16] (+)
|-- (1)top.u_system_wrapper.u_cdm.mem[3][17] (+)
|-- (1)top.u_system_wrapper.u_cdm.mem[3][18] (+)
|-- (1)top.u_system_wrapper.u_cdm.mem[3][19] (+)
|-- (1)top.u_system_wrapper.u_cdm.mem[3][20] (+)
|-- (1)top.u_system_wrapper.u_cdm.mem[3][21] (+)
|-- (1)top.u_system_wrapper.u_cdm.mem[3][22] (+)
|-- (1)top.u_system_wrapper.u_cdm.mem[3][23] (+)
|-- (1)top.u_system_wrapper.u_cdm.mem[3][24] (+)
|-- (1)top.u_system_wrapper.u_cdm.mem[3][25] (+)
|-- (1)top.u_system_wrapper.u_cdm.mem[3][26] (+)
|-- (1)top.u_system_wrapper.u_cdm.mem[3][27] (+)
|-- (1)top.u_system_wrapper.u_cdm.mem[3][28] (+)
|-- (1)top.u_system_wrapper.u_cdm.mem[3][29] (+)
|-- (1)top.u_system_wrapper.u_cdm.mem[3][30] (+)
|-- (1)top.u_system_wrapper.u_cdm.mem[3][31] (+)
|-- (1)top.u_system_wrapper.u_cdm.mem[3][32] (+)
|-- (1)top.u_system_wrapper.u_cdm.mem[2][0] (+)
|-- (1)top.u_system_wrapper.u_cdm.mem[2][1] (+)
|-- (1)top.u_system_wrapper.u_cdm.mem[2][2] (+)
|-- (1)top.u_system_wrapper.u_cdm.mem[2][3] (+)
|-- (1)top.u_system_wrapper.u_cdm.mem[2][4] (+)
|-- (1)top.u_system_wrapper.u_cdm.mem[2][5] (+)
|-- (1)top.u_system_wrapper.u_cdm.mem[2][6] (+)
|-- (1)top.u_system_wrapper.u_cdm.mem[2][7] (+)
|-- (1)top.u_system_wrapper.u_cdm.mem[2][8] (+)
|-- (1)top.u_system_wrapper.u_cdm.mem[2][9] (+)
|-- (1)top.u_system_wrapper.u_cdm.mem[2][10] (+)
|-- (1)top.u_system_wrapper.u_cdm.mem[2][11] (+)
|-- (1)top.u_system_wrapper.u_cdm.mem[2][12] (+)
|-- (1)top.u_system_wrapper.u_cdm.mem[2][13] (+)
|-- (1)top.u_system_wrapper.u_cdm.mem[2][14] (+)
|-- (1)top.u_system_wrapper.u_cdm.mem[2][15] (+)
|-- (1)top.u_system_wrapper.u_cdm.mem[2][16] (+)
|-- (1)top.u_system_wrapper.u_cdm.mem[2][17] (+)
|-- (1)top.u_system_wrapper.u_cdm.mem[2][18] (+)
|-- (1)top.u_system_wrapper.u_cdm.mem[2][19] (+)
|-- (1)top.u_system_wrapper.u_cdm.mem[2][20] (+)
|-- (1)top.u_system_wrapper.u_cdm.mem[2][21] (+)
|-- (1)top.u_system_wrapper.u_cdm.mem[2][22] (+)
|-- (1)top.u_system_wrapper.u_cdm.mem[2][23] (+)
|-- (1)top.u_system_wrapper.u_cdm.mem[2][24] (+)
|-- (1)top.u_system_wrapper.u_cdm.mem[2][25] (+)
|-- (1)top.u_system_wrapper.u_cdm.mem[2][26] (+)
|-- (1)top.u_system_wrapper.u_cdm.mem[2][27] (+)
|-- (1)top.u_system_wrapper.u_cdm.mem[2][28] (+)
|-- (1)top.u_system_wrapper.u_cdm.mem[2][29] (+)
|-- (1)top.u_system_wrapper.u_cdm.mem[2][30] (+)
|-- (1)top.u_system_wrapper.u_cdm.mem[2][31] (+)
|-- (1)top.u_system_wrapper.u_cdm.mem[2][32] (+)
|-- (1)top.u_system_wrapper.u_cdm.mem[1][0] (+)
|-- (1)top.u_system_wrapper.u_cdm.mem[1][1] (+)
|-- (1)top.u_system_wrapper.u_cdm.mem[1][2] (+)
|-- (1)top.u_system_wrapper.u_cdm.mem[1][3] (+)
|-- (1)top.u_system_wrapper.u_cdm.mem[1][4] (+)
|-- (1)top.u_system_wrapper.u_cdm.mem[1][5] (+)
|-- (1)top.u_system_wrapper.u_cdm.mem[1][6] (+)
|-- (1)top.u_system_wrapper.u_cdm.mem[1][7] (+)
|-- (1)top.u_system_wrapper.u_cdm.mem[1][8] (+)
|-- (1)top.u_system_wrapper.u_cdm.mem[1][9] (+)
|-- (1)top.u_system_wrapper.u_cdm.mem[1][10] (+)
|-- (1)top.u_system_wrapper.u_cdm.mem[1][11] (+)
|-- (1)top.u_system_wrapper.u_cdm.mem[1][12] (+)
|-- (1)top.u_system_wrapper.u_cdm.mem[1][13] (+)
|-- (1)top.u_system_wrapper.u_cdm.mem[1][14] (+)
|-- (1)top.u_system_wrapper.u_cdm.mem[1][15] (+)
|-- (1)top.u_system_wrapper.u_cdm.mem[1][16] (+)
|-- (1)top.u_system_wrapper.u_cdm.mem[1][17] (+)
|-- (1)top.u_system_wrapper.u_cdm.mem[1][18] (+)
|-- (1)top.u_system_wrapper.u_cdm.mem[1][19] (+)
|-- (1)top.u_system_wrapper.u_cdm.mem[1][20] (+)
|-- (1)top.u_system_wrapper.u_cdm.mem[1][21] (+)
|-- (1)top.u_system_wrapper.u_cdm.mem[1][22] (+)
|-- (1)top.u_system_wrapper.u_cdm.mem[1][23] (+)
|-- (1)top.u_system_wrapper.u_cdm.mem[1][24] (+)
|-- (1)top.u_system_wrapper.u_cdm.mem[1][25] (+)
|-- (1)top.u_system_wrapper.u_cdm.mem[1][26] (+)
|-- (1)top.u_system_wrapper.u_cdm.mem[1][27] (+)
|-- (1)top.u_system_wrapper.u_cdm.mem[1][28] (+)
|-- (1)top.u_system_wrapper.u_cdm.mem[1][29] (+)
|-- (1)top.u_system_wrapper.u_cdm.mem[1][30] (+)
|-- (1)top.u_system_wrapper.u_cdm.mem[1][31] (+)
|-- (1)top.u_system_wrapper.u_cdm.mem[1][32] (+)
|-- (1)top.u_system_wrapper.u_cdm.mem[0][0] (+)
|-- (1)top.u_system_wrapper.u_cdm.mem[0][1] (+)
|-- (1)top.u_system_wrapper.u_cdm.mem[0][2] (+)
|-- (1)top.u_system_wrapper.u_cdm.mem[0][3] (+)
|-- (1)top.u_system_wrapper.u_cdm.mem[0][4] (+)
|-- (1)top.u_system_wrapper.u_cdm.mem[0][5] (+)
|-- (1)top.u_system_wrapper.u_cdm.mem[0][6] (+)
|-- (1)top.u_system_wrapper.u_cdm.mem[0][7] (+)
|-- (1)top.u_system_wrapper.u_cdm.mem[0][8] (+)
|-- (1)top.u_system_wrapper.u_cdm.mem[0][9] (+)
|-- (1)top.u_system_wrapper.u_cdm.mem[0][10] (+)
|-- (1)top.u_system_wrapper.u_cdm.mem[0][11] (+)
|-- (1)top.u_system_wrapper.u_cdm.mem[0][12] (+)
|-- (1)top.u_system_wrapper.u_cdm.mem[0][13] (+)
|-- (1)top.u_system_wrapper.u_cdm.mem[0][14] (+)
|-- (1)top.u_system_wrapper.u_cdm.mem[0][15] (+)
|-- (1)top.u_system_wrapper.u_cdm.mem[0][16] (+)
|-- (1)top.u_system_wrapper.u_cdm.mem[0][17] (+)
|-- (1)top.u_system_wrapper.u_cdm.mem[0][18] (+)
|-- (1)top.u_system_wrapper.u_cdm.mem[0][19] (+)
|-- (1)top.u_system_wrapper.u_cdm.mem[0][20] (+)
|-- (1)top.u_system_wrapper.u_cdm.mem[0][21] (+)
|-- (1)top.u_system_wrapper.u_cdm.mem[0][22] (+)
|-- (1)top.u_system_wrapper.u_cdm.mem[0][23] (+)
|-- (1)top.u_system_wrapper.u_cdm.mem[0][24] (+)
|-- (1)top.u_system_wrapper.u_cdm.mem[0][25] (+)
|-- (1)top.u_system_wrapper.u_cdm.mem[0][26] (+)
|-- (1)top.u_system_wrapper.u_cdm.mem[0][27] (+)
|-- (1)top.u_system_wrapper.u_cdm.mem[0][28] (+)
|-- (1)top.u_system_wrapper.u_cdm.mem[0][29] (+)
|-- (1)top.u_system_wrapper.u_cdm.mem[0][30] (+)
|-- (1)top.u_system_wrapper.u_cdm.mem[0][31] (+)
|-- (1)top.u_system_wrapper.u_cdm.mem[0][32] (+)
`-- (1)top.err_toggle (+)
============================================
ROOT CLOCK: top.i_top_cxs_clk
|-- (1)top.u_cxs_if.u_flit_fifo.mem[15][0] (+)
|-- (1)top.u_cxs_if.u_flit_fifo.mem[15][1] (+)
|-- (1)top.u_cxs_if.u_flit_fifo.mem[15][2] (+)
|-- (1)top.u_cxs_if.u_flit_fifo.mem[15][3] (+)
|-- (1)top.u_cxs_if.u_flit_fifo.mem[15][4] (+)
|-- (1)top.u_cxs_if.u_flit_fifo.mem[15][5] (+)
|-- (1)top.u_cxs_if.u_flit_fifo.mem[15][6] (+)
|-- (1)top.u_cxs_if.u_flit_fifo.mem[15][7] (+)
|-- (1)top.u_cxs_if.u_flit_fifo.mem[15][8] (+)
|-- (1)top.u_cxs_if.u_flit_fifo.mem[15][9] (+)
|-- (1)top.u_cxs_if.u_flit_fifo.mem[15][10] (+)
|-- (1)top.u_cxs_if.u_flit_fifo.mem[15][11] (+)
|-- (1)top.u_cxs_if.u_flit_fifo.mem[15][12] (+)
|-- (1)top.u_cxs_if.u_flit_fifo.mem[15][13] (+)
|-- (1)top.u_cxs_if.u_flit_fifo.mem[15][14] (+)
|-- (1)top.u_cxs_if.u_flit_fifo.mem[15][15] (+)
|-- (1)top.u_cxs_if.u_flit_fifo.mem[15][16] (+)
|-- (1)top.u_cxs_if.u_flit_fifo.mem[15][17] (+)
|-- (1)top.u_cxs_if.u_flit_fifo.mem[15][18] (+)
|-- (1)top.u_cxs_if.u_flit_fifo.mem[15][19] (+)
|-- (1)top.u_cxs_if.u_flit_fifo.mem[15][20] (+)
|-- (1)top.u_cxs_if.u_flit_fifo.mem[15][21] (+)
|-- (1)top.u_cxs_if.u_flit_fifo.mem[15][22] (+)
|-- (1)top.u_cxs_if.u_flit_fifo.mem[15][23] (+)
|-- (1)top.u_cxs_if.u_flit_fifo.mem[15][24] (+)
|-- (1)top.u_cxs_if.u_flit_fifo.mem[15][25] (+)
|-- (1)top.u_cxs_if.u_flit_fifo.mem[15][26] (+)
|-- (1)top.u_cxs_if.u_flit_fifo.mem[15][27] (+)
|-- (1)top.u_cxs_if.u_flit_fifo.mem[15][28] (+)
|-- (1)top.u_cxs_if.u_flit_fifo.mem[15][29] (+)
|-- (1)top.u_cxs_if.u_flit_fifo.mem[15][30] (+)
|-- (1)top.u_cxs_if.u_flit_fifo.mem[15][31] (+)
|-- (1)top.u_cxs_if.u_flit_fifo.mem[15][32] (+)
|-- (1)top.u_cxs_if.u_flit_fifo.mem[15][33] (+)
|-- (1)top.u_cxs_if.u_flit_fifo.mem[15][34] (+)
|-- (1)top.u_cxs_if.u_flit_fifo.mem[15][35] (+)
|-- (1)top.u_cxs_if.u_flit_fifo.mem[15][36] (+)
|-- (1)top.u_cxs_if.u_flit_fifo.mem[15][37] (+)
|-- (1)top.u_cxs_if.u_flit_fifo.mem[15][38] (+)
|-- (1)top.u_cxs_if.u_flit_fifo.mem[15][39] (+)
|-- (1)top.u_cxs_if.u_flit_fifo.mem[15][40] (+)
|-- (1)top.u_cxs_if.u_flit_fifo.mem[15][41] (+)
|-- (1)top.u_cxs_if.u_flit_fifo.mem[15][42] (+)
|-- (1)top.u_cxs_if.u_flit_fifo.mem[15][43] (+)
|-- (1)top.u_cxs_if.u_flit_fifo.mem[15][44] (+)
|-- (1)top.u_cxs_if.u_flit_fifo.mem[15][45] (+)
|-- (1)top.u_cxs_if.u_flit_fifo.mem[15][46] (+)
|-- (1)top.u_cxs_if.u_flit_fifo.mem[15][47] (+)
|-- (1)top.u_cxs_if.u_flit_fifo.mem[15][48] (+)
|-- (1)top.u_cxs_if.u_flit_fifo.mem[15][49] (+)
|-- (1)top.u_cxs_if.u_flit_fifo.mem[15][50] (+)
|-- (1)top.u_cxs_if.u_flit_fifo.mem[15][51] (+)
|-- (1)top.u_cxs_if.u_flit_fifo.mem[15][52] (+)
|-- (1)top.u_cxs_if.u_flit_fifo.mem[15][53] (+)
|-- (1)top.u_cxs_if.u_flit_fifo.mem[15][54] (+)
|-- (1)top.u_cxs_if.u_flit_fifo.mem[15][55] (+)
|-- (1)top.u_cxs_if.u_flit_fifo.mem[15][56] (+)
|-- (1)top.u_cxs_if.u_flit_fifo.mem[15][57] (+)
|-- (1)top.u_cxs_if.u_flit_fifo.mem[15][58] (+)
|-- (1)top.u_cxs_if.u_flit_fifo.mem[15][59] (+)
|-- (1)top.u_cxs_if.u_flit_fifo.mem[15][60] (+)
|-- (1)top.u_cxs_if.u_flit_fifo.mem[15][61] (+)
|-- (1)top.u_cxs_if.u_flit_fifo.mem[15][62] (+)
|-- (1)top.u_cxs_if.u_flit_fifo.mem[15][63] (+)
|-- (1)top.u_cxs_if.u_flit_fifo.mem[15][64] (+)
|-- (1)top.u_cxs_if.u_flit_fifo.mem[15][65] (+)
|-- (1)top.u_cxs_if.u_flit_fifo.mem[15][66] (+)
|-- (1)top.u_cxs_if.u_flit_fifo.mem[15][67] (+)
|-- (1)top.u_cxs_if.u_flit_fifo.mem[15][68] (+)
|-- (1)top.u_cxs_if.u_flit_fifo.mem[15][69] (+)
|-- (1)top.u_cxs_if.u_flit_fifo.mem[15][70] (+)
|-- (1)top.u_cxs_if.u_flit_fifo.mem[15][71] (+)
|-- (1)top.u_cxs_if.u_flit_fifo.mem[15][72] (+)
|-- (1)top.u_cxs_if.u_flit_fifo.mem[15][73] (+)
|-- (1)top.u_cxs_if.u_flit_fifo.mem[15][74] (+)
|-- (1)top.u_cxs_if.u_flit_fifo.mem[15][75] (+)
|-- (1)top.u_cxs_if.u_flit_fifo.mem[15][76] (+)
|-- (1)top.u_cxs_if.u_flit_fifo.mem[15][77] (+)
|-- (1)top.u_cxs_if.u_flit_fifo.mem[15][78] (+)
|-- (1)top.u_cxs_if.u_flit_fifo.mem[15][79] (+)
|-- (1)top.u_cxs_if.u_flit_fifo.mem[15][80] (+)
|-- (1)top.u_cxs_if.u_flit_fifo.mem[15][81] (+)
|-- (1)top.u_cxs_if.u_flit_fifo.mem[15][82] (+)
|-- (1)top.u_cxs_if.u_flit_fifo.mem[15][83] (+)
|-- (1)top.u_cxs_if.u_flit_fifo.mem[15][84] (+)
|-- (1)top.u_cxs_if.u_flit_fifo.mem[15][85] (+)
|-- (1)top.u_cxs_if.u_flit_fifo.mem[15][86] (+)
|-- (1)top.u_cxs_if.u_flit_fifo.mem[15][87] (+)
|-- (1)top.u_cxs_if.u_flit_fifo.mem[15][88] (+)
|-- (1)top.u_cxs_if.u_flit_fifo.mem[15][89] (+)
|-- (1)top.u_cxs_if.u_flit_fifo.mem[15][90] (+)
|-- (1)top.u_cxs_if.u_flit_fifo.mem[15][91] (+)
|-- (1)top.u_cxs_if.u_flit_fifo.mem[15][92] (+)
|-- (1)top.u_cxs_if.u_flit_fifo.mem[15][93] (+)
|-- (1)top.u_cxs_if.u_flit_fifo.mem[15][94] (+)
|-- (1)top.u_cxs_if.u_flit_fifo.mem[15][95] (+)
|-- (1)top.u_cxs_if.u_flit_fifo.mem[15][96] (+)
|-- (1)top.u_cxs_if.u_flit_fifo.mem[15][97] (+)
|-- (1)top.u_cxs_if.u_flit_fifo.mem[15][98] (+)
|-- (1)top.u_cxs_if.u_flit_fifo.mem[15][99] (+)
|-- (1)top.u_cxs_if.u_flit_fifo.mem[15][100] (+)
|-- (1)top.u_cxs_if.u_flit_fifo.mem[15][101] (+)
|-- (1)top.u_cxs_if.u_flit_fifo.mem[15][102] (+)
|-- (1)top.u_cxs_if.u_flit_fifo.mem[15][103] (+)
|-- (1)top.u_cxs_if.u_flit_fifo.mem[15][104] (+)
|-- (1)top.u_cxs_if.u_flit_fifo.mem[15][105] (+)
|-- (1)top.u_cxs_if.u_flit_fifo.mem[15][106] (+)
|-- (1)top.u_cxs_if.u_flit_fifo.mem[15][107] (+)
|-- (1)top.u_cxs_if.u_flit_fifo.mem[15][108] (+)
|-- (1)top.u_cxs_if.u_flit_fifo.mem[15][109] (+)
|-- (1)top.u_cxs_if.u_flit_fifo.mem[15][110] (+)
|-- (1)top.u_cxs_if.u_flit_fifo.mem[15][111] (+)
|-- (1)top.u_cxs_if.u_flit_fifo.mem[15][112] (+)
|-- (1)top.u_cxs_if.u_flit_fifo.mem[15][113] (+)
|-- (1)top.u_cxs_if.u_flit_fifo.mem[15][114] (+)
|-- (1)top.u_cxs_if.u_flit_fifo.mem[15][115] (+)
|-- (1)top.u_cxs_if.u_flit_fifo.mem[15][116] (+)
|-- (1)top.u_cxs_if.u_flit_fifo.mem[15][117] (+)
|-- (1)top.u_cxs_if.u_flit_fifo.mem[15][118] (+)
|-- (1)top.u_cxs_if.u_flit_fifo.mem[15][119] (+)
|-- (1)top.u_cxs_if.u_flit_fifo.mem[15][120] (+)
|-- (1)top.u_cxs_if.u_flit_fifo.mem[15][121] (+)
|-- (1)top.u_cxs_if.u_flit_fifo.mem[15][122] (+)
|-- (1)top.u_cxs_if.u_flit_fifo.mem[15][123] (+)
|-- (1)top.u_cxs_if.u_flit_fifo.mem[15][124] (+)
|-- (1)top.u_cxs_if.u_flit_fifo.mem[15][125] (+)
|-- (1)top.u_cxs_if.u_flit_fifo.mem[15][126] (+)
|-- (1)top.u_cxs_if.u_flit_fifo.mem[15][127] (+)
|-- (1)top.u_cxs_if.u_flit_fifo.mem[15][128] (+)
|-- (1)top.u_cxs_if.u_flit_fifo.mem[15][129] (+)
|-- (1)top.u_cxs_if.u_flit_fifo.mem[15][130] (+)
|-- (1)top.u_cxs_if.u_flit_fifo.mem[15][131] (+)
|-- (1)top.u_cxs_if.u_flit_fifo.mem[15][132] (+)
|-- (1)top.u_cxs_if.u_flit_fifo.mem[15][133] (+)
|-- (1)top.u_cxs_if.u_flit_fifo.mem[15][134] (+)
|-- (1)top.u_cxs_if.u_flit_fifo.mem[15][135] (+)
|-- (1)top.u_cxs_if.u_flit_fifo.mem[15][136] (+)
|-- (1)top.u_cxs_if.u_flit_fifo.mem[15][137] (+)
|-- (1)top.u_cxs_if.u_flit_fifo.mem[15][138] (+)
|-- (1)top.u_cxs_if.u_flit_fifo.mem[15][139] (+)
|-- (1)top.u_cxs_if.u_flit_fifo.mem[15][140] (+)
|-- (1)top.u_cxs_if.u_flit_fifo.mem[15][141] (+)
|-- (1)top.u_cxs_if.u_flit_fifo.mem[15][142] (+)
|-- (1)top.u_cxs_if.u_flit_fifo.mem[15][143] (+)
|-- (1)top.u_cxs_if.u_flit_fifo.mem[15][144] (+)
|-- (1)top.u_cxs_if.u_flit_fifo.mem[15][145] (+)
|-- (1)top.u_cxs_if.u_flit_fifo.mem[15][146] (+)
|-- (1)top.u_cxs_if.u_flit_fifo.mem[15][147] (+)
|-- (1)top.u_cxs_if.u_flit_fifo.mem[15][148] (+)
|-- (1)top.u_cxs_if.u_flit_fifo.mem[15][149] (+)
|-- (1)top.u_cxs_if.u_flit_fifo.mem[15][150] (+)
|-- (1)top.u_cxs_if.u_flit_fifo.mem[15][151] (+)
|-- (1)top.u_cxs_if.u_flit_fifo.mem[15][152] (+)
|-- (1)top.u_cxs_if.u_flit_fifo.mem[15][153] (+)
|-- (1)top.u_cxs_if.u_flit_fifo.mem[15][154] (+)
|-- (1)top.u_cxs_if.u_flit_fifo.mem[15][155] (+)
|-- (1)top.u_cxs_if.u_flit_fifo.mem[15][156] (+)
|-- (1)top.u_cxs_if.u_flit_fifo.mem[15][157] (+)
|-- (1)top.u_cxs_if.u_flit_fifo.mem[15][158] (+)
|-- (1)top.u_cxs_if.u_flit_fifo.mem[15][159] (+)
|-- (1)top.u_cxs_if.u_flit_fifo.mem[15][160] (+)
|-- (1)top.u_cxs_if.u_flit_fifo.mem[15][161] (+)
|-- (1)top.u_cxs_if.u_flit_fifo.mem[15][162] (+)
|-- (1)top.u_cxs_if.u_flit_fifo.mem[15][163] (+)
|-- (1)top.u_cxs_if.u_flit_fifo.mem[15][164] (+)
|-- (1)top.u_cxs_if.u_flit_fifo.mem[15][165] (+)
|-- (1)top.u_cxs_if.u_flit_fifo.mem[15][166] (+)
|-- (1)top.u_cxs_if.u_flit_fifo.mem[15][167] (+)
|-- (1)top.u_cxs_if.u_flit_fifo.mem[15][168] (+)
|-- (1)top.u_cxs_if.u_flit_fifo.mem[15][169] (+)
|-- (1)top.u_cxs_if.u_flit_fifo.mem[15][170] (+)
|-- (1)top.u_cxs_if.u_flit_fifo.mem[15][171] (+)
|-- (1)top.u_cxs_if.u_flit_fifo.mem[15][172] (+)
|-- (1)top.u_cxs_if.u_flit_fifo.mem[15][173] (+)
|-- (1)top.u_cxs_if.u_flit_fifo.mem[15][174] (+)
|-- (1)top.u_cxs_if.u_flit_fifo.mem[15][175] (+)
|-- (1)top.u_cxs_if.u_flit_fifo.mem[15][176] (+)
|-- (1)top.u_cxs_if.u_flit_fifo.mem[15][177] (+)
|-- (1)top.u_cxs_if.u_flit_fifo.mem[15][178] (+)
|-- (1)top.u_cxs_if.u_flit_fifo.mem[15][179] (+)
|-- (1)top.u_cxs_if.u_flit_fifo.mem[15][180] (+)
|-- (1)top.u_cxs_if.u_flit_fifo.mem[15][181] (+)
|-- (1)top.u_cxs_if.u_flit_fifo.mem[15][182] (+)
|-- (1)top.u_cxs_if.u_flit_fifo.mem[15][183] (+)
|-- (1)top.u_cxs_if.u_flit_fifo.mem[15][184] (+)
|-- (1)top.u_cxs_if.u_flit_fifo.mem[15][185] (+)
|-- (1)top.u_cxs_if.u_flit_fifo.mem[15][186] (+)
|-- (1)top.u_cxs_if.u_flit_fifo.mem[15][187] (+)
|-- (1)top.u_cxs_if.u_flit_fifo.mem[15][188] (+)
|-- (1)top.u_cxs_if.u_flit_fifo.mem[15][189] (+)
|-- (1)top.u_cxs_if.u_flit_fifo.mem[15][190] (+)
|-- (1)top.u_cxs_if.u_flit_fifo.mem[15][191] (+)
|-- (1)top.u_cxs_if.u_flit_fifo.mem[15][192] (+)
|-- (1)top.u_cxs_if.u_flit_fifo.mem[15][193] (+)
|-- (1)top.u_cxs_if.u_flit_fifo.mem[15][194] (+)
|-- (1)top.u_cxs_if.u_flit_fifo.mem[15][195] (+)
|-- (1)top.u_cxs_if.u_flit_fifo.mem[15][196] (+)
|-- (1)top.u_cxs_if.u_flit_fifo.mem[15][197] (+)
|-- (1)top.u_cxs_if.u_flit_fifo.mem[15][198] (+)
|-- (1)top.u_cxs_if.u_flit_fifo.mem[15][199] (+)
|-- (1)top.u_cxs_if.u_flit_fifo.mem[15][200] (+)
|-- (1)top.u_cxs_if.u_flit_fifo.mem[15][201] (+)
|-- (1)top.u_cxs_if.u_flit_fifo.mem[15][202] (+)
|-- (1)top.u_cxs_if.u_flit_fifo.mem[15][203] (+)
|-- (1)top.u_cxs_if.u_flit_fifo.mem[15][204] (+)
|-- (1)top.u_cxs_if.u_flit_fifo.mem[15][205] (+)
|-- (1)top.u_cxs_if.u_flit_fifo.mem[15][206] (+)
|-- (1)top.u_cxs_if.u_flit_fifo.mem[15][207] (+)
|-- (1)top.u_cxs_if.u_flit_fifo.mem[15][208] (+)
|-- (1)top.u_cxs_if.u_flit_fifo.mem[15][209] (+)
|-- (1)top.u_cxs_if.u_flit_fifo.mem[15][210] (+)
|-- (1)top.u_cxs_if.u_flit_fifo.mem[15][211] (+)
|-- (1)top.u_cxs_if.u_flit_fifo.mem[15][212] (+)
|-- (1)top.u_cxs_if.u_flit_fifo.mem[15][213] (+)
|-- (1)top.u_cxs_if.u_flit_fifo.mem[15][214] (+)
|-- (1)top.u_cxs_if.u_flit_fifo.mem[15][215] (+)
|-- (1)top.u_cxs_if.u_flit_fifo.mem[15][216] (+)
|-- (1)top.u_cxs_if.u_flit_fifo.mem[15][217] (+)
|-- (1)top.u_cxs_if.u_flit_fifo.mem[15][218] (+)
|-- (1)top.u_cxs_if.u_flit_fifo.mem[15][219] (+)
|-- (1)top.u_cxs_if.u_flit_fifo.mem[15][220] (+)
|-- (1)top.u_cxs_if.u_flit_fifo.mem[15][221] (+)
|-- (1)top.u_cxs_if.u_flit_fifo.mem[15][222] (+)
|-- (1)top.u_cxs_if.u_flit_fifo.mem[15][223] (+)
|-- (1)top.u_cxs_if.u_flit_fifo.mem[15][224] (+)
|-- (1)top.u_cxs_if.u_flit_fifo.mem[15][225] (+)
|-- (1)top.u_cxs_if.u_flit_fifo.mem[15][226] (+)
|-- (1)top.u_cxs_if.u_flit_fifo.mem[15][227] (+)
|-- (1)top.u_cxs_if.u_flit_fifo.mem[15][228] (+)
|-- (1)top.u_cxs_if.u_flit_fifo.mem[15][229] (+)
|-- (1)top.u_cxs_if.u_flit_fifo.mem[15][230] (+)
|-- (1)top.u_cxs_if.u_flit_fifo.mem[15][231] (+)
|-- (1)top.u_cxs_if.u_flit_fifo.mem[15][232] (+)
|-- (1)top.u_cxs_if.u_flit_fifo.mem[15][233] (+)
|-- (1)top.u_cxs_if.u_flit_fifo.mem[15][234] (+)
|-- (1)top.u_cxs_if.u_flit_fifo.mem[15][235] (+)
|-- (1)top.u_cxs_if.u_flit_fifo.mem[15][236] (+)
|-- (1)top.u_cxs_if.u_flit_fifo.mem[15][237] (+)
|-- (1)top.u_cxs_if.u_flit_fifo.mem[15][238] (+)
|-- (1)top.u_cxs_if.u_flit_fifo.mem[15][239] (+)
|-- (1)top.u_cxs_if.u_flit_fifo.mem[15][240] (+)
|-- (1)top.u_cxs_if.u_flit_fifo.mem[15][241] (+)
|-- (1)top.u_cxs_if.u_flit_fifo.mem[15][242] (+)
|-- (1)top.u_cxs_if.u_flit_fifo.mem[15][243] (+)
|-- (1)top.u_cxs_if.u_flit_fifo.mem[15][244] (+)
|-- (1)top.u_cxs_if.u_flit_fifo.mem[15][245] (+)
|-- (1)top.u_cxs_if.u_flit_fifo.mem[15][246] (+)
|-- (1)top.u_cxs_if.u_flit_fifo.mem[15][247] (+)
|-- (1)top.u_cxs_if.u_flit_fifo.mem[15][248] (+)
|-- (1)top.u_cxs_if.u_flit_fifo.mem[15][249] (+)
|-- (1)top.u_cxs_if.u_flit_fifo.mem[15][250] (+)
|-- (1)top.u_cxs_if.u_flit_fifo.mem[15][251] (+)
|-- (1)top.u_cxs_if.u_flit_fifo.mem[15][252] (+)
|-- (1)top.u_cxs_if.u_flit_fifo.mem[15][253] (+)
|-- (1)top.u_cxs_if.u_flit_fifo.mem[15][254] (+)
|-- (1)top.u_cxs_if.u_flit_fifo.mem[15][255] (+)
|-- (1)top.u_cxs_if.u_flit_fifo.mem[15][256] (+)
|-- (1)top.u_cxs_if.u_flit_fifo.mem[15][257] (+)
|-- (1)top.u_cxs_if.u_flit_fifo.mem[15][258] (+)
|-- (1)top.u_cxs_if.u_flit_fifo.mem[15][259] (+)
|-- (1)top.u_cxs_if.u_flit_fifo.mem[15][260] (+)
|-- (1)top.u_cxs_if.u_flit_fifo.mem[15][261] (+)
|-- (1)top.u_cxs_if.u_flit_fifo.mem[15][262] (+)
|-- (1)top.u_cxs_if.u_flit_fifo.mem[15][263] (+)
|-- (1)top.u_cxs_if.u_flit_fifo.mem[15][264] (+)
|-- (1)top.u_cxs_if.u_flit_fifo.mem[15][265] (+)
|-- (1)top.u_cxs_if.u_flit_fifo.mem[15][266] (+)
|-- (1)top.u_cxs_if.u_flit_fifo.mem[15][267] (+)
|-- (1)top.u_cxs_if.u_flit_fifo.mem[15][268] (+)
|-- (1)top.u_cxs_if.u_flit_fifo.mem[15][269] (+)
|-- (1)top.u_cxs_if.u_flit_fifo.mem[14][0] (+)
|-- (1)top.u_cxs_if.u_flit_fifo.mem[14][1] (+)
|-- (1)top.u_cxs_if.u_flit_fifo.mem[14][2] (+)
|-- (1)top.u_cxs_if.u_flit_fifo.mem[14][3] (+)
|-- (1)top.u_cxs_if.u_flit_fifo.mem[14][4] (+)
|-- (1)top.u_cxs_if.u_flit_fifo.mem[14][5] (+)
|-- (1)top.u_cxs_if.u_flit_fifo.mem[14][6] (+)
|-- (1)top.u_cxs_if.u_flit_fifo.mem[14][7] (+)
|-- (1)top.u_cxs_if.u_flit_fifo.mem[14][8] (+)
|-- (1)top.u_cxs_if.u_flit_fifo.mem[14][9] (+)
|-- (1)top.u_cxs_if.u_flit_fifo.mem[14][10] (+)
|-- (1)top.u_cxs_if.u_flit_fifo.mem[14][11] (+)
|-- (1)top.u_cxs_if.u_flit_fifo.mem[14][12] (+)
|-- (1)top.u_cxs_if.u_flit_fifo.mem[14][13] (+)
|-- (1)top.u_cxs_if.u_flit_fifo.mem[14][14] (+)
|-- (1)top.u_cxs_if.u_flit_fifo.mem[14][15] (+)
|-- (1)top.u_cxs_if.u_flit_fifo.mem[14][16] (+)
|-- (1)top.u_cxs_if.u_flit_fifo.mem[14][17] (+)
|-- (1)top.u_cxs_if.u_flit_fifo.mem[14][18] (+)
|-- (1)top.u_cxs_if.u_flit_fifo.mem[14][19] (+)
|-- (1)top.u_cxs_if.u_flit_fifo.mem[14][20] (+)
|-- (1)top.u_cxs_if.u_flit_fifo.mem[14][21] (+)
|-- (1)top.u_cxs_if.u_flit_fifo.mem[14][22] (+)
|-- (1)top.u_cxs_if.u_flit_fifo.mem[14][23] (+)
|-- (1)top.u_cxs_if.u_flit_fifo.mem[14][24] (+)
|-- (1)top.u_cxs_if.u_flit_fifo.mem[14][25] (+)
|-- (1)top.u_cxs_if.u_flit_fifo.mem[14][26] (+)
|-- (1)top.u_cxs_if.u_flit_fifo.mem[14][27] (+)
|-- (1)top.u_cxs_if.u_flit_fifo.mem[14][28] (+)
|-- (1)top.u_cxs_if.u_flit_fifo.mem[14][29] (+)
|-- (1)top.u_cxs_if.u_flit_fifo.mem[14][30] (+)
|-- (1)top.u_cxs_if.u_flit_fifo.mem[14][31] (+)
|-- (1)top.u_cxs_if.u_flit_fifo.mem[14][32] (+)
|-- (1)top.u_cxs_if.u_flit_fifo.mem[14][33] (+)
|-- (1)top.u_cxs_if.u_flit_fifo.mem[14][34] (+)
|-- (1)top.u_cxs_if.u_flit_fifo.mem[14][35] (+)
|-- (1)top.u_cxs_if.u_flit_fifo.mem[14][36] (+)
|-- (1)top.u_cxs_if.u_flit_fifo.mem[14][37] (+)
|-- (1)top.u_cxs_if.u_flit_fifo.mem[14][38] (+)
|-- (1)top.u_cxs_if.u_flit_fifo.mem[14][39] (+)
|-- (1)top.u_cxs_if.u_flit_fifo.mem[14][40] (+)
|-- (1)top.u_cxs_if.u_flit_fifo.mem[14][41] (+)
|-- (1)top.u_cxs_if.u_flit_fifo.mem[14][42] (+)
|-- (1)top.u_cxs_if.u_flit_fifo.mem[14][43] (+)
|-- (1)top.u_cxs_if.u_flit_fifo.mem[14][44] (+)
|-- (1)top.u_cxs_if.u_flit_fifo.mem[14][45] (+)
|-- (1)top.u_cxs_if.u_flit_fifo.mem[14][46] (+)
|-- (1)top.u_cxs_if.u_flit_fifo.mem[14][47] (+)
|-- (1)top.u_cxs_if.u_flit_fifo.mem[14][48] (+)
|-- (1)top.u_cxs_if.u_flit_fifo.mem[14][49] (+)
|-- (1)top.u_cxs_if.u_flit_fifo.mem[14][50] (+)
|-- (1)top.u_cxs_if.u_flit_fifo.mem[14][51] (+)
|-- (1)top.u_cxs_if.u_flit_fifo.mem[14][52] (+)
|-- (1)top.u_cxs_if.u_flit_fifo.mem[14][53] (+)
|-- (1)top.u_cxs_if.u_flit_fifo.mem[14][54] (+)
|-- (1)top.u_cxs_if.u_flit_fifo.mem[14][55] (+)
|-- (1)top.u_cxs_if.u_flit_fifo.mem[14][56] (+)
|-- (1)top.u_cxs_if.u_flit_fifo.mem[14][57] (+)
|-- (1)top.u_cxs_if.u_flit_fifo.mem[14][58] (+)
|-- (1)top.u_cxs_if.u_flit_fifo.mem[14][59] (+)
|-- (1)top.u_cxs_if.u_flit_fifo.mem[14][60] (+)
|-- (1)top.u_cxs_if.u_flit_fifo.mem[14][61] (+)
|-- (1)top.u_cxs_if.u_flit_fifo.mem[14][62] (+)
|-- (1)top.u_cxs_if.u_flit_fifo.mem[14][63] (+)
|-- (1)top.u_cxs_if.u_flit_fifo.mem[14][64] (+)
|-- (1)top.u_cxs_if.u_flit_fifo.mem[14][65] (+)
|-- (1)top.u_cxs_if.u_flit_fifo.mem[14][66] (+)
|-- (1)top.u_cxs_if.u_flit_fifo.mem[14][67] (+)
|-- (1)top.u_cxs_if.u_flit_fifo.mem[14][68] (+)
|-- (1)top.u_cxs_if.u_flit_fifo.mem[14][69] (+)
|-- (1)top.u_cxs_if.u_flit_fifo.mem[14][70] (+)
|-- (1)top.u_cxs_if.u_flit_fifo.mem[14][71] (+)
|-- (1)top.u_cxs_if.u_flit_fifo.mem[14][72] (+)
|-- (1)top.u_cxs_if.u_flit_fifo.mem[14][73] (+)
|-- (1)top.u_cxs_if.u_flit_fifo.mem[14][74] (+)
|-- (1)top.u_cxs_if.u_flit_fifo.mem[14][75] (+)
|-- (1)top.u_cxs_if.u_flit_fifo.mem[14][76] (+)
|-- (1)top.u_cxs_if.u_flit_fifo.mem[14][77] (+)
|-- (1)top.u_cxs_if.u_flit_fifo.mem[14][78] (+)
|-- (1)top.u_cxs_if.u_flit_fifo.mem[14][79] (+)
|-- (1)top.u_cxs_if.u_flit_fifo.mem[14][80] (+)
|-- (1)top.u_cxs_if.u_flit_fifo.mem[14][81] (+)
|-- (1)top.u_cxs_if.u_flit_fifo.mem[14][82] (+)
|-- (1)top.u_cxs_if.u_flit_fifo.mem[14][83] (+)
|-- (1)top.u_cxs_if.u_flit_fifo.mem[14][84] (+)
|-- (1)top.u_cxs_if.u_flit_fifo.mem[14][85] (+)
|-- (1)top.u_cxs_if.u_flit_fifo.mem[14][86] (+)
|-- (1)top.u_cxs_if.u_flit_fifo.mem[14][87] (+)
|-- (1)top.u_cxs_if.u_flit_fifo.mem[14][88] (+)
|-- (1)top.u_cxs_if.u_flit_fifo.mem[14][89] (+)
|-- (1)top.u_cxs_if.u_flit_fifo.mem[14][90] (+)
|-- (1)top.u_cxs_if.u_flit_fifo.mem[14][91] (+)
|-- (1)top.u_cxs_if.u_flit_fifo.mem[14][92] (+)
|-- (1)top.u_cxs_if.u_flit_fifo.mem[14][93] (+)
|-- (1)top.u_cxs_if.u_flit_fifo.mem[14][94] (+)
|-- (1)top.u_cxs_if.u_flit_fifo.mem[14][95] (+)
|-- (1)top.u_cxs_if.u_flit_fifo.mem[14][96] (+)
|-- (1)top.u_cxs_if.u_flit_fifo.mem[14][97] (+)
|-- (1)top.u_cxs_if.u_flit_fifo.mem[14][98] (+)
|-- (1)top.u_cxs_if.u_flit_fifo.mem[14][99] (+)
|-- (1)top.u_cxs_if.u_flit_fifo.mem[14][100] (+)
|-- (1)top.u_cxs_if.u_flit_fifo.mem[14][101] (+)
|-- (1)top.u_cxs_if.u_flit_fifo.mem[14][102] (+)
|-- (1)top.u_cxs_if.u_flit_fifo.mem[14][103] (+)
|-- (1)top.u_cxs_if.u_flit_fifo.mem[14][104] (+)
|-- (1)top.u_cxs_if.u_flit_fifo.mem[14][105] (+)
|-- (1)top.u_cxs_if.u_flit_fifo.mem[14][106] (+)
|-- (1)top.u_cxs_if.u_flit_fifo.mem[14][107] (+)
|-- (1)top.u_cxs_if.u_flit_fifo.mem[14][108] (+)
|-- (1)top.u_cxs_if.u_flit_fifo.mem[14][109] (+)
|-- (1)top.u_cxs_if.u_flit_fifo.mem[14][110] (+)
|-- (1)top.u_cxs_if.u_flit_fifo.mem[14][111] (+)
|-- (1)top.u_cxs_if.u_flit_fifo.mem[14][112] (+)
|-- (1)top.u_cxs_if.u_flit_fifo.mem[14][113] (+)
|-- (1)top.u_cxs_if.u_flit_fifo.mem[14][114] (+)
|-- (1)top.u_cxs_if.u_flit_fifo.mem[14][115] (+)
|-- (1)top.u_cxs_if.u_flit_fifo.mem[14][116] (+)
|-- (1)top.u_cxs_if.u_flit_fifo.mem[14][117] (+)
|-- (1)top.u_cxs_if.u_flit_fifo.mem[14][118] (+)
|-- (1)top.u_cxs_if.u_flit_fifo.mem[14][119] (+)
|-- (1)top.u_cxs_if.u_flit_fifo.mem[14][120] (+)
|-- (1)top.u_cxs_if.u_flit_fifo.mem[14][121] (+)
|-- (1)top.u_cxs_if.u_flit_fifo.mem[14][122] (+)
|-- (1)top.u_cxs_if.u_flit_fifo.mem[14][123] (+)
|-- (1)top.u_cxs_if.u_flit_fifo.mem[14][124] (+)
|-- (1)top.u_cxs_if.u_flit_fifo.mem[14][125] (+)
|-- (1)top.u_cxs_if.u_flit_fifo.mem[14][126] (+)
|-- (1)top.u_cxs_if.u_flit_fifo.mem[14][127] (+)
|-- (1)top.u_cxs_if.u_flit_fifo.mem[14][128] (+)
|-- (1)top.u_cxs_if.u_flit_fifo.mem[14][129] (+)
|-- (1)top.u_cxs_if.u_flit_fifo.mem[14][130] (+)
|-- (1)top.u_cxs_if.u_flit_fifo.mem[14][131] (+)
|-- (1)top.u_cxs_if.u_flit_fifo.mem[14][132] (+)
|-- (1)top.u_cxs_if.u_flit_fifo.mem[14][133] (+)
|-- (1)top.u_cxs_if.u_flit_fifo.mem[14][134] (+)
|-- (1)top.u_cxs_if.u_flit_fifo.mem[14][135] (+)
|-- (1)top.u_cxs_if.u_flit_fifo.mem[14][136] (+)
|-- (1)top.u_cxs_if.u_flit_fifo.mem[14][137] (+)
|-- (1)top.u_cxs_if.u_flit_fifo.mem[14][138] (+)
|-- (1)top.u_cxs_if.u_flit_fifo.mem[14][139] (+)
|-- (1)top.u_cxs_if.u_flit_fifo.mem[14][140] (+)
|-- (1)top.u_cxs_if.u_flit_fifo.mem[14][141] (+)
|-- (1)top.u_cxs_if.u_flit_fifo.mem[14][142] (+)
|-- (1)top.u_cxs_if.u_flit_fifo.mem[14][143] (+)
|-- (1)top.u_cxs_if.u_flit_fifo.mem[14][144] (+)
|-- (1)top.u_cxs_if.u_flit_fifo.mem[14][145] (+)
|-- (1)top.u_cxs_if.u_flit_fifo.mem[14][146] (+)
|-- (1)top.u_cxs_if.u_flit_fifo.mem[14][147] (+)
|-- (1)top.u_cxs_if.u_flit_fifo.mem[14][148] (+)
|-- (1)top.u_cxs_if.u_flit_fifo.mem[14][149] (+)
|-- (1)top.u_cxs_if.u_flit_fifo.mem[14][150] (+)
|-- (1)top.u_cxs_if.u_flit_fifo.mem[14][151] (+)
|-- (1)top.u_cxs_if.u_flit_fifo.mem[14][152] (+)
|-- (1)top.u_cxs_if.u_flit_fifo.mem[14][153] (+)
|-- (1)top.u_cxs_if.u_flit_fifo.mem[14][154] (+)
|-- (1)top.u_cxs_if.u_flit_fifo.mem[14][155] (+)
|-- (1)top.u_cxs_if.u_flit_fifo.mem[14][156] (+)
|-- (1)top.u_cxs_if.u_flit_fifo.mem[14][157] (+)
|-- (1)top.u_cxs_if.u_flit_fifo.mem[14][158] (+)
|-- (1)top.u_cxs_if.u_flit_fifo.mem[14][159] (+)
|-- (1)top.u_cxs_if.u_flit_fifo.mem[14][160] (+)
|-- (1)top.u_cxs_if.u_flit_fifo.mem[14][161] (+)
|-- (1)top.u_cxs_if.u_flit_fifo.mem[14][162] (+)
|-- (1)top.u_cxs_if.u_flit_fifo.mem[14][163] (+)
|-- (1)top.u_cxs_if.u_flit_fifo.mem[14][164] (+)
|-- (1)top.u_cxs_if.u_flit_fifo.mem[14][165] (+)
|-- (1)top.u_cxs_if.u_flit_fifo.mem[14][166] (+)
|-- (1)top.u_cxs_if.u_flit_fifo.mem[14][167] (+)
|-- (1)top.u_cxs_if.u_flit_fifo.mem[14][168] (+)
|-- (1)top.u_cxs_if.u_flit_fifo.mem[14][169] (+)
|-- (1)top.u_cxs_if.u_flit_fifo.mem[14][170] (+)
|-- (1)top.u_cxs_if.u_flit_fifo.mem[14][171] (+)
|-- (1)top.u_cxs_if.u_flit_fifo.mem[14][172] (+)
|-- (1)top.u_cxs_if.u_flit_fifo.mem[14][173] (+)
|-- (1)top.u_cxs_if.u_flit_fifo.mem[14][174] (+)
|-- (1)top.u_cxs_if.u_flit_fifo.mem[14][175] (+)
|-- (1)top.u_cxs_if.u_flit_fifo.mem[14][176] (+)
|-- (1)top.u_cxs_if.u_flit_fifo.mem[14][177] (+)
|-- (1)top.u_cxs_if.u_flit_fifo.mem[14][178] (+)
|-- (1)top.u_cxs_if.u_flit_fifo.mem[14][179] (+)
|-- (1)top.u_cxs_if.u_flit_fifo.mem[14][180] (+)
|-- (1)top.u_cxs_if.u_flit_fifo.mem[14][181] (+)
|-- (1)top.u_cxs_if.u_flit_fifo.mem[14][182] (+)
|-- (1)top.u_cxs_if.u_flit_fifo.mem[14][183] (+)
|-- (1)top.u_cxs_if.u_flit_fifo.mem[14][184] (+)
|-- (1)top.u_cxs_if.u_flit_fifo.mem[14][185] (+)
|-- (1)top.u_cxs_if.u_flit_fifo.mem[14][186] (+)
|-- (1)top.u_cxs_if.u_flit_fifo.mem[14][187] (+)
|-- (1)top.u_cxs_if.u_flit_fifo.mem[14][188] (+)
|-- (1)top.u_cxs_if.u_flit_fifo.mem[14][189] (+)
|-- (1)top.u_cxs_if.u_flit_fifo.mem[14][190] (+)
|-- (1)top.u_cxs_if.u_flit_fifo.mem[14][191] (+)
|-- (1)top.u_cxs_if.u_flit_fifo.mem[14][192] (+)
|-- (1)top.u_cxs_if.u_flit_fifo.mem[14][193] (+)
|-- (1)top.u_cxs_if.u_flit_fifo.mem[14][194] (+)
|-- (1)top.u_cxs_if.u_flit_fifo.mem[14][195] (+)
|-- (1)top.u_cxs_if.u_flit_fifo.mem[14][196] (+)
|-- (1)top.u_cxs_if.u_flit_fifo.mem[14][197] (+)
|-- (1)top.u_cxs_if.u_flit_fifo.mem[14][198] (+)
|-- (1)top.u_cxs_if.u_flit_fifo.mem[14][199] (+)
|-- (1)top.u_cxs_if.u_flit_fifo.mem[14][200] (+)
|-- (1)top.u_cxs_if.u_flit_fifo.mem[14][201] (+)
|-- (1)top.u_cxs_if.u_flit_fifo.mem[14][202] (+)
|-- (1)top.u_cxs_if.u_flit_fifo.mem[14][203] (+)
|-- (1)top.u_cxs_if.u_flit_fifo.mem[14][204] (+)
|-- (1)top.u_cxs_if.u_flit_fifo.mem[14][205] (+)
|-- (1)top.u_cxs_if.u_flit_fifo.mem[14][206] (+)
|-- (1)top.u_cxs_if.u_flit_fifo.mem[14][207] (+)
|-- (1)top.u_cxs_if.u_flit_fifo.mem[14][208] (+)
|-- (1)top.u_cxs_if.u_flit_fifo.mem[14][209] (+)
|-- (1)top.u_cxs_if.u_flit_fifo.mem[14][210] (+)
|-- (1)top.u_cxs_if.u_flit_fifo.mem[14][211] (+)
|-- (1)top.u_cxs_if.u_flit_fifo.mem[14][212] (+)
|-- (1)top.u_cxs_if.u_flit_fifo.mem[14][213] (+)
|-- (1)top.u_cxs_if.u_flit_fifo.mem[14][214] (+)
|-- (1)top.u_cxs_if.u_flit_fifo.mem[14][215] (+)
|-- (1)top.u_cxs_if.u_flit_fifo.mem[14][216] (+)
|-- (1)top.u_cxs_if.u_flit_fifo.mem[14][217] (+)
|-- (1)top.u_cxs_if.u_flit_fifo.mem[14][218] (+)
|-- (1)top.u_cxs_if.u_flit_fifo.mem[14][219] (+)
|-- (1)top.u_cxs_if.u_flit_fifo.mem[14][220] (+)
|-- (1)top.u_cxs_if.u_flit_fifo.mem[14][221] (+)
|-- (1)top.u_cxs_if.u_flit_fifo.mem[14][222] (+)
|-- (1)top.u_cxs_if.u_flit_fifo.mem[14][223] (+)
|-- (1)top.u_cxs_if.u_flit_fifo.mem[14][224] (+)
|-- (1)top.u_cxs_if.u_flit_fifo.mem[14][225] (+)
|-- (1)top.u_cxs_if.u_flit_fifo.mem[14][226] (+)
|-- (1)top.u_cxs_if.u_flit_fifo.mem[14][227] (+)
|-- (1)top.u_cxs_if.u_flit_fifo.mem[14][228] (+)
|-- (1)top.u_cxs_if.u_flit_fifo.mem[14][229] (+)
|-- (1)top.u_cxs_if.u_flit_fifo.mem[14][230] (+)
|-- (1)top.u_cxs_if.u_flit_fifo.mem[14][231] (+)
|-- (1)top.u_cxs_if.u_flit_fifo.mem[14][232] (+)
|-- (1)top.u_cxs_if.u_flit_fifo.mem[14][233] (+)
|-- (1)top.u_cxs_if.u_flit_fifo.mem[14][234] (+)
|-- (1)top.u_cxs_if.u_flit_fifo.mem[14][235] (+)
|-- (1)top.u_cxs_if.u_flit_fifo.mem[14][236] (+)
|-- (1)top.u_cxs_if.u_flit_fifo.mem[14][237] (+)
|-- (1)top.u_cxs_if.u_flit_fifo.mem[14][238] (+)
|-- (1)top.u_cxs_if.u_flit_fifo.mem[14][239] (+)
|-- (1)top.u_cxs_if.u_flit_fifo.mem[14][240] (+)
|-- (1)top.u_cxs_if.u_flit_fifo.mem[14][241] (+)
|-- (1)top.u_cxs_if.u_flit_fifo.mem[14][242] (+)
|-- (1)top.u_cxs_if.u_flit_fifo.mem[14][243] (+)
|-- (1)top.u_cxs_if.u_flit_fifo.mem[14][244] (+)
|-- (1)top.u_cxs_if.u_flit_fifo.mem[14][245] (+)
|-- (1)top.u_cxs_if.u_flit_fifo.mem[14][246] (+)
|-- (1)top.u_cxs_if.u_flit_fifo.mem[14][247] (+)
|-- (1)top.u_cxs_if.u_flit_fifo.mem[14][248] (+)
|-- (1)top.u_cxs_if.u_flit_fifo.mem[14][249] (+)
|-- (1)top.u_cxs_if.u_flit_fifo.mem[14][250] (+)
|-- (1)top.u_cxs_if.u_flit_fifo.mem[14][251] (+)
|-- (1)top.u_cxs_if.u_flit_fifo.mem[14][252] (+)
|-- (1)top.u_cxs_if.u_flit_fifo.mem[14][253] (+)
|-- (1)top.u_cxs_if.u_flit_fifo.mem[14][254] (+)
|-- (1)top.u_cxs_if.u_flit_fifo.mem[14][255] (+)
|-- (1)top.u_cxs_if.u_flit_fifo.mem[14][256] (+)
|-- (1)top.u_cxs_if.u_flit_fifo.mem[14][257] (+)
|-- (1)top.u_cxs_if.u_flit_fifo.mem[14][258] (+)
|-- (1)top.u_cxs_if.u_flit_fifo.mem[14][259] (+)
|-- (1)top.u_cxs_if.u_flit_fifo.mem[14][260] (+)
|-- (1)top.u_cxs_if.u_flit_fifo.mem[14][261] (+)
|-- (1)top.u_cxs_if.u_flit_fifo.mem[14][262] (+)
|-- (1)top.u_cxs_if.u_flit_fifo.mem[14][263] (+)
|-- (1)top.u_cxs_if.u_flit_fifo.mem[14][264] (+)
|-- (1)top.u_cxs_if.u_flit_fifo.mem[14][265] (+)
|-- (1)top.u_cxs_if.u_flit_fifo.mem[14][266] (+)
|-- (1)top.u_cxs_if.u_flit_fifo.mem[14][267] (+)
|-- (1)top.u_cxs_if.u_flit_fifo.mem[14][268] (+)
|-- (1)top.u_cxs_if.u_flit_fifo.mem[14][269] (+)
|-- (1)top.u_cxs_if.u_flit_fifo.mem[13][0] (+)
|-- (1)top.u_cxs_if.u_flit_fifo.mem[13][1] (+)
|-- (1)top.u_cxs_if.u_flit_fifo.mem[13][2] (+)
|-- (1)top.u_cxs_if.u_flit_fifo.mem[13][3] (+)
|-- (1)top.u_cxs_if.u_flit_fifo.mem[13][4] (+)
|-- (1)top.u_cxs_if.u_flit_fifo.mem[13][5] (+)
|-- (1)top.u_cxs_if.u_flit_fifo.mem[13][6] (+)
|-- (1)top.u_cxs_if.u_flit_fifo.mem[13][7] (+)
|-- (1)top.u_cxs_if.u_flit_fifo.mem[13][8] (+)
|-- (1)top.u_cxs_if.u_flit_fifo.mem[13][9] (+)
|-- (1)top.u_cxs_if.u_flit_fifo.mem[13][10] (+)
|-- (1)top.u_cxs_if.u_flit_fifo.mem[13][11] (+)
|-- (1)top.u_cxs_if.u_flit_fifo.mem[13][12] (+)
|-- (1)top.u_cxs_if.u_flit_fifo.mem[13][13] (+)
|-- (1)top.u_cxs_if.u_flit_fifo.mem[13][14] (+)
|-- (1)top.u_cxs_if.u_flit_fifo.mem[13][15] (+)
|-- (1)top.u_cxs_if.u_flit_fifo.mem[13][16] (+)
|-- (1)top.u_cxs_if.u_flit_fifo.mem[13][17] (+)
|-- (1)top.u_cxs_if.u_flit_fifo.mem[13][18] (+)
|-- (1)top.u_cxs_if.u_flit_fifo.mem[13][19] (+)
|-- (1)top.u_cxs_if.u_flit_fifo.mem[13][20] (+)
|-- (1)top.u_cxs_if.u_flit_fifo.mem[13][21] (+)
|-- (1)top.u_cxs_if.u_flit_fifo.mem[13][22] (+)
|-- (1)top.u_cxs_if.u_flit_fifo.mem[13][23] (+)
|-- (1)top.u_cxs_if.u_flit_fifo.mem[13][24] (+)
|-- (1)top.u_cxs_if.u_flit_fifo.mem[13][25] (+)
|-- (1)top.u_cxs_if.u_flit_fifo.mem[13][26] (+)
|-- (1)top.u_cxs_if.u_flit_fifo.mem[13][27] (+)
|-- (1)top.u_cxs_if.u_flit_fifo.mem[13][28] (+)
|-- (1)top.u_cxs_if.u_flit_fifo.mem[13][29] (+)
|-- (1)top.u_cxs_if.u_flit_fifo.mem[13][30] (+)
|-- (1)top.u_cxs_if.u_flit_fifo.mem[13][31] (+)
|-- (1)top.u_cxs_if.u_flit_fifo.mem[13][32] (+)
|-- (1)top.u_cxs_if.u_flit_fifo.mem[13][33] (+)
|-- (1)top.u_cxs_if.u_flit_fifo.mem[13][34] (+)
|-- (1)top.u_cxs_if.u_flit_fifo.mem[13][35] (+)
|-- (1)top.u_cxs_if.u_flit_fifo.mem[13][36] (+)
|-- (1)top.u_cxs_if.u_flit_fifo.mem[13][37] (+)
|-- (1)top.u_cxs_if.u_flit_fifo.mem[13][38] (+)
|-- (1)top.u_cxs_if.u_flit_fifo.mem[13][39] (+)
|-- (1)top.u_cxs_if.u_flit_fifo.mem[13][40] (+)
|-- (1)top.u_cxs_if.u_flit_fifo.mem[13][41] (+)
|-- (1)top.u_cxs_if.u_flit_fifo.mem[13][42] (+)
|-- (1)top.u_cxs_if.u_flit_fifo.mem[13][43] (+)
|-- (1)top.u_cxs_if.u_flit_fifo.mem[13][44] (+)
|-- (1)top.u_cxs_if.u_flit_fifo.mem[13][45] (+)
|-- (1)top.u_cxs_if.u_flit_fifo.mem[13][46] (+)
|-- (1)top.u_cxs_if.u_flit_fifo.mem[13][47] (+)
|-- (1)top.u_cxs_if.u_flit_fifo.mem[13][48] (+)
|-- (1)top.u_cxs_if.u_flit_fifo.mem[13][49] (+)
|-- (1)top.u_cxs_if.u_flit_fifo.mem[13][50] (+)
|-- (1)top.u_cxs_if.u_flit_fifo.mem[13][51] (+)
|-- (1)top.u_cxs_if.u_flit_fifo.mem[13][52] (+)
|-- (1)top.u_cxs_if.u_flit_fifo.mem[13][53] (+)
|-- (1)top.u_cxs_if.u_flit_fifo.mem[13][54] (+)
|-- (1)top.u_cxs_if.u_flit_fifo.mem[13][55] (+)
|-- (1)top.u_cxs_if.u_flit_fifo.mem[13][56] (+)
|-- (1)top.u_cxs_if.u_flit_fifo.mem[13][57] (+)
|-- (1)top.u_cxs_if.u_flit_fifo.mem[13][58] (+)
|-- (1)top.u_cxs_if.u_flit_fifo.mem[13][59] (+)
|-- (1)top.u_cxs_if.u_flit_fifo.mem[13][60] (+)
|-- (1)top.u_cxs_if.u_flit_fifo.mem[13][61] (+)
|-- (1)top.u_cxs_if.u_flit_fifo.mem[13][62] (+)
|-- (1)top.u_cxs_if.u_flit_fifo.mem[13][63] (+)
|-- (1)top.u_cxs_if.u_flit_fifo.mem[13][64] (+)
|-- (1)top.u_cxs_if.u_flit_fifo.mem[13][65] (+)
|-- (1)top.u_cxs_if.u_flit_fifo.mem[13][66] (+)
|-- (1)top.u_cxs_if.u_flit_fifo.mem[13][67] (+)
|-- (1)top.u_cxs_if.u_flit_fifo.mem[13][68] (+)
|-- (1)top.u_cxs_if.u_flit_fifo.mem[13][69] (+)
|-- (1)top.u_cxs_if.u_flit_fifo.mem[13][70] (+)
|-- (1)top.u_cxs_if.u_flit_fifo.mem[13][71] (+)
|-- (1)top.u_cxs_if.u_flit_fifo.mem[13][72] (+)
|-- (1)top.u_cxs_if.u_flit_fifo.mem[13][73] (+)
|-- (1)top.u_cxs_if.u_flit_fifo.mem[13][74] (+)
|-- (1)top.u_cxs_if.u_flit_fifo.mem[13][75] (+)
|-- (1)top.u_cxs_if.u_flit_fifo.mem[13][76] (+)
|-- (1)top.u_cxs_if.u_flit_fifo.mem[13][77] (+)
|-- (1)top.u_cxs_if.u_flit_fifo.mem[13][78] (+)
|-- (1)top.u_cxs_if.u_flit_fifo.mem[13][79] (+)
|-- (1)top.u_cxs_if.u_flit_fifo.mem[13][80] (+)
|-- (1)top.u_cxs_if.u_flit_fifo.mem[13][81] (+)
|-- (1)top.u_cxs_if.u_flit_fifo.mem[13][82] (+)
|-- (1)top.u_cxs_if.u_flit_fifo.mem[13][83] (+)
|-- (1)top.u_cxs_if.u_flit_fifo.mem[13][84] (+)
|-- (1)top.u_cxs_if.u_flit_fifo.mem[13][85] (+)
|-- (1)top.u_cxs_if.u_flit_fifo.mem[13][86] (+)
|-- (1)top.u_cxs_if.u_flit_fifo.mem[13][87] (+)
|-- (1)top.u_cxs_if.u_flit_fifo.mem[13][88] (+)
|-- (1)top.u_cxs_if.u_flit_fifo.mem[13][89] (+)
|-- (1)top.u_cxs_if.u_flit_fifo.mem[13][90] (+)
|-- (1)top.u_cxs_if.u_flit_fifo.mem[13][91] (+)
|-- (1)top.u_cxs_if.u_flit_fifo.mem[13][92] (+)
|-- (1)top.u_cxs_if.u_flit_fifo.mem[13][93] (+)
|-- (1)top.u_cxs_if.u_flit_fifo.mem[13][94] (+)
|-- (1)top.u_cxs_if.u_flit_fifo.mem[13][95] (+)
|-- (1)top.u_cxs_if.u_flit_fifo.mem[13][96] (+)
|-- (1)top.u_cxs_if.u_flit_fifo.mem[13][97] (+)
|-- (1)top.u_cxs_if.u_flit_fifo.mem[13][98] (+)
|-- (1)top.u_cxs_if.u_flit_fifo.mem[13][99] (+)
|-- (1)top.u_cxs_if.u_flit_fifo.mem[13][100] (+)
|-- (1)top.u_cxs_if.u_flit_fifo.mem[13][101] (+)
|-- (1)top.u_cxs_if.u_flit_fifo.mem[13][102] (+)
|-- (1)top.u_cxs_if.u_flit_fifo.mem[13][103] (+)
|-- (1)top.u_cxs_if.u_flit_fifo.mem[13][104] (+)
|-- (1)top.u_cxs_if.u_flit_fifo.mem[13][105] (+)
|-- (1)top.u_cxs_if.u_flit_fifo.mem[13][106] (+)
|-- (1)top.u_cxs_if.u_flit_fifo.mem[13][107] (+)
|-- (1)top.u_cxs_if.u_flit_fifo.mem[13][108] (+)
|-- (1)top.u_cxs_if.u_flit_fifo.mem[13][109] (+)
|-- (1)top.u_cxs_if.u_flit_fifo.mem[13][110] (+)
|-- (1)top.u_cxs_if.u_flit_fifo.mem[13][111] (+)
|-- (1)top.u_cxs_if.u_flit_fifo.mem[13][112] (+)
|-- (1)top.u_cxs_if.u_flit_fifo.mem[13][113] (+)
|-- (1)top.u_cxs_if.u_flit_fifo.mem[13][114] (+)
|-- (1)top.u_cxs_if.u_flit_fifo.mem[13][115] (+)
|-- (1)top.u_cxs_if.u_flit_fifo.mem[13][116] (+)
|-- (1)top.u_cxs_if.u_flit_fifo.mem[13][117] (+)
|-- (1)top.u_cxs_if.u_flit_fifo.mem[13][118] (+)
|-- (1)top.u_cxs_if.u_flit_fifo.mem[13][119] (+)
|-- (1)top.u_cxs_if.u_flit_fifo.mem[13][120] (+)
|-- (1)top.u_cxs_if.u_flit_fifo.mem[13][121] (+)
|-- (1)top.u_cxs_if.u_flit_fifo.mem[13][122] (+)
|-- (1)top.u_cxs_if.u_flit_fifo.mem[13][123] (+)
|-- (1)top.u_cxs_if.u_flit_fifo.mem[13][124] (+)
|-- (1)top.u_cxs_if.u_flit_fifo.mem[13][125] (+)
|-- (1)top.u_cxs_if.u_flit_fifo.mem[13][126] (+)
|-- (1)top.u_cxs_if.u_flit_fifo.mem[13][127] (+)
|-- (1)top.u_cxs_if.u_flit_fifo.mem[13][128] (+)
|-- (1)top.u_cxs_if.u_flit_fifo.mem[13][129] (+)
|-- (1)top.u_cxs_if.u_flit_fifo.mem[13][130] (+)
|-- (1)top.u_cxs_if.u_flit_fifo.mem[13][131] (+)
|-- (1)top.u_cxs_if.u_flit_fifo.mem[13][132] (+)
|-- (1)top.u_cxs_if.u_flit_fifo.mem[13][133] (+)
|-- (1)top.u_cxs_if.u_flit_fifo.mem[13][134] (+)
|-- (1)top.u_cxs_if.u_flit_fifo.mem[13][135] (+)
|-- (1)top.u_cxs_if.u_flit_fifo.mem[13][136] (+)
|-- (1)top.u_cxs_if.u_flit_fifo.mem[13][137] (+)
|-- (1)top.u_cxs_if.u_flit_fifo.mem[13][138] (+)
|-- (1)top.u_cxs_if.u_flit_fifo.mem[13][139] (+)
|-- (1)top.u_cxs_if.u_flit_fifo.mem[13][140] (+)
|-- (1)top.u_cxs_if.u_flit_fifo.mem[13][141] (+)
|-- (1)top.u_cxs_if.u_flit_fifo.mem[13][142] (+)
|-- (1)top.u_cxs_if.u_flit_fifo.mem[13][143] (+)
|-- (1)top.u_cxs_if.u_flit_fifo.mem[13][144] (+)
|-- (1)top.u_cxs_if.u_flit_fifo.mem[13][145] (+)
|-- (1)top.u_cxs_if.u_flit_fifo.mem[13][146] (+)
|-- (1)top.u_cxs_if.u_flit_fifo.mem[13][147] (+)
|-- (1)top.u_cxs_if.u_flit_fifo.mem[13][148] (+)
|-- (1)top.u_cxs_if.u_flit_fifo.mem[13][149] (+)
|-- (1)top.u_cxs_if.u_flit_fifo.mem[13][150] (+)
|-- (1)top.u_cxs_if.u_flit_fifo.mem[13][151] (+)
|-- (1)top.u_cxs_if.u_flit_fifo.mem[13][152] (+)
|-- (1)top.u_cxs_if.u_flit_fifo.mem[13][153] (+)
|-- (1)top.u_cxs_if.u_flit_fifo.mem[13][154] (+)
|-- (1)top.u_cxs_if.u_flit_fifo.mem[13][155] (+)
|-- (1)top.u_cxs_if.u_flit_fifo.mem[13][156] (+)
|-- (1)top.u_cxs_if.u_flit_fifo.mem[13][157] (+)
|-- (1)top.u_cxs_if.u_flit_fifo.mem[13][158] (+)
|-- (1)top.u_cxs_if.u_flit_fifo.mem[13][159] (+)
|-- (1)top.u_cxs_if.u_flit_fifo.mem[13][160] (+)
|-- (1)top.u_cxs_if.u_flit_fifo.mem[13][161] (+)
|-- (1)top.u_cxs_if.u_flit_fifo.mem[13][162] (+)
|-- (1)top.u_cxs_if.u_flit_fifo.mem[13][163] (+)
|-- (1)top.u_cxs_if.u_flit_fifo.mem[13][164] (+)
|-- (1)top.u_cxs_if.u_flit_fifo.mem[13][165] (+)
|-- (1)top.u_cxs_if.u_flit_fifo.mem[13][166] (+)
|-- (1)top.u_cxs_if.u_flit_fifo.mem[13][167] (+)
|-- (1)top.u_cxs_if.u_flit_fifo.mem[13][168] (+)
|-- (1)top.u_cxs_if.u_flit_fifo.mem[13][169] (+)
|-- (1)top.u_cxs_if.u_flit_fifo.mem[13][170] (+)
|-- (1)top.u_cxs_if.u_flit_fifo.mem[13][171] (+)
|-- (1)top.u_cxs_if.u_flit_fifo.mem[13][172] (+)
|-- (1)top.u_cxs_if.u_flit_fifo.mem[13][173] (+)
|-- (1)top.u_cxs_if.u_flit_fifo.mem[13][174] (+)
|-- (1)top.u_cxs_if.u_flit_fifo.mem[13][175] (+)
|-- (1)top.u_cxs_if.u_flit_fifo.mem[13][176] (+)
|-- (1)top.u_cxs_if.u_flit_fifo.mem[13][177] (+)
|-- (1)top.u_cxs_if.u_flit_fifo.mem[13][178] (+)
|-- (1)top.u_cxs_if.u_flit_fifo.mem[13][179] (+)
|-- (1)top.u_cxs_if.u_flit_fifo.mem[13][180] (+)
|-- (1)top.u_cxs_if.u_flit_fifo.mem[13][181] (+)
|-- (1)top.u_cxs_if.u_flit_fifo.mem[13][182] (+)
|-- (1)top.u_cxs_if.u_flit_fifo.mem[13][183] (+)
|-- (1)top.u_cxs_if.u_flit_fifo.mem[13][184] (+)
|-- (1)top.u_cxs_if.u_flit_fifo.mem[13][185] (+)
|-- (1)top.u_cxs_if.u_flit_fifo.mem[13][186] (+)
|-- (1)top.u_cxs_if.u_flit_fifo.mem[13][187] (+)
|-- (1)top.u_cxs_if.u_flit_fifo.mem[13][188] (+)
|-- (1)top.u_cxs_if.u_flit_fifo.mem[13][189] (+)
|-- (1)top.u_cxs_if.u_flit_fifo.mem[13][190] (+)
|-- (1)top.u_cxs_if.u_flit_fifo.mem[13][191] (+)
|-- (1)top.u_cxs_if.u_flit_fifo.mem[13][192] (+)
|-- (1)top.u_cxs_if.u_flit_fifo.mem[13][193] (+)
|-- (1)top.u_cxs_if.u_flit_fifo.mem[13][194] (+)
|-- (1)top.u_cxs_if.u_flit_fifo.mem[13][195] (+)
|-- (1)top.u_cxs_if.u_flit_fifo.mem[13][196] (+)
|-- (1)top.u_cxs_if.u_flit_fifo.mem[13][197] (+)
|-- (1)top.u_cxs_if.u_flit_fifo.mem[13][198] (+)
|-- (1)top.u_cxs_if.u_flit_fifo.mem[13][199] (+)
|-- (1)top.u_cxs_if.u_flit_fifo.mem[13][200] (+)
|-- (1)top.u_cxs_if.u_flit_fifo.mem[13][201] (+)
|-- (1)top.u_cxs_if.u_flit_fifo.mem[13][202] (+)
|-- (1)top.u_cxs_if.u_flit_fifo.mem[13][203] (+)
|-- (1)top.u_cxs_if.u_flit_fifo.mem[13][204] (+)
|-- (1)top.u_cxs_if.u_flit_fifo.mem[13][205] (+)
|-- (1)top.u_cxs_if.u_flit_fifo.mem[13][206] (+)
|-- (1)top.u_cxs_if.u_flit_fifo.mem[13][207] (+)
|-- (1)top.u_cxs_if.u_flit_fifo.mem[13][208] (+)
|-- (1)top.u_cxs_if.u_flit_fifo.mem[13][209] (+)
|-- (1)top.u_cxs_if.u_flit_fifo.mem[13][210] (+)
|-- (1)top.u_cxs_if.u_flit_fifo.mem[13][211] (+)
|-- (1)top.u_cxs_if.u_flit_fifo.mem[13][212] (+)
|-- (1)top.u_cxs_if.u_flit_fifo.mem[13][213] (+)
|-- (1)top.u_cxs_if.u_flit_fifo.mem[13][214] (+)
|-- (1)top.u_cxs_if.u_flit_fifo.mem[13][215] (+)
|-- (1)top.u_cxs_if.u_flit_fifo.mem[13][216] (+)
|-- (1)top.u_cxs_if.u_flit_fifo.mem[13][217] (+)
|-- (1)top.u_cxs_if.u_flit_fifo.mem[13][218] (+)
|-- (1)top.u_cxs_if.u_flit_fifo.mem[13][219] (+)
|-- (1)top.u_cxs_if.u_flit_fifo.mem[13][220] (+)
|-- (1)top.u_cxs_if.u_flit_fifo.mem[13][221] (+)
|-- (1)top.u_cxs_if.u_flit_fifo.mem[13][222] (+)
|-- (1)top.u_cxs_if.u_flit_fifo.mem[13][223] (+)
|-- (1)top.u_cxs_if.u_flit_fifo.mem[13][224] (+)
|-- (1)top.u_cxs_if.u_flit_fifo.mem[13][225] (+)
|-- (1)top.u_cxs_if.u_flit_fifo.mem[13][226] (+)
|-- (1)top.u_cxs_if.u_flit_fifo.mem[13][227] (+)
|-- (1)top.u_cxs_if.u_flit_fifo.mem[13][228] (+)
|-- (1)top.u_cxs_if.u_flit_fifo.mem[13][229] (+)
|-- (1)top.u_cxs_if.u_flit_fifo.mem[13][230] (+)
|-- (1)top.u_cxs_if.u_flit_fifo.mem[13][231] (+)
|-- (1)top.u_cxs_if.u_flit_fifo.mem[13][232] (+)
|-- (1)top.u_cxs_if.u_flit_fifo.mem[13][233] (+)
|-- (1)top.u_cxs_if.u_flit_fifo.mem[13][234] (+)
|-- (1)top.u_cxs_if.u_flit_fifo.mem[13][235] (+)
|-- (1)top.u_cxs_if.u_flit_fifo.mem[13][236] (+)
|-- (1)top.u_cxs_if.u_flit_fifo.mem[13][237] (+)
|-- (1)top.u_cxs_if.u_flit_fifo.mem[13][238] (+)
|-- (1)top.u_cxs_if.u_flit_fifo.mem[13][239] (+)
|-- (1)top.u_cxs_if.u_flit_fifo.mem[13][240] (+)
|-- (1)top.u_cxs_if.u_flit_fifo.mem[13][241] (+)
|-- (1)top.u_cxs_if.u_flit_fifo.mem[13][242] (+)
|-- (1)top.u_cxs_if.u_flit_fifo.mem[13][243] (+)
|-- (1)top.u_cxs_if.u_flit_fifo.mem[13][244] (+)
|-- (1)top.u_cxs_if.u_flit_fifo.mem[13][245] (+)
|-- (1)top.u_cxs_if.u_flit_fifo.mem[13][246] (+)
|-- (1)top.u_cxs_if.u_flit_fifo.mem[13][247] (+)
|-- (1)top.u_cxs_if.u_flit_fifo.mem[13][248] (+)
|-- (1)top.u_cxs_if.u_flit_fifo.mem[13][249] (+)
|-- (1)top.u_cxs_if.u_flit_fifo.mem[13][250] (+)
|-- (1)top.u_cxs_if.u_flit_fifo.mem[13][251] (+)
|-- (1)top.u_cxs_if.u_flit_fifo.mem[13][252] (+)
|-- (1)top.u_cxs_if.u_flit_fifo.mem[13][253] (+)
|-- (1)top.u_cxs_if.u_flit_fifo.mem[13][254] (+)
|-- (1)top.u_cxs_if.u_flit_fifo.mem[13][255] (+)
|-- (1)top.u_cxs_if.u_flit_fifo.mem[13][256] (+)
|-- (1)top.u_cxs_if.u_flit_fifo.mem[13][257] (+)
|-- (1)top.u_cxs_if.u_flit_fifo.mem[13][258] (+)
|-- (1)top.u_cxs_if.u_flit_fifo.mem[13][259] (+)
|-- (1)top.u_cxs_if.u_flit_fifo.mem[13][260] (+)
|-- (1)top.u_cxs_if.u_flit_fifo.mem[13][261] (+)
|-- (1)top.u_cxs_if.u_flit_fifo.mem[13][262] (+)
|-- (1)top.u_cxs_if.u_flit_fifo.mem[13][263] (+)
|-- (1)top.u_cxs_if.u_flit_fifo.mem[13][264] (+)
|-- (1)top.u_cxs_if.u_flit_fifo.mem[13][265] (+)
|-- (1)top.u_cxs_if.u_flit_fifo.mem[13][266] (+)
|-- (1)top.u_cxs_if.u_flit_fifo.mem[13][267] (+)
|-- (1)top.u_cxs_if.u_flit_fifo.mem[13][268] (+)
|-- (1)top.u_cxs_if.u_flit_fifo.mem[13][269] (+)
|-- (1)top.u_cxs_if.u_flit_fifo.mem[12][0] (+)
|-- (1)top.u_cxs_if.u_flit_fifo.mem[12][1] (+)
|-- (1)top.u_cxs_if.u_flit_fifo.mem[12][2] (+)
|-- (1)top.u_cxs_if.u_flit_fifo.mem[12][3] (+)
|-- (1)top.u_cxs_if.u_flit_fifo.mem[12][4] (+)
|-- (1)top.u_cxs_if.u_flit_fifo.mem[12][5] (+)
|-- (1)top.u_cxs_if.u_flit_fifo.mem[12][6] (+)
|-- (1)top.u_cxs_if.u_flit_fifo.mem[12][7] (+)
|-- (1)top.u_cxs_if.u_flit_fifo.mem[12][8] (+)
|-- (1)top.u_cxs_if.u_flit_fifo.mem[12][9] (+)
|-- (1)top.u_cxs_if.u_flit_fifo.mem[12][10] (+)
|-- (1)top.u_cxs_if.u_flit_fifo.mem[12][11] (+)
|-- (1)top.u_cxs_if.u_flit_fifo.mem[12][12] (+)
|-- (1)top.u_cxs_if.u_flit_fifo.mem[12][13] (+)
|-- (1)top.u_cxs_if.u_flit_fifo.mem[12][14] (+)
|-- (1)top.u_cxs_if.u_flit_fifo.mem[12][15] (+)
|-- (1)top.u_cxs_if.u_flit_fifo.mem[12][16] (+)
|-- (1)top.u_cxs_if.u_flit_fifo.mem[12][17] (+)
|-- (1)top.u_cxs_if.u_flit_fifo.mem[12][18] (+)
|-- (1)top.u_cxs_if.u_flit_fifo.mem[12][19] (+)
|-- (1)top.u_cxs_if.u_flit_fifo.mem[12][20] (+)
|-- (1)top.u_cxs_if.u_flit_fifo.mem[12][21] (+)
|-- (1)top.u_cxs_if.u_flit_fifo.mem[12][22] (+)
|-- (1)top.u_cxs_if.u_flit_fifo.mem[12][23] (+)
|-- (1)top.u_cxs_if.u_flit_fifo.mem[12][24] (+)
|-- (1)top.u_cxs_if.u_flit_fifo.mem[12][25] (+)
|-- (1)top.u_cxs_if.u_flit_fifo.mem[12][26] (+)
|-- (1)top.u_cxs_if.u_flit_fifo.mem[12][27] (+)
|-- (1)top.u_cxs_if.u_flit_fifo.mem[12][28] (+)
|-- (1)top.u_cxs_if.u_flit_fifo.mem[12][29] (+)
|-- (1)top.u_cxs_if.u_flit_fifo.mem[12][30] (+)
|-- (1)top.u_cxs_if.u_flit_fifo.mem[12][31] (+)
|-- (1)top.u_cxs_if.u_flit_fifo.mem[12][32] (+)
|-- (1)top.u_cxs_if.u_flit_fifo.mem[12][33] (+)
|-- (1)top.u_cxs_if.u_flit_fifo.mem[12][34] (+)
|-- (1)top.u_cxs_if.u_flit_fifo.mem[12][35] (+)
|-- (1)top.u_cxs_if.u_flit_fifo.mem[12][36] (+)
|-- (1)top.u_cxs_if.u_flit_fifo.mem[12][37] (+)
|-- (1)top.u_cxs_if.u_flit_fifo.mem[12][38] (+)
|-- (1)top.u_cxs_if.u_flit_fifo.mem[12][39] (+)
|-- (1)top.u_cxs_if.u_flit_fifo.mem[12][40] (+)
|-- (1)top.u_cxs_if.u_flit_fifo.mem[12][41] (+)
|-- (1)top.u_cxs_if.u_flit_fifo.mem[12][42] (+)
|-- (1)top.u_cxs_if.u_flit_fifo.mem[12][43] (+)
|-- (1)top.u_cxs_if.u_flit_fifo.mem[12][44] (+)
|-- (1)top.u_cxs_if.u_flit_fifo.mem[12][45] (+)
|-- (1)top.u_cxs_if.u_flit_fifo.mem[12][46] (+)
|-- (1)top.u_cxs_if.u_flit_fifo.mem[12][47] (+)
|-- (1)top.u_cxs_if.u_flit_fifo.mem[12][48] (+)
|-- (1)top.u_cxs_if.u_flit_fifo.mem[12][49] (+)
|-- (1)top.u_cxs_if.u_flit_fifo.mem[12][50] (+)
|-- (1)top.u_cxs_if.u_flit_fifo.mem[12][51] (+)
|-- (1)top.u_cxs_if.u_flit_fifo.mem[12][52] (+)
|-- (1)top.u_cxs_if.u_flit_fifo.mem[12][53] (+)
|-- (1)top.u_cxs_if.u_flit_fifo.mem[12][54] (+)
|-- (1)top.u_cxs_if.u_flit_fifo.mem[12][55] (+)
|-- (1)top.u_cxs_if.u_flit_fifo.mem[12][56] (+)
|-- (1)top.u_cxs_if.u_flit_fifo.mem[12][57] (+)
|-- (1)top.u_cxs_if.u_flit_fifo.mem[12][58] (+)
|-- (1)top.u_cxs_if.u_flit_fifo.mem[12][59] (+)
|-- (1)top.u_cxs_if.u_flit_fifo.mem[12][60] (+)
|-- (1)top.u_cxs_if.u_flit_fifo.mem[12][61] (+)
|-- (1)top.u_cxs_if.u_flit_fifo.mem[12][62] (+)
|-- (1)top.u_cxs_if.u_flit_fifo.mem[12][63] (+)
|-- (1)top.u_cxs_if.u_flit_fifo.mem[12][64] (+)
|-- (1)top.u_cxs_if.u_flit_fifo.mem[12][65] (+)
|-- (1)top.u_cxs_if.u_flit_fifo.mem[12][66] (+)
|-- (1)top.u_cxs_if.u_flit_fifo.mem[12][67] (+)
|-- (1)top.u_cxs_if.u_flit_fifo.mem[12][68] (+)
|-- (1)top.u_cxs_if.u_flit_fifo.mem[12][69] (+)
|-- (1)top.u_cxs_if.u_flit_fifo.mem[12][70] (+)
|-- (1)top.u_cxs_if.u_flit_fifo.mem[12][71] (+)
|-- (1)top.u_cxs_if.u_flit_fifo.mem[12][72] (+)
|-- (1)top.u_cxs_if.u_flit_fifo.mem[12][73] (+)
|-- (1)top.u_cxs_if.u_flit_fifo.mem[12][74] (+)
|-- (1)top.u_cxs_if.u_flit_fifo.mem[12][75] (+)
|-- (1)top.u_cxs_if.u_flit_fifo.mem[12][76] (+)
|-- (1)top.u_cxs_if.u_flit_fifo.mem[12][77] (+)
|-- (1)top.u_cxs_if.u_flit_fifo.mem[12][78] (+)
|-- (1)top.u_cxs_if.u_flit_fifo.mem[12][79] (+)
|-- (1)top.u_cxs_if.u_flit_fifo.mem[12][80] (+)
|-- (1)top.u_cxs_if.u_flit_fifo.mem[12][81] (+)
|-- (1)top.u_cxs_if.u_flit_fifo.mem[12][82] (+)
|-- (1)top.u_cxs_if.u_flit_fifo.mem[12][83] (+)
|-- (1)top.u_cxs_if.u_flit_fifo.mem[12][84] (+)
|-- (1)top.u_cxs_if.u_flit_fifo.mem[12][85] (+)
|-- (1)top.u_cxs_if.u_flit_fifo.mem[12][86] (+)
|-- (1)top.u_cxs_if.u_flit_fifo.mem[12][87] (+)
|-- (1)top.u_cxs_if.u_flit_fifo.mem[12][88] (+)
|-- (1)top.u_cxs_if.u_flit_fifo.mem[12][89] (+)
|-- (1)top.u_cxs_if.u_flit_fifo.mem[12][90] (+)
|-- (1)top.u_cxs_if.u_flit_fifo.mem[12][91] (+)
|-- (1)top.u_cxs_if.u_flit_fifo.mem[12][92] (+)
|-- (1)top.u_cxs_if.u_flit_fifo.mem[12][93] (+)
|-- (1)top.u_cxs_if.u_flit_fifo.mem[12][94] (+)
|-- (1)top.u_cxs_if.u_flit_fifo.mem[12][95] (+)
|-- (1)top.u_cxs_if.u_flit_fifo.mem[12][96] (+)
|-- (1)top.u_cxs_if.u_flit_fifo.mem[12][97] (+)
|-- (1)top.u_cxs_if.u_flit_fifo.mem[12][98] (+)
|-- (1)top.u_cxs_if.u_flit_fifo.mem[12][99] (+)
|-- (1)top.u_cxs_if.u_flit_fifo.mem[12][100] (+)
|-- (1)top.u_cxs_if.u_flit_fifo.mem[12][101] (+)
|-- (1)top.u_cxs_if.u_flit_fifo.mem[12][102] (+)
|-- (1)top.u_cxs_if.u_flit_fifo.mem[12][103] (+)
|-- (1)top.u_cxs_if.u_flit_fifo.mem[12][104] (+)
|-- (1)top.u_cxs_if.u_flit_fifo.mem[12][105] (+)
|-- (1)top.u_cxs_if.u_flit_fifo.mem[12][106] (+)
|-- (1)top.u_cxs_if.u_flit_fifo.mem[12][107] (+)
|-- (1)top.u_cxs_if.u_flit_fifo.mem[12][108] (+)
|-- (1)top.u_cxs_if.u_flit_fifo.mem[12][109] (+)
|-- (1)top.u_cxs_if.u_flit_fifo.mem[12][110] (+)
|-- (1)top.u_cxs_if.u_flit_fifo.mem[12][111] (+)
|-- (1)top.u_cxs_if.u_flit_fifo.mem[12][112] (+)
|-- (1)top.u_cxs_if.u_flit_fifo.mem[12][113] (+)
|-- (1)top.u_cxs_if.u_flit_fifo.mem[12][114] (+)
|-- (1)top.u_cxs_if.u_flit_fifo.mem[12][115] (+)
|-- (1)top.u_cxs_if.u_flit_fifo.mem[12][116] (+)
|-- (1)top.u_cxs_if.u_flit_fifo.mem[12][117] (+)
|-- (1)top.u_cxs_if.u_flit_fifo.mem[12][118] (+)
|-- (1)top.u_cxs_if.u_flit_fifo.mem[12][119] (+)
|-- (1)top.u_cxs_if.u_flit_fifo.mem[12][120] (+)
|-- (1)top.u_cxs_if.u_flit_fifo.mem[12][121] (+)
|-- (1)top.u_cxs_if.u_flit_fifo.mem[12][122] (+)
|-- (1)top.u_cxs_if.u_flit_fifo.mem[12][123] (+)
|-- (1)top.u_cxs_if.u_flit_fifo.mem[12][124] (+)
|-- (1)top.u_cxs_if.u_flit_fifo.mem[12][125] (+)
|-- (1)top.u_cxs_if.u_flit_fifo.mem[12][126] (+)
|-- (1)top.u_cxs_if.u_flit_fifo.mem[12][127] (+)
|-- (1)top.u_cxs_if.u_flit_fifo.mem[12][128] (+)
|-- (1)top.u_cxs_if.u_flit_fifo.mem[12][129] (+)
|-- (1)top.u_cxs_if.u_flit_fifo.mem[12][130] (+)
|-- (1)top.u_cxs_if.u_flit_fifo.mem[12][131] (+)
|-- (1)top.u_cxs_if.u_flit_fifo.mem[12][132] (+)
|-- (1)top.u_cxs_if.u_flit_fifo.mem[12][133] (+)
|-- (1)top.u_cxs_if.u_flit_fifo.mem[12][134] (+)
|-- (1)top.u_cxs_if.u_flit_fifo.mem[12][135] (+)
|-- (1)top.u_cxs_if.u_flit_fifo.mem[12][136] (+)
|-- (1)top.u_cxs_if.u_flit_fifo.mem[12][137] (+)
|-- (1)top.u_cxs_if.u_flit_fifo.mem[12][138] (+)
|-- (1)top.u_cxs_if.u_flit_fifo.mem[12][139] (+)
|-- (1)top.u_cxs_if.u_flit_fifo.mem[12][140] (+)
|-- (1)top.u_cxs_if.u_flit_fifo.mem[12][141] (+)
|-- (1)top.u_cxs_if.u_flit_fifo.mem[12][142] (+)
|-- (1)top.u_cxs_if.u_flit_fifo.mem[12][143] (+)
|-- (1)top.u_cxs_if.u_flit_fifo.mem[12][144] (+)
|-- (1)top.u_cxs_if.u_flit_fifo.mem[12][145] (+)
|-- (1)top.u_cxs_if.u_flit_fifo.mem[12][146] (+)
|-- (1)top.u_cxs_if.u_flit_fifo.mem[12][147] (+)
|-- (1)top.u_cxs_if.u_flit_fifo.mem[12][148] (+)
|-- (1)top.u_cxs_if.u_flit_fifo.mem[12][149] (+)
|-- (1)top.u_cxs_if.u_flit_fifo.mem[12][150] (+)
|-- (1)top.u_cxs_if.u_flit_fifo.mem[12][151] (+)
|-- (1)top.u_cxs_if.u_flit_fifo.mem[12][152] (+)
|-- (1)top.u_cxs_if.u_flit_fifo.mem[12][153] (+)
|-- (1)top.u_cxs_if.u_flit_fifo.mem[12][154] (+)
|-- (1)top.u_cxs_if.u_flit_fifo.mem[12][155] (+)
|-- (1)top.u_cxs_if.u_flit_fifo.mem[12][156] (+)
|-- (1)top.u_cxs_if.u_flit_fifo.mem[12][157] (+)
|-- (1)top.u_cxs_if.u_flit_fifo.mem[12][158] (+)
|-- (1)top.u_cxs_if.u_flit_fifo.mem[12][159] (+)
|-- (1)top.u_cxs_if.u_flit_fifo.mem[12][160] (+)
|-- (1)top.u_cxs_if.u_flit_fifo.mem[12][161] (+)
|-- (1)top.u_cxs_if.u_flit_fifo.mem[12][162] (+)
|-- (1)top.u_cxs_if.u_flit_fifo.mem[12][163] (+)
|-- (1)top.u_cxs_if.u_flit_fifo.mem[12][164] (+)
|-- (1)top.u_cxs_if.u_flit_fifo.mem[12][165] (+)
|-- (1)top.u_cxs_if.u_flit_fifo.mem[12][166] (+)
|-- (1)top.u_cxs_if.u_flit_fifo.mem[12][167] (+)
|-- (1)top.u_cxs_if.u_flit_fifo.mem[12][168] (+)
|-- (1)top.u_cxs_if.u_flit_fifo.mem[12][169] (+)
|-- (1)top.u_cxs_if.u_flit_fifo.mem[12][170] (+)
|-- (1)top.u_cxs_if.u_flit_fifo.mem[12][171] (+)
|-- (1)top.u_cxs_if.u_flit_fifo.mem[12][172] (+)
|-- (1)top.u_cxs_if.u_flit_fifo.mem[12][173] (+)
|-- (1)top.u_cxs_if.u_flit_fifo.mem[12][174] (+)
|-- (1)top.u_cxs_if.u_flit_fifo.mem[12][175] (+)
|-- (1)top.u_cxs_if.u_flit_fifo.mem[12][176] (+)
|-- (1)top.u_cxs_if.u_flit_fifo.mem[12][177] (+)
|-- (1)top.u_cxs_if.u_flit_fifo.mem[12][178] (+)
|-- (1)top.u_cxs_if.u_flit_fifo.mem[12][179] (+)
|-- (1)top.u_cxs_if.u_flit_fifo.mem[12][180] (+)
|-- (1)top.u_cxs_if.u_flit_fifo.mem[12][181] (+)
|-- (1)top.u_cxs_if.u_flit_fifo.mem[12][182] (+)
|-- (1)top.u_cxs_if.u_flit_fifo.mem[12][183] (+)
|-- (1)top.u_cxs_if.u_flit_fifo.mem[12][184] (+)
|-- (1)top.u_cxs_if.u_flit_fifo.mem[12][185] (+)
|-- (1)top.u_cxs_if.u_flit_fifo.mem[12][186] (+)
|-- (1)top.u_cxs_if.u_flit_fifo.mem[12][187] (+)
|-- (1)top.u_cxs_if.u_flit_fifo.mem[12][188] (+)
|-- (1)top.u_cxs_if.u_flit_fifo.mem[12][189] (+)
|-- (1)top.u_cxs_if.u_flit_fifo.mem[12][190] (+)
|-- (1)top.u_cxs_if.u_flit_fifo.mem[12][191] (+)
|-- (1)top.u_cxs_if.u_flit_fifo.mem[12][192] (+)
|-- (1)top.u_cxs_if.u_flit_fifo.mem[12][193] (+)
|-- (1)top.u_cxs_if.u_flit_fifo.mem[12][194] (+)
|-- (1)top.u_cxs_if.u_flit_fifo.mem[12][195] (+)
|-- (1)top.u_cxs_if.u_flit_fifo.mem[12][196] (+)
|-- (1)top.u_cxs_if.u_flit_fifo.mem[12][197] (+)
|-- (1)top.u_cxs_if.u_flit_fifo.mem[12][198] (+)
|-- (1)top.u_cxs_if.u_flit_fifo.mem[12][199] (+)
|-- (1)top.u_cxs_if.u_flit_fifo.mem[12][200] (+)
|-- (1)top.u_cxs_if.u_flit_fifo.mem[12][201] (+)
|-- (1)top.u_cxs_if.u_flit_fifo.mem[12][202] (+)
|-- (1)top.u_cxs_if.u_flit_fifo.mem[12][203] (+)
|-- (1)top.u_cxs_if.u_flit_fifo.mem[12][204] (+)
|-- (1)top.u_cxs_if.u_flit_fifo.mem[12][205] (+)
|-- (1)top.u_cxs_if.u_flit_fifo.mem[12][206] (+)
|-- (1)top.u_cxs_if.u_flit_fifo.mem[12][207] (+)
|-- (1)top.u_cxs_if.u_flit_fifo.mem[12][208] (+)
|-- (1)top.u_cxs_if.u_flit_fifo.mem[12][209] (+)
|-- (1)top.u_cxs_if.u_flit_fifo.mem[12][210] (+)
|-- (1)top.u_cxs_if.u_flit_fifo.mem[12][211] (+)
|-- (1)top.u_cxs_if.u_flit_fifo.mem[12][212] (+)
|-- (1)top.u_cxs_if.u_flit_fifo.mem[12][213] (+)
|-- (1)top.u_cxs_if.u_flit_fifo.mem[12][214] (+)
|-- (1)top.u_cxs_if.u_flit_fifo.mem[12][215] (+)
|-- (1)top.u_cxs_if.u_flit_fifo.mem[12][216] (+)
|-- (1)top.u_cxs_if.u_flit_fifo.mem[12][217] (+)
|-- (1)top.u_cxs_if.u_flit_fifo.mem[12][218] (+)
|-- (1)top.u_cxs_if.u_flit_fifo.mem[12][219] (+)
|-- (1)top.u_cxs_if.u_flit_fifo.mem[12][220] (+)
|-- (1)top.u_cxs_if.u_flit_fifo.mem[12][221] (+)
|-- (1)top.u_cxs_if.u_flit_fifo.mem[12][222] (+)
|-- (1)top.u_cxs_if.u_flit_fifo.mem[12][223] (+)
|-- (1)top.u_cxs_if.u_flit_fifo.mem[12][224] (+)
|-- (1)top.u_cxs_if.u_flit_fifo.mem[12][225] (+)
|-- (1)top.u_cxs_if.u_flit_fifo.mem[12][226] (+)
|-- (1)top.u_cxs_if.u_flit_fifo.mem[12][227] (+)
|-- (1)top.u_cxs_if.u_flit_fifo.mem[12][228] (+)
|-- (1)top.u_cxs_if.u_flit_fifo.mem[12][229] (+)
|-- (1)top.u_cxs_if.u_flit_fifo.mem[12][230] (+)
|-- (1)top.u_cxs_if.u_flit_fifo.mem[12][231] (+)
|-- (1)top.u_cxs_if.u_flit_fifo.mem[12][232] (+)
|-- (1)top.u_cxs_if.u_flit_fifo.mem[12][233] (+)
|-- (1)top.u_cxs_if.u_flit_fifo.mem[12][234] (+)
|-- (1)top.u_cxs_if.u_flit_fifo.mem[12][235] (+)
|-- (1)top.u_cxs_if.u_flit_fifo.mem[12][236] (+)
|-- (1)top.u_cxs_if.u_flit_fifo.mem[12][237] (+)
|-- (1)top.u_cxs_if.u_flit_fifo.mem[12][238] (+)
|-- (1)top.u_cxs_if.u_flit_fifo.mem[12][239] (+)
|-- (1)top.u_cxs_if.u_flit_fifo.mem[12][240] (+)
|-- (1)top.u_cxs_if.u_flit_fifo.mem[12][241] (+)
|-- (1)top.u_cxs_if.u_flit_fifo.mem[12][242] (+)
|-- (1)top.u_cxs_if.u_flit_fifo.mem[12][243] (+)
|-- (1)top.u_cxs_if.u_flit_fifo.mem[12][244] (+)
|-- (1)top.u_cxs_if.u_flit_fifo.mem[12][245] (+)
|-- (1)top.u_cxs_if.u_flit_fifo.mem[12][246] (+)
|-- (1)top.u_cxs_if.u_flit_fifo.mem[12][247] (+)
|-- (1)top.u_cxs_if.u_flit_fifo.mem[12][248] (+)
|-- (1)top.u_cxs_if.u_flit_fifo.mem[12][249] (+)
|-- (1)top.u_cxs_if.u_flit_fifo.mem[12][250] (+)
|-- (1)top.u_cxs_if.u_flit_fifo.mem[12][251] (+)
|-- (1)top.u_cxs_if.u_flit_fifo.mem[12][252] (+)
|-- (1)top.u_cxs_if.u_flit_fifo.mem[12][253] (+)
|-- (1)top.u_cxs_if.u_flit_fifo.mem[12][254] (+)
|-- (1)top.u_cxs_if.u_flit_fifo.mem[12][255] (+)
|-- (1)top.u_cxs_if.u_flit_fifo.mem[12][256] (+)
|-- (1)top.u_cxs_if.u_flit_fifo.mem[12][257] (+)
|-- (1)top.u_cxs_if.u_flit_fifo.mem[12][258] (+)
|-- (1)top.u_cxs_if.u_flit_fifo.mem[12][259] (+)
|-- (1)top.u_cxs_if.u_flit_fifo.mem[12][260] (+)
|-- (1)top.u_cxs_if.u_flit_fifo.mem[12][261] (+)
|-- (1)top.u_cxs_if.u_flit_fifo.mem[12][262] (+)
|-- (1)top.u_cxs_if.u_flit_fifo.mem[12][263] (+)
|-- (1)top.u_cxs_if.u_flit_fifo.mem[12][264] (+)
|-- (1)top.u_cxs_if.u_flit_fifo.mem[12][265] (+)
|-- (1)top.u_cxs_if.u_flit_fifo.mem[12][266] (+)
|-- (1)top.u_cxs_if.u_flit_fifo.mem[12][267] (+)
|-- (1)top.u_cxs_if.u_flit_fifo.mem[12][268] (+)
|-- (1)top.u_cxs_if.u_flit_fifo.mem[12][269] (+)
|-- (1)top.u_cxs_if.u_flit_fifo.mem[11][0] (+)
|-- (1)top.u_cxs_if.u_flit_fifo.mem[11][1] (+)
|-- (1)top.u_cxs_if.u_flit_fifo.mem[11][2] (+)
|-- (1)top.u_cxs_if.u_flit_fifo.mem[11][3] (+)
|-- (1)top.u_cxs_if.u_flit_fifo.mem[11][4] (+)
|-- (1)top.u_cxs_if.u_flit_fifo.mem[11][5] (+)
|-- (1)top.u_cxs_if.u_flit_fifo.mem[11][6] (+)
|-- (1)top.u_cxs_if.u_flit_fifo.mem[11][7] (+)
|-- (1)top.u_cxs_if.u_flit_fifo.mem[11][8] (+)
|-- (1)top.u_cxs_if.u_flit_fifo.mem[11][9] (+)
|-- (1)top.u_cxs_if.u_flit_fifo.mem[11][10] (+)
|-- (1)top.u_cxs_if.u_flit_fifo.mem[11][11] (+)
|-- (1)top.u_cxs_if.u_flit_fifo.mem[11][12] (+)
|-- (1)top.u_cxs_if.u_flit_fifo.mem[11][13] (+)
|-- (1)top.u_cxs_if.u_flit_fifo.mem[11][14] (+)
|-- (1)top.u_cxs_if.u_flit_fifo.mem[11][15] (+)
|-- (1)top.u_cxs_if.u_flit_fifo.mem[11][16] (+)
|-- (1)top.u_cxs_if.u_flit_fifo.mem[11][17] (+)
|-- (1)top.u_cxs_if.u_flit_fifo.mem[11][18] (+)
|-- (1)top.u_cxs_if.u_flit_fifo.mem[11][19] (+)
|-- (1)top.u_cxs_if.u_flit_fifo.mem[11][20] (+)
|-- (1)top.u_cxs_if.u_flit_fifo.mem[11][21] (+)
|-- (1)top.u_cxs_if.u_flit_fifo.mem[11][22] (+)
|-- (1)top.u_cxs_if.u_flit_fifo.mem[11][23] (+)
|-- (1)top.u_cxs_if.u_flit_fifo.mem[11][24] (+)
|-- (1)top.u_cxs_if.u_flit_fifo.mem[11][25] (+)
|-- (1)top.u_cxs_if.u_flit_fifo.mem[11][26] (+)
|-- (1)top.u_cxs_if.u_flit_fifo.mem[11][27] (+)
|-- (1)top.u_cxs_if.u_flit_fifo.mem[11][28] (+)
|-- (1)top.u_cxs_if.u_flit_fifo.mem[11][29] (+)
|-- (1)top.u_cxs_if.u_flit_fifo.mem[11][30] (+)
|-- (1)top.u_cxs_if.u_flit_fifo.mem[11][31] (+)
|-- (1)top.u_cxs_if.u_flit_fifo.mem[11][32] (+)
|-- (1)top.u_cxs_if.u_flit_fifo.mem[11][33] (+)
|-- (1)top.u_cxs_if.u_flit_fifo.mem[11][34] (+)
|-- (1)top.u_cxs_if.u_flit_fifo.mem[11][35] (+)
|-- (1)top.u_cxs_if.u_flit_fifo.mem[11][36] (+)
|-- (1)top.u_cxs_if.u_flit_fifo.mem[11][37] (+)
|-- (1)top.u_cxs_if.u_flit_fifo.mem[11][38] (+)
|-- (1)top.u_cxs_if.u_flit_fifo.mem[11][39] (+)
|-- (1)top.u_cxs_if.u_flit_fifo.mem[11][40] (+)
|-- (1)top.u_cxs_if.u_flit_fifo.mem[11][41] (+)
|-- (1)top.u_cxs_if.u_flit_fifo.mem[11][42] (+)
|-- (1)top.u_cxs_if.u_flit_fifo.mem[11][43] (+)
|-- (1)top.u_cxs_if.u_flit_fifo.mem[11][44] (+)
|-- (1)top.u_cxs_if.u_flit_fifo.mem[11][45] (+)
|-- (1)top.u_cxs_if.u_flit_fifo.mem[11][46] (+)
|-- (1)top.u_cxs_if.u_flit_fifo.mem[11][47] (+)
|-- (1)top.u_cxs_if.u_flit_fifo.mem[11][48] (+)
|-- (1)top.u_cxs_if.u_flit_fifo.mem[11][49] (+)
|-- (1)top.u_cxs_if.u_flit_fifo.mem[11][50] (+)
|-- (1)top.u_cxs_if.u_flit_fifo.mem[11][51] (+)
|-- (1)top.u_cxs_if.u_flit_fifo.mem[11][52] (+)
|-- (1)top.u_cxs_if.u_flit_fifo.mem[11][53] (+)
|-- (1)top.u_cxs_if.u_flit_fifo.mem[11][54] (+)
|-- (1)top.u_cxs_if.u_flit_fifo.mem[11][55] (+)
|-- (1)top.u_cxs_if.u_flit_fifo.mem[11][56] (+)
|-- (1)top.u_cxs_if.u_flit_fifo.mem[11][57] (+)
|-- (1)top.u_cxs_if.u_flit_fifo.mem[11][58] (+)
|-- (1)top.u_cxs_if.u_flit_fifo.mem[11][59] (+)
|-- (1)top.u_cxs_if.u_flit_fifo.mem[11][60] (+)
|-- (1)top.u_cxs_if.u_flit_fifo.mem[11][61] (+)
|-- (1)top.u_cxs_if.u_flit_fifo.mem[11][62] (+)
|-- (1)top.u_cxs_if.u_flit_fifo.mem[11][63] (+)
|-- (1)top.u_cxs_if.u_flit_fifo.mem[11][64] (+)
|-- (1)top.u_cxs_if.u_flit_fifo.mem[11][65] (+)
|-- (1)top.u_cxs_if.u_flit_fifo.mem[11][66] (+)
|-- (1)top.u_cxs_if.u_flit_fifo.mem[11][67] (+)
|-- (1)top.u_cxs_if.u_flit_fifo.mem[11][68] (+)
|-- (1)top.u_cxs_if.u_flit_fifo.mem[11][69] (+)
|-- (1)top.u_cxs_if.u_flit_fifo.mem[11][70] (+)
|-- (1)top.u_cxs_if.u_flit_fifo.mem[11][71] (+)
|-- (1)top.u_cxs_if.u_flit_fifo.mem[11][72] (+)
|-- (1)top.u_cxs_if.u_flit_fifo.mem[11][73] (+)
|-- (1)top.u_cxs_if.u_flit_fifo.mem[11][74] (+)
|-- (1)top.u_cxs_if.u_flit_fifo.mem[11][75] (+)
|-- (1)top.u_cxs_if.u_flit_fifo.mem[11][76] (+)
|-- (1)top.u_cxs_if.u_flit_fifo.mem[11][77] (+)
|-- (1)top.u_cxs_if.u_flit_fifo.mem[11][78] (+)
|-- (1)top.u_cxs_if.u_flit_fifo.mem[11][79] (+)
|-- (1)top.u_cxs_if.u_flit_fifo.mem[11][80] (+)
|-- (1)top.u_cxs_if.u_flit_fifo.mem[11][81] (+)
|-- (1)top.u_cxs_if.u_flit_fifo.mem[11][82] (+)
|-- (1)top.u_cxs_if.u_flit_fifo.mem[11][83] (+)
|-- (1)top.u_cxs_if.u_flit_fifo.mem[11][84] (+)
|-- (1)top.u_cxs_if.u_flit_fifo.mem[11][85] (+)
|-- (1)top.u_cxs_if.u_flit_fifo.mem[11][86] (+)
|-- (1)top.u_cxs_if.u_flit_fifo.mem[11][87] (+)
|-- (1)top.u_cxs_if.u_flit_fifo.mem[11][88] (+)
|-- (1)top.u_cxs_if.u_flit_fifo.mem[11][89] (+)
|-- (1)top.u_cxs_if.u_flit_fifo.mem[11][90] (+)
|-- (1)top.u_cxs_if.u_flit_fifo.mem[11][91] (+)
|-- (1)top.u_cxs_if.u_flit_fifo.mem[11][92] (+)
|-- (1)top.u_cxs_if.u_flit_fifo.mem[11][93] (+)
|-- (1)top.u_cxs_if.u_flit_fifo.mem[11][94] (+)
|-- (1)top.u_cxs_if.u_flit_fifo.mem[11][95] (+)
|-- (1)top.u_cxs_if.u_flit_fifo.mem[11][96] (+)
|-- (1)top.u_cxs_if.u_flit_fifo.mem[11][97] (+)
|-- (1)top.u_cxs_if.u_flit_fifo.mem[11][98] (+)
|-- (1)top.u_cxs_if.u_flit_fifo.mem[11][99] (+)
|-- (1)top.u_cxs_if.u_flit_fifo.mem[11][100] (+)
|-- (1)top.u_cxs_if.u_flit_fifo.mem[11][101] (+)
|-- (1)top.u_cxs_if.u_flit_fifo.mem[11][102] (+)
|-- (1)top.u_cxs_if.u_flit_fifo.mem[11][103] (+)
|-- (1)top.u_cxs_if.u_flit_fifo.mem[11][104] (+)
|-- (1)top.u_cxs_if.u_flit_fifo.mem[11][105] (+)
|-- (1)top.u_cxs_if.u_flit_fifo.mem[11][106] (+)
|-- (1)top.u_cxs_if.u_flit_fifo.mem[11][107] (+)
|-- (1)top.u_cxs_if.u_flit_fifo.mem[11][108] (+)
|-- (1)top.u_cxs_if.u_flit_fifo.mem[11][109] (+)
|-- (1)top.u_cxs_if.u_flit_fifo.mem[11][110] (+)
|-- (1)top.u_cxs_if.u_flit_fifo.mem[11][111] (+)
|-- (1)top.u_cxs_if.u_flit_fifo.mem[11][112] (+)
|-- (1)top.u_cxs_if.u_flit_fifo.mem[11][113] (+)
|-- (1)top.u_cxs_if.u_flit_fifo.mem[11][114] (+)
|-- (1)top.u_cxs_if.u_flit_fifo.mem[11][115] (+)
|-- (1)top.u_cxs_if.u_flit_fifo.mem[11][116] (+)
|-- (1)top.u_cxs_if.u_flit_fifo.mem[11][117] (+)
|-- (1)top.u_cxs_if.u_flit_fifo.mem[11][118] (+)
|-- (1)top.u_cxs_if.u_flit_fifo.mem[11][119] (+)
|-- (1)top.u_cxs_if.u_flit_fifo.mem[11][120] (+)
|-- (1)top.u_cxs_if.u_flit_fifo.mem[11][121] (+)
|-- (1)top.u_cxs_if.u_flit_fifo.mem[11][122] (+)
|-- (1)top.u_cxs_if.u_flit_fifo.mem[11][123] (+)
|-- (1)top.u_cxs_if.u_flit_fifo.mem[11][124] (+)
|-- (1)top.u_cxs_if.u_flit_fifo.mem[11][125] (+)
|-- (1)top.u_cxs_if.u_flit_fifo.mem[11][126] (+)
|-- (1)top.u_cxs_if.u_flit_fifo.mem[11][127] (+)
|-- (1)top.u_cxs_if.u_flit_fifo.mem[11][128] (+)
|-- (1)top.u_cxs_if.u_flit_fifo.mem[11][129] (+)
|-- (1)top.u_cxs_if.u_flit_fifo.mem[11][130] (+)
|-- (1)top.u_cxs_if.u_flit_fifo.mem[11][131] (+)
|-- (1)top.u_cxs_if.u_flit_fifo.mem[11][132] (+)
|-- (1)top.u_cxs_if.u_flit_fifo.mem[11][133] (+)
|-- (1)top.u_cxs_if.u_flit_fifo.mem[11][134] (+)
|-- (1)top.u_cxs_if.u_flit_fifo.mem[11][135] (+)
|-- (1)top.u_cxs_if.u_flit_fifo.mem[11][136] (+)
|-- (1)top.u_cxs_if.u_flit_fifo.mem[11][137] (+)
|-- (1)top.u_cxs_if.u_flit_fifo.mem[11][138] (+)
|-- (1)top.u_cxs_if.u_flit_fifo.mem[11][139] (+)
|-- (1)top.u_cxs_if.u_flit_fifo.mem[11][140] (+)
|-- (1)top.u_cxs_if.u_flit_fifo.mem[11][141] (+)
|-- (1)top.u_cxs_if.u_flit_fifo.mem[11][142] (+)
|-- (1)top.u_cxs_if.u_flit_fifo.mem[11][143] (+)
|-- (1)top.u_cxs_if.u_flit_fifo.mem[11][144] (+)
|-- (1)top.u_cxs_if.u_flit_fifo.mem[11][145] (+)
|-- (1)top.u_cxs_if.u_flit_fifo.mem[11][146] (+)
|-- (1)top.u_cxs_if.u_flit_fifo.mem[11][147] (+)
|-- (1)top.u_cxs_if.u_flit_fifo.mem[11][148] (+)
|-- (1)top.u_cxs_if.u_flit_fifo.mem[11][149] (+)
|-- (1)top.u_cxs_if.u_flit_fifo.mem[11][150] (+)
|-- (1)top.u_cxs_if.u_flit_fifo.mem[11][151] (+)
|-- (1)top.u_cxs_if.u_flit_fifo.mem[11][152] (+)
|-- (1)top.u_cxs_if.u_flit_fifo.mem[11][153] (+)
|-- (1)top.u_cxs_if.u_flit_fifo.mem[11][154] (+)
|-- (1)top.u_cxs_if.u_flit_fifo.mem[11][155] (+)
|-- (1)top.u_cxs_if.u_flit_fifo.mem[11][156] (+)
|-- (1)top.u_cxs_if.u_flit_fifo.mem[11][157] (+)
|-- (1)top.u_cxs_if.u_flit_fifo.mem[11][158] (+)
|-- (1)top.u_cxs_if.u_flit_fifo.mem[11][159] (+)
|-- (1)top.u_cxs_if.u_flit_fifo.mem[11][160] (+)
|-- (1)top.u_cxs_if.u_flit_fifo.mem[11][161] (+)
|-- (1)top.u_cxs_if.u_flit_fifo.mem[11][162] (+)
|-- (1)top.u_cxs_if.u_flit_fifo.mem[11][163] (+)
|-- (1)top.u_cxs_if.u_flit_fifo.mem[11][164] (+)
|-- (1)top.u_cxs_if.u_flit_fifo.mem[11][165] (+)
|-- (1)top.u_cxs_if.u_flit_fifo.mem[11][166] (+)
|-- (1)top.u_cxs_if.u_flit_fifo.mem[11][167] (+)
|-- (1)top.u_cxs_if.u_flit_fifo.mem[11][168] (+)
|-- (1)top.u_cxs_if.u_flit_fifo.mem[11][169] (+)
|-- (1)top.u_cxs_if.u_flit_fifo.mem[11][170] (+)
|-- (1)top.u_cxs_if.u_flit_fifo.mem[11][171] (+)
|-- (1)top.u_cxs_if.u_flit_fifo.mem[11][172] (+)
|-- (1)top.u_cxs_if.u_flit_fifo.mem[11][173] (+)
|-- (1)top.u_cxs_if.u_flit_fifo.mem[11][174] (+)
|-- (1)top.u_cxs_if.u_flit_fifo.mem[11][175] (+)
|-- (1)top.u_cxs_if.u_flit_fifo.mem[11][176] (+)
|-- (1)top.u_cxs_if.u_flit_fifo.mem[11][177] (+)
|-- (1)top.u_cxs_if.u_flit_fifo.mem[11][178] (+)
|-- (1)top.u_cxs_if.u_flit_fifo.mem[11][179] (+)
|-- (1)top.u_cxs_if.u_flit_fifo.mem[11][180] (+)
|-- (1)top.u_cxs_if.u_flit_fifo.mem[11][181] (+)
|-- (1)top.u_cxs_if.u_flit_fifo.mem[11][182] (+)
|-- (1)top.u_cxs_if.u_flit_fifo.mem[11][183] (+)
|-- (1)top.u_cxs_if.u_flit_fifo.mem[11][184] (+)
|-- (1)top.u_cxs_if.u_flit_fifo.mem[11][185] (+)
|-- (1)top.u_cxs_if.u_flit_fifo.mem[11][186] (+)
|-- (1)top.u_cxs_if.u_flit_fifo.mem[11][187] (+)
|-- (1)top.u_cxs_if.u_flit_fifo.mem[11][188] (+)
|-- (1)top.u_cxs_if.u_flit_fifo.mem[11][189] (+)
|-- (1)top.u_cxs_if.u_flit_fifo.mem[11][190] (+)
|-- (1)top.u_cxs_if.u_flit_fifo.mem[11][191] (+)
|-- (1)top.u_cxs_if.u_flit_fifo.mem[11][192] (+)
|-- (1)top.u_cxs_if.u_flit_fifo.mem[11][193] (+)
|-- (1)top.u_cxs_if.u_flit_fifo.mem[11][194] (+)
|-- (1)top.u_cxs_if.u_flit_fifo.mem[11][195] (+)
|-- (1)top.u_cxs_if.u_flit_fifo.mem[11][196] (+)
|-- (1)top.u_cxs_if.u_flit_fifo.mem[11][197] (+)
|-- (1)top.u_cxs_if.u_flit_fifo.mem[11][198] (+)
|-- (1)top.u_cxs_if.u_flit_fifo.mem[11][199] (+)
|-- (1)top.u_cxs_if.u_flit_fifo.mem[11][200] (+)
|-- (1)top.u_cxs_if.u_flit_fifo.mem[11][201] (+)
|-- (1)top.u_cxs_if.u_flit_fifo.mem[11][202] (+)
|-- (1)top.u_cxs_if.u_flit_fifo.mem[11][203] (+)
|-- (1)top.u_cxs_if.u_flit_fifo.mem[11][204] (+)
|-- (1)top.u_cxs_if.u_flit_fifo.mem[11][205] (+)
|-- (1)top.u_cxs_if.u_flit_fifo.mem[11][206] (+)
|-- (1)top.u_cxs_if.u_flit_fifo.mem[11][207] (+)
|-- (1)top.u_cxs_if.u_flit_fifo.mem[11][208] (+)
|-- (1)top.u_cxs_if.u_flit_fifo.mem[11][209] (+)
|-- (1)top.u_cxs_if.u_flit_fifo.mem[11][210] (+)
|-- (1)top.u_cxs_if.u_flit_fifo.mem[11][211] (+)
|-- (1)top.u_cxs_if.u_flit_fifo.mem[11][212] (+)
|-- (1)top.u_cxs_if.u_flit_fifo.mem[11][213] (+)
|-- (1)top.u_cxs_if.u_flit_fifo.mem[11][214] (+)
|-- (1)top.u_cxs_if.u_flit_fifo.mem[11][215] (+)
|-- (1)top.u_cxs_if.u_flit_fifo.mem[11][216] (+)
|-- (1)top.u_cxs_if.u_flit_fifo.mem[11][217] (+)
|-- (1)top.u_cxs_if.u_flit_fifo.mem[11][218] (+)
|-- (1)top.u_cxs_if.u_flit_fifo.mem[11][219] (+)
|-- (1)top.u_cxs_if.u_flit_fifo.mem[11][220] (+)
|-- (1)top.u_cxs_if.u_flit_fifo.mem[11][221] (+)
|-- (1)top.u_cxs_if.u_flit_fifo.mem[11][222] (+)
|-- (1)top.u_cxs_if.u_flit_fifo.mem[11][223] (+)
|-- (1)top.u_cxs_if.u_flit_fifo.mem[11][224] (+)
|-- (1)top.u_cxs_if.u_flit_fifo.mem[11][225] (+)
|-- (1)top.u_cxs_if.u_flit_fifo.mem[11][226] (+)
|-- (1)top.u_cxs_if.u_flit_fifo.mem[11][227] (+)
|-- (1)top.u_cxs_if.u_flit_fifo.mem[11][228] (+)
|-- (1)top.u_cxs_if.u_flit_fifo.mem[11][229] (+)
|-- (1)top.u_cxs_if.u_flit_fifo.mem[11][230] (+)
|-- (1)top.u_cxs_if.u_flit_fifo.mem[11][231] (+)
|-- (1)top.u_cxs_if.u_flit_fifo.mem[11][232] (+)
|-- (1)top.u_cxs_if.u_flit_fifo.mem[11][233] (+)
|-- (1)top.u_cxs_if.u_flit_fifo.mem[11][234] (+)
|-- (1)top.u_cxs_if.u_flit_fifo.mem[11][235] (+)
|-- (1)top.u_cxs_if.u_flit_fifo.mem[11][236] (+)
|-- (1)top.u_cxs_if.u_flit_fifo.mem[11][237] (+)
|-- (1)top.u_cxs_if.u_flit_fifo.mem[11][238] (+)
|-- (1)top.u_cxs_if.u_flit_fifo.mem[11][239] (+)
|-- (1)top.u_cxs_if.u_flit_fifo.mem[11][240] (+)
|-- (1)top.u_cxs_if.u_flit_fifo.mem[11][241] (+)
|-- (1)top.u_cxs_if.u_flit_fifo.mem[11][242] (+)
|-- (1)top.u_cxs_if.u_flit_fifo.mem[11][243] (+)
|-- (1)top.u_cxs_if.u_flit_fifo.mem[11][244] (+)
|-- (1)top.u_cxs_if.u_flit_fifo.mem[11][245] (+)
|-- (1)top.u_cxs_if.u_flit_fifo.mem[11][246] (+)
|-- (1)top.u_cxs_if.u_flit_fifo.mem[11][247] (+)
|-- (1)top.u_cxs_if.u_flit_fifo.mem[11][248] (+)
|-- (1)top.u_cxs_if.u_flit_fifo.mem[11][249] (+)
|-- (1)top.u_cxs_if.u_flit_fifo.mem[11][250] (+)
|-- (1)top.u_cxs_if.u_flit_fifo.mem[11][251] (+)
|-- (1)top.u_cxs_if.u_flit_fifo.mem[11][252] (+)
|-- (1)top.u_cxs_if.u_flit_fifo.mem[11][253] (+)
|-- (1)top.u_cxs_if.u_flit_fifo.mem[11][254] (+)
|-- (1)top.u_cxs_if.u_flit_fifo.mem[11][255] (+)
|-- (1)top.u_cxs_if.u_flit_fifo.mem[11][256] (+)
|-- (1)top.u_cxs_if.u_flit_fifo.mem[11][257] (+)
|-- (1)top.u_cxs_if.u_flit_fifo.mem[11][258] (+)
|-- (1)top.u_cxs_if.u_flit_fifo.mem[11][259] (+)
|-- (1)top.u_cxs_if.u_flit_fifo.mem[11][260] (+)
|-- (1)top.u_cxs_if.u_flit_fifo.mem[11][261] (+)
|-- (1)top.u_cxs_if.u_flit_fifo.mem[11][262] (+)
|-- (1)top.u_cxs_if.u_flit_fifo.mem[11][263] (+)
|-- (1)top.u_cxs_if.u_flit_fifo.mem[11][264] (+)
|-- (1)top.u_cxs_if.u_flit_fifo.mem[11][265] (+)
|-- (1)top.u_cxs_if.u_flit_fifo.mem[11][266] (+)
|-- (1)top.u_cxs_if.u_flit_fifo.mem[11][267] (+)
|-- (1)top.u_cxs_if.u_flit_fifo.mem[11][268] (+)
|-- (1)top.u_cxs_if.u_flit_fifo.mem[11][269] (+)
|-- (1)top.u_cxs_if.u_flit_fifo.mem[10][0] (+)
|-- (1)top.u_cxs_if.u_flit_fifo.mem[10][1] (+)
|-- (1)top.u_cxs_if.u_flit_fifo.mem[10][2] (+)
|-- (1)top.u_cxs_if.u_flit_fifo.mem[10][3] (+)
|-- (1)top.u_cxs_if.u_flit_fifo.mem[10][4] (+)
|-- (1)top.u_cxs_if.u_flit_fifo.mem[10][5] (+)
|-- (1)top.u_cxs_if.u_flit_fifo.mem[10][6] (+)
|-- (1)top.u_cxs_if.u_flit_fifo.mem[10][7] (+)
|-- (1)top.u_cxs_if.u_flit_fifo.mem[10][8] (+)
|-- (1)top.u_cxs_if.u_flit_fifo.mem[10][9] (+)
|-- (1)top.u_cxs_if.u_flit_fifo.mem[10][10] (+)
|-- (1)top.u_cxs_if.u_flit_fifo.mem[10][11] (+)
|-- (1)top.u_cxs_if.u_flit_fifo.mem[10][12] (+)
|-- (1)top.u_cxs_if.u_flit_fifo.mem[10][13] (+)
|-- (1)top.u_cxs_if.u_flit_fifo.mem[10][14] (+)
|-- (1)top.u_cxs_if.u_flit_fifo.mem[10][15] (+)
|-- (1)top.u_cxs_if.u_flit_fifo.mem[10][16] (+)
|-- (1)top.u_cxs_if.u_flit_fifo.mem[10][17] (+)
|-- (1)top.u_cxs_if.u_flit_fifo.mem[10][18] (+)
|-- (1)top.u_cxs_if.u_flit_fifo.mem[10][19] (+)
|-- (1)top.u_cxs_if.u_flit_fifo.mem[10][20] (+)
|-- (1)top.u_cxs_if.u_flit_fifo.mem[10][21] (+)
|-- (1)top.u_cxs_if.u_flit_fifo.mem[10][22] (+)
|-- (1)top.u_cxs_if.u_flit_fifo.mem[10][23] (+)
|-- (1)top.u_cxs_if.u_flit_fifo.mem[10][24] (+)
|-- (1)top.u_cxs_if.u_flit_fifo.mem[10][25] (+)
|-- (1)top.u_cxs_if.u_flit_fifo.mem[10][26] (+)
|-- (1)top.u_cxs_if.u_flit_fifo.mem[10][27] (+)
|-- (1)top.u_cxs_if.u_flit_fifo.mem[10][28] (+)
|-- (1)top.u_cxs_if.u_flit_fifo.mem[10][29] (+)
|-- (1)top.u_cxs_if.u_flit_fifo.mem[10][30] (+)
|-- (1)top.u_cxs_if.u_flit_fifo.mem[10][31] (+)
|-- (1)top.u_cxs_if.u_flit_fifo.mem[10][32] (+)
|-- (1)top.u_cxs_if.u_flit_fifo.mem[10][33] (+)
|-- (1)top.u_cxs_if.u_flit_fifo.mem[10][34] (+)
|-- (1)top.u_cxs_if.u_flit_fifo.mem[10][35] (+)
|-- (1)top.u_cxs_if.u_flit_fifo.mem[10][36] (+)
|-- (1)top.u_cxs_if.u_flit_fifo.mem[10][37] (+)
|-- (1)top.u_cxs_if.u_flit_fifo.mem[10][38] (+)
|-- (1)top.u_cxs_if.u_flit_fifo.mem[10][39] (+)
|-- (1)top.u_cxs_if.u_flit_fifo.mem[10][40] (+)
|-- (1)top.u_cxs_if.u_flit_fifo.mem[10][41] (+)
|-- (1)top.u_cxs_if.u_flit_fifo.mem[10][42] (+)
|-- (1)top.u_cxs_if.u_flit_fifo.mem[10][43] (+)
|-- (1)top.u_cxs_if.u_flit_fifo.mem[10][44] (+)
|-- (1)top.u_cxs_if.u_flit_fifo.mem[10][45] (+)
|-- (1)top.u_cxs_if.u_flit_fifo.mem[10][46] (+)
|-- (1)top.u_cxs_if.u_flit_fifo.mem[10][47] (+)
|-- (1)top.u_cxs_if.u_flit_fifo.mem[10][48] (+)
|-- (1)top.u_cxs_if.u_flit_fifo.mem[10][49] (+)
|-- (1)top.u_cxs_if.u_flit_fifo.mem[10][50] (+)
|-- (1)top.u_cxs_if.u_flit_fifo.mem[10][51] (+)
|-- (1)top.u_cxs_if.u_flit_fifo.mem[10][52] (+)
|-- (1)top.u_cxs_if.u_flit_fifo.mem[10][53] (+)
|-- (1)top.u_cxs_if.u_flit_fifo.mem[10][54] (+)
|-- (1)top.u_cxs_if.u_flit_fifo.mem[10][55] (+)
|-- (1)top.u_cxs_if.u_flit_fifo.mem[10][56] (+)
|-- (1)top.u_cxs_if.u_flit_fifo.mem[10][57] (+)
|-- (1)top.u_cxs_if.u_flit_fifo.mem[10][58] (+)
|-- (1)top.u_cxs_if.u_flit_fifo.mem[10][59] (+)
|-- (1)top.u_cxs_if.u_flit_fifo.mem[10][60] (+)
|-- (1)top.u_cxs_if.u_flit_fifo.mem[10][61] (+)
|-- (1)top.u_cxs_if.u_flit_fifo.mem[10][62] (+)
|-- (1)top.u_cxs_if.u_flit_fifo.mem[10][63] (+)
|-- (1)top.u_cxs_if.u_flit_fifo.mem[10][64] (+)
|-- (1)top.u_cxs_if.u_flit_fifo.mem[10][65] (+)
|-- (1)top.u_cxs_if.u_flit_fifo.mem[10][66] (+)
|-- (1)top.u_cxs_if.u_flit_fifo.mem[10][67] (+)
|-- (1)top.u_cxs_if.u_flit_fifo.mem[10][68] (+)
|-- (1)top.u_cxs_if.u_flit_fifo.mem[10][69] (+)
|-- (1)top.u_cxs_if.u_flit_fifo.mem[10][70] (+)
|-- (1)top.u_cxs_if.u_flit_fifo.mem[10][71] (+)
|-- (1)top.u_cxs_if.u_flit_fifo.mem[10][72] (+)
|-- (1)top.u_cxs_if.u_flit_fifo.mem[10][73] (+)
|-- (1)top.u_cxs_if.u_flit_fifo.mem[10][74] (+)
|-- (1)top.u_cxs_if.u_flit_fifo.mem[10][75] (+)
|-- (1)top.u_cxs_if.u_flit_fifo.mem[10][76] (+)
|-- (1)top.u_cxs_if.u_flit_fifo.mem[10][77] (+)
|-- (1)top.u_cxs_if.u_flit_fifo.mem[10][78] (+)
|-- (1)top.u_cxs_if.u_flit_fifo.mem[10][79] (+)
|-- (1)top.u_cxs_if.u_flit_fifo.mem[10][80] (+)
|-- (1)top.u_cxs_if.u_flit_fifo.mem[10][81] (+)
|-- (1)top.u_cxs_if.u_flit_fifo.mem[10][82] (+)
|-- (1)top.u_cxs_if.u_flit_fifo.mem[10][83] (+)
|-- (1)top.u_cxs_if.u_flit_fifo.mem[10][84] (+)
|-- (1)top.u_cxs_if.u_flit_fifo.mem[10][85] (+)
|-- (1)top.u_cxs_if.u_flit_fifo.mem[10][86] (+)
|-- (1)top.u_cxs_if.u_flit_fifo.mem[10][87] (+)
|-- (1)top.u_cxs_if.u_flit_fifo.mem[10][88] (+)
|-- (1)top.u_cxs_if.u_flit_fifo.mem[10][89] (+)
|-- (1)top.u_cxs_if.u_flit_fifo.mem[10][90] (+)
|-- (1)top.u_cxs_if.u_flit_fifo.mem[10][91] (+)
|-- (1)top.u_cxs_if.u_flit_fifo.mem[10][92] (+)
|-- (1)top.u_cxs_if.u_flit_fifo.mem[10][93] (+)
|-- (1)top.u_cxs_if.u_flit_fifo.mem[10][94] (+)
|-- (1)top.u_cxs_if.u_flit_fifo.mem[10][95] (+)
|-- (1)top.u_cxs_if.u_flit_fifo.mem[10][96] (+)
|-- (1)top.u_cxs_if.u_flit_fifo.mem[10][97] (+)
|-- (1)top.u_cxs_if.u_flit_fifo.mem[10][98] (+)
|-- (1)top.u_cxs_if.u_flit_fifo.mem[10][99] (+)
|-- (1)top.u_cxs_if.u_flit_fifo.mem[10][100] (+)
|-- (1)top.u_cxs_if.u_flit_fifo.mem[10][101] (+)
|-- (1)top.u_cxs_if.u_flit_fifo.mem[10][102] (+)
|-- (1)top.u_cxs_if.u_flit_fifo.mem[10][103] (+)
|-- (1)top.u_cxs_if.u_flit_fifo.mem[10][104] (+)
|-- (1)top.u_cxs_if.u_flit_fifo.mem[10][105] (+)
|-- (1)top.u_cxs_if.u_flit_fifo.mem[10][106] (+)
|-- (1)top.u_cxs_if.u_flit_fifo.mem[10][107] (+)
|-- (1)top.u_cxs_if.u_flit_fifo.mem[10][108] (+)
|-- (1)top.u_cxs_if.u_flit_fifo.mem[10][109] (+)
|-- (1)top.u_cxs_if.u_flit_fifo.mem[10][110] (+)
|-- (1)top.u_cxs_if.u_flit_fifo.mem[10][111] (+)
|-- (1)top.u_cxs_if.u_flit_fifo.mem[10][112] (+)
|-- (1)top.u_cxs_if.u_flit_fifo.mem[10][113] (+)
|-- (1)top.u_cxs_if.u_flit_fifo.mem[10][114] (+)
|-- (1)top.u_cxs_if.u_flit_fifo.mem[10][115] (+)
|-- (1)top.u_cxs_if.u_flit_fifo.mem[10][116] (+)
|-- (1)top.u_cxs_if.u_flit_fifo.mem[10][117] (+)
|-- (1)top.u_cxs_if.u_flit_fifo.mem[10][118] (+)
|-- (1)top.u_cxs_if.u_flit_fifo.mem[10][119] (+)
|-- (1)top.u_cxs_if.u_flit_fifo.mem[10][120] (+)
|-- (1)top.u_cxs_if.u_flit_fifo.mem[10][121] (+)
|-- (1)top.u_cxs_if.u_flit_fifo.mem[10][122] (+)
|-- (1)top.u_cxs_if.u_flit_fifo.mem[10][123] (+)
|-- (1)top.u_cxs_if.u_flit_fifo.mem[10][124] (+)
|-- (1)top.u_cxs_if.u_flit_fifo.mem[10][125] (+)
|-- (1)top.u_cxs_if.u_flit_fifo.mem[10][126] (+)
|-- (1)top.u_cxs_if.u_flit_fifo.mem[10][127] (+)
|-- (1)top.u_cxs_if.u_flit_fifo.mem[10][128] (+)
|-- (1)top.u_cxs_if.u_flit_fifo.mem[10][129] (+)
|-- (1)top.u_cxs_if.u_flit_fifo.mem[10][130] (+)
|-- (1)top.u_cxs_if.u_flit_fifo.mem[10][131] (+)
|-- (1)top.u_cxs_if.u_flit_fifo.mem[10][132] (+)
|-- (1)top.u_cxs_if.u_flit_fifo.mem[10][133] (+)
|-- (1)top.u_cxs_if.u_flit_fifo.mem[10][134] (+)
|-- (1)top.u_cxs_if.u_flit_fifo.mem[10][135] (+)
|-- (1)top.u_cxs_if.u_flit_fifo.mem[10][136] (+)
|-- (1)top.u_cxs_if.u_flit_fifo.mem[10][137] (+)
|-- (1)top.u_cxs_if.u_flit_fifo.mem[10][138] (+)
|-- (1)top.u_cxs_if.u_flit_fifo.mem[10][139] (+)
|-- (1)top.u_cxs_if.u_flit_fifo.mem[10][140] (+)
|-- (1)top.u_cxs_if.u_flit_fifo.mem[10][141] (+)
|-- (1)top.u_cxs_if.u_flit_fifo.mem[10][142] (+)
|-- (1)top.u_cxs_if.u_flit_fifo.mem[10][143] (+)
|-- (1)top.u_cxs_if.u_flit_fifo.mem[10][144] (+)
|-- (1)top.u_cxs_if.u_flit_fifo.mem[10][145] (+)
|-- (1)top.u_cxs_if.u_flit_fifo.mem[10][146] (+)
|-- (1)top.u_cxs_if.u_flit_fifo.mem[10][147] (+)
|-- (1)top.u_cxs_if.u_flit_fifo.mem[10][148] (+)
|-- (1)top.u_cxs_if.u_flit_fifo.mem[10][149] (+)
|-- (1)top.u_cxs_if.u_flit_fifo.mem[10][150] (+)
|-- (1)top.u_cxs_if.u_flit_fifo.mem[10][151] (+)
|-- (1)top.u_cxs_if.u_flit_fifo.mem[10][152] (+)
|-- (1)top.u_cxs_if.u_flit_fifo.mem[10][153] (+)
|-- (1)top.u_cxs_if.u_flit_fifo.mem[10][154] (+)
|-- (1)top.u_cxs_if.u_flit_fifo.mem[10][155] (+)
|-- (1)top.u_cxs_if.u_flit_fifo.mem[10][156] (+)
|-- (1)top.u_cxs_if.u_flit_fifo.mem[10][157] (+)
|-- (1)top.u_cxs_if.u_flit_fifo.mem[10][158] (+)
|-- (1)top.u_cxs_if.u_flit_fifo.mem[10][159] (+)
|-- (1)top.u_cxs_if.u_flit_fifo.mem[10][160] (+)
|-- (1)top.u_cxs_if.u_flit_fifo.mem[10][161] (+)
|-- (1)top.u_cxs_if.u_flit_fifo.mem[10][162] (+)
|-- (1)top.u_cxs_if.u_flit_fifo.mem[10][163] (+)
|-- (1)top.u_cxs_if.u_flit_fifo.mem[10][164] (+)
|-- (1)top.u_cxs_if.u_flit_fifo.mem[10][165] (+)
|-- (1)top.u_cxs_if.u_flit_fifo.mem[10][166] (+)
|-- (1)top.u_cxs_if.u_flit_fifo.mem[10][167] (+)
|-- (1)top.u_cxs_if.u_flit_fifo.mem[10][168] (+)
|-- (1)top.u_cxs_if.u_flit_fifo.mem[10][169] (+)
|-- (1)top.u_cxs_if.u_flit_fifo.mem[10][170] (+)
|-- (1)top.u_cxs_if.u_flit_fifo.mem[10][171] (+)
|-- (1)top.u_cxs_if.u_flit_fifo.mem[10][172] (+)
|-- (1)top.u_cxs_if.u_flit_fifo.mem[10][173] (+)
|-- (1)top.u_cxs_if.u_flit_fifo.mem[10][174] (+)
|-- (1)top.u_cxs_if.u_flit_fifo.mem[10][175] (+)
|-- (1)top.u_cxs_if.u_flit_fifo.mem[10][176] (+)
|-- (1)top.u_cxs_if.u_flit_fifo.mem[10][177] (+)
|-- (1)top.u_cxs_if.u_flit_fifo.mem[10][178] (+)
|-- (1)top.u_cxs_if.u_flit_fifo.mem[10][179] (+)
|-- (1)top.u_cxs_if.u_flit_fifo.mem[10][180] (+)
|-- (1)top.u_cxs_if.u_flit_fifo.mem[10][181] (+)
|-- (1)top.u_cxs_if.u_flit_fifo.mem[10][182] (+)
|-- (1)top.u_cxs_if.u_flit_fifo.mem[10][183] (+)
|-- (1)top.u_cxs_if.u_flit_fifo.mem[10][184] (+)
|-- (1)top.u_cxs_if.u_flit_fifo.mem[10][185] (+)
|-- (1)top.u_cxs_if.u_flit_fifo.mem[10][186] (+)
|-- (1)top.u_cxs_if.u_flit_fifo.mem[10][187] (+)
|-- (1)top.u_cxs_if.u_flit_fifo.mem[10][188] (+)
|-- (1)top.u_cxs_if.u_flit_fifo.mem[10][189] (+)
|-- (1)top.u_cxs_if.u_flit_fifo.mem[10][190] (+)
|-- (1)top.u_cxs_if.u_flit_fifo.mem[10][191] (+)
|-- (1)top.u_cxs_if.u_flit_fifo.mem[10][192] (+)
|-- (1)top.u_cxs_if.u_flit_fifo.mem[10][193] (+)
|-- (1)top.u_cxs_if.u_flit_fifo.mem[10][194] (+)
|-- (1)top.u_cxs_if.u_flit_fifo.mem[10][195] (+)
|-- (1)top.u_cxs_if.u_flit_fifo.mem[10][196] (+)
|-- (1)top.u_cxs_if.u_flit_fifo.mem[10][197] (+)
|-- (1)top.u_cxs_if.u_flit_fifo.mem[10][198] (+)
|-- (1)top.u_cxs_if.u_flit_fifo.mem[10][199] (+)
|-- (1)top.u_cxs_if.u_flit_fifo.mem[10][200] (+)
|-- (1)top.u_cxs_if.u_flit_fifo.mem[10][201] (+)
|-- (1)top.u_cxs_if.u_flit_fifo.mem[10][202] (+)
|-- (1)top.u_cxs_if.u_flit_fifo.mem[10][203] (+)
|-- (1)top.u_cxs_if.u_flit_fifo.mem[10][204] (+)
|-- (1)top.u_cxs_if.u_flit_fifo.mem[10][205] (+)
|-- (1)top.u_cxs_if.u_flit_fifo.mem[10][206] (+)
|-- (1)top.u_cxs_if.u_flit_fifo.mem[10][207] (+)
|-- (1)top.u_cxs_if.u_flit_fifo.mem[10][208] (+)
|-- (1)top.u_cxs_if.u_flit_fifo.mem[10][209] (+)
|-- (1)top.u_cxs_if.u_flit_fifo.mem[10][210] (+)
|-- (1)top.u_cxs_if.u_flit_fifo.mem[10][211] (+)
|-- (1)top.u_cxs_if.u_flit_fifo.mem[10][212] (+)
|-- (1)top.u_cxs_if.u_flit_fifo.mem[10][213] (+)
|-- (1)top.u_cxs_if.u_flit_fifo.mem[10][214] (+)
|-- (1)top.u_cxs_if.u_flit_fifo.mem[10][215] (+)
|-- (1)top.u_cxs_if.u_flit_fifo.mem[10][216] (+)
|-- (1)top.u_cxs_if.u_flit_fifo.mem[10][217] (+)
|-- (1)top.u_cxs_if.u_flit_fifo.mem[10][218] (+)
|-- (1)top.u_cxs_if.u_flit_fifo.mem[10][219] (+)
|-- (1)top.u_cxs_if.u_flit_fifo.mem[10][220] (+)
|-- (1)top.u_cxs_if.u_flit_fifo.mem[10][221] (+)
|-- (1)top.u_cxs_if.u_flit_fifo.mem[10][222] (+)
|-- (1)top.u_cxs_if.u_flit_fifo.mem[10][223] (+)
|-- (1)top.u_cxs_if.u_flit_fifo.mem[10][224] (+)
|-- (1)top.u_cxs_if.u_flit_fifo.mem[10][225] (+)
|-- (1)top.u_cxs_if.u_flit_fifo.mem[10][226] (+)
|-- (1)top.u_cxs_if.u_flit_fifo.mem[10][227] (+)
|-- (1)top.u_cxs_if.u_flit_fifo.mem[10][228] (+)
|-- (1)top.u_cxs_if.u_flit_fifo.mem[10][229] (+)
|-- (1)top.u_cxs_if.u_flit_fifo.mem[10][230] (+)
|-- (1)top.u_cxs_if.u_flit_fifo.mem[10][231] (+)
|-- (1)top.u_cxs_if.u_flit_fifo.mem[10][232] (+)
|-- (1)top.u_cxs_if.u_flit_fifo.mem[10][233] (+)
|-- (1)top.u_cxs_if.u_flit_fifo.mem[10][234] (+)
|-- (1)top.u_cxs_if.u_flit_fifo.mem[10][235] (+)
|-- (1)top.u_cxs_if.u_flit_fifo.mem[10][236] (+)
|-- (1)top.u_cxs_if.u_flit_fifo.mem[10][237] (+)
|-- (1)top.u_cxs_if.u_flit_fifo.mem[10][238] (+)
|-- (1)top.u_cxs_if.u_flit_fifo.mem[10][239] (+)
|-- (1)top.u_cxs_if.u_flit_fifo.mem[10][240] (+)
|-- (1)top.u_cxs_if.u_flit_fifo.mem[10][241] (+)
|-- (1)top.u_cxs_if.u_flit_fifo.mem[10][242] (+)
|-- (1)top.u_cxs_if.u_flit_fifo.mem[10][243] (+)
|-- (1)top.u_cxs_if.u_flit_fifo.mem[10][244] (+)
|-- (1)top.u_cxs_if.u_flit_fifo.mem[10][245] (+)
|-- (1)top.u_cxs_if.u_flit_fifo.mem[10][246] (+)
|-- (1)top.u_cxs_if.u_flit_fifo.mem[10][247] (+)
|-- (1)top.u_cxs_if.u_flit_fifo.mem[10][248] (+)
|-- (1)top.u_cxs_if.u_flit_fifo.mem[10][249] (+)
|-- (1)top.u_cxs_if.u_flit_fifo.mem[10][250] (+)
|-- (1)top.u_cxs_if.u_flit_fifo.mem[10][251] (+)
|-- (1)top.u_cxs_if.u_flit_fifo.mem[10][252] (+)
|-- (1)top.u_cxs_if.u_flit_fifo.mem[10][253] (+)
|-- (1)top.u_cxs_if.u_flit_fifo.mem[10][254] (+)
|-- (1)top.u_cxs_if.u_flit_fifo.mem[10][255] (+)
|-- (1)top.u_cxs_if.u_flit_fifo.mem[10][256] (+)
|-- (1)top.u_cxs_if.u_flit_fifo.mem[10][257] (+)
|-- (1)top.u_cxs_if.u_flit_fifo.mem[10][258] (+)
|-- (1)top.u_cxs_if.u_flit_fifo.mem[10][259] (+)
|-- (1)top.u_cxs_if.u_flit_fifo.mem[10][260] (+)
|-- (1)top.u_cxs_if.u_flit_fifo.mem[10][261] (+)
|-- (1)top.u_cxs_if.u_flit_fifo.mem[10][262] (+)
|-- (1)top.u_cxs_if.u_flit_fifo.mem[10][263] (+)
|-- (1)top.u_cxs_if.u_flit_fifo.mem[10][264] (+)
|-- (1)top.u_cxs_if.u_flit_fifo.mem[10][265] (+)
|-- (1)top.u_cxs_if.u_flit_fifo.mem[10][266] (+)
|-- (1)top.u_cxs_if.u_flit_fifo.mem[10][267] (+)
|-- (1)top.u_cxs_if.u_flit_fifo.mem[10][268] (+)
|-- (1)top.u_cxs_if.u_flit_fifo.mem[10][269] (+)
|-- (1)top.u_cxs_if.u_flit_fifo.mem[9][0] (+)
|-- (1)top.u_cxs_if.u_flit_fifo.mem[9][1] (+)
|-- (1)top.u_cxs_if.u_flit_fifo.mem[9][2] (+)
|-- (1)top.u_cxs_if.u_flit_fifo.mem[9][3] (+)
|-- (1)top.u_cxs_if.u_flit_fifo.mem[9][4] (+)
|-- (1)top.u_cxs_if.u_flit_fifo.mem[9][5] (+)
|-- (1)top.u_cxs_if.u_flit_fifo.mem[9][6] (+)
|-- (1)top.u_cxs_if.u_flit_fifo.mem[9][7] (+)
|-- (1)top.u_cxs_if.u_flit_fifo.mem[9][8] (+)
|-- (1)top.u_cxs_if.u_flit_fifo.mem[9][9] (+)
|-- (1)top.u_cxs_if.u_flit_fifo.mem[9][10] (+)
|-- (1)top.u_cxs_if.u_flit_fifo.mem[9][11] (+)
|-- (1)top.u_cxs_if.u_flit_fifo.mem[9][12] (+)
|-- (1)top.u_cxs_if.u_flit_fifo.mem[9][13] (+)
|-- (1)top.u_cxs_if.u_flit_fifo.mem[9][14] (+)
|-- (1)top.u_cxs_if.u_flit_fifo.mem[9][15] (+)
|-- (1)top.u_cxs_if.u_flit_fifo.mem[9][16] (+)
|-- (1)top.u_cxs_if.u_flit_fifo.mem[9][17] (+)
|-- (1)top.u_cxs_if.u_flit_fifo.mem[9][18] (+)
|-- (1)top.u_cxs_if.u_flit_fifo.mem[9][19] (+)
|-- (1)top.u_cxs_if.u_flit_fifo.mem[9][20] (+)
|-- (1)top.u_cxs_if.u_flit_fifo.mem[9][21] (+)
|-- (1)top.u_cxs_if.u_flit_fifo.mem[9][22] (+)
|-- (1)top.u_cxs_if.u_flit_fifo.mem[9][23] (+)
|-- (1)top.u_cxs_if.u_flit_fifo.mem[9][24] (+)
|-- (1)top.u_cxs_if.u_flit_fifo.mem[9][25] (+)
|-- (1)top.u_cxs_if.u_flit_fifo.mem[9][26] (+)
|-- (1)top.u_cxs_if.u_flit_fifo.mem[9][27] (+)
|-- (1)top.u_cxs_if.u_flit_fifo.mem[9][28] (+)
|-- (1)top.u_cxs_if.u_flit_fifo.mem[9][29] (+)
|-- (1)top.u_cxs_if.u_flit_fifo.mem[9][30] (+)
|-- (1)top.u_cxs_if.u_flit_fifo.mem[9][31] (+)
|-- (1)top.u_cxs_if.u_flit_fifo.mem[9][32] (+)
|-- (1)top.u_cxs_if.u_flit_fifo.mem[9][33] (+)
|-- (1)top.u_cxs_if.u_flit_fifo.mem[9][34] (+)
|-- (1)top.u_cxs_if.u_flit_fifo.mem[9][35] (+)
|-- (1)top.u_cxs_if.u_flit_fifo.mem[9][36] (+)
|-- (1)top.u_cxs_if.u_flit_fifo.mem[9][37] (+)
|-- (1)top.u_cxs_if.u_flit_fifo.mem[9][38] (+)
|-- (1)top.u_cxs_if.u_flit_fifo.mem[9][39] (+)
|-- (1)top.u_cxs_if.u_flit_fifo.mem[9][40] (+)
|-- (1)top.u_cxs_if.u_flit_fifo.mem[9][41] (+)
|-- (1)top.u_cxs_if.u_flit_fifo.mem[9][42] (+)
|-- (1)top.u_cxs_if.u_flit_fifo.mem[9][43] (+)
|-- (1)top.u_cxs_if.u_flit_fifo.mem[9][44] (+)
|-- (1)top.u_cxs_if.u_flit_fifo.mem[9][45] (+)
|-- (1)top.u_cxs_if.u_flit_fifo.mem[9][46] (+)
|-- (1)top.u_cxs_if.u_flit_fifo.mem[9][47] (+)
|-- (1)top.u_cxs_if.u_flit_fifo.mem[9][48] (+)
|-- (1)top.u_cxs_if.u_flit_fifo.mem[9][49] (+)
|-- (1)top.u_cxs_if.u_flit_fifo.mem[9][50] (+)
|-- (1)top.u_cxs_if.u_flit_fifo.mem[9][51] (+)
|-- (1)top.u_cxs_if.u_flit_fifo.mem[9][52] (+)
|-- (1)top.u_cxs_if.u_flit_fifo.mem[9][53] (+)
|-- (1)top.u_cxs_if.u_flit_fifo.mem[9][54] (+)
|-- (1)top.u_cxs_if.u_flit_fifo.mem[9][55] (+)
|-- (1)top.u_cxs_if.u_flit_fifo.mem[9][56] (+)
|-- (1)top.u_cxs_if.u_flit_fifo.mem[9][57] (+)
|-- (1)top.u_cxs_if.u_flit_fifo.mem[9][58] (+)
|-- (1)top.u_cxs_if.u_flit_fifo.mem[9][59] (+)
|-- (1)top.u_cxs_if.u_flit_fifo.mem[9][60] (+)
|-- (1)top.u_cxs_if.u_flit_fifo.mem[9][61] (+)
|-- (1)top.u_cxs_if.u_flit_fifo.mem[9][62] (+)
|-- (1)top.u_cxs_if.u_flit_fifo.mem[9][63] (+)
|-- (1)top.u_cxs_if.u_flit_fifo.mem[9][64] (+)
|-- (1)top.u_cxs_if.u_flit_fifo.mem[9][65] (+)
|-- (1)top.u_cxs_if.u_flit_fifo.mem[9][66] (+)
|-- (1)top.u_cxs_if.u_flit_fifo.mem[9][67] (+)
|-- (1)top.u_cxs_if.u_flit_fifo.mem[9][68] (+)
|-- (1)top.u_cxs_if.u_flit_fifo.mem[9][69] (+)
|-- (1)top.u_cxs_if.u_flit_fifo.mem[9][70] (+)
|-- (1)top.u_cxs_if.u_flit_fifo.mem[9][71] (+)
|-- (1)top.u_cxs_if.u_flit_fifo.mem[9][72] (+)
|-- (1)top.u_cxs_if.u_flit_fifo.mem[9][73] (+)
|-- (1)top.u_cxs_if.u_flit_fifo.mem[9][74] (+)
|-- (1)top.u_cxs_if.u_flit_fifo.mem[9][75] (+)
|-- (1)top.u_cxs_if.u_flit_fifo.mem[9][76] (+)
|-- (1)top.u_cxs_if.u_flit_fifo.mem[9][77] (+)
|-- (1)top.u_cxs_if.u_flit_fifo.mem[9][78] (+)
|-- (1)top.u_cxs_if.u_flit_fifo.mem[9][79] (+)
|-- (1)top.u_cxs_if.u_flit_fifo.mem[9][80] (+)
|-- (1)top.u_cxs_if.u_flit_fifo.mem[9][81] (+)
|-- (1)top.u_cxs_if.u_flit_fifo.mem[9][82] (+)
|-- (1)top.u_cxs_if.u_flit_fifo.mem[9][83] (+)
|-- (1)top.u_cxs_if.u_flit_fifo.mem[9][84] (+)
|-- (1)top.u_cxs_if.u_flit_fifo.mem[9][85] (+)
|-- (1)top.u_cxs_if.u_flit_fifo.mem[9][86] (+)
|-- (1)top.u_cxs_if.u_flit_fifo.mem[9][87] (+)
|-- (1)top.u_cxs_if.u_flit_fifo.mem[9][88] (+)
|-- (1)top.u_cxs_if.u_flit_fifo.mem[9][89] (+)
|-- (1)top.u_cxs_if.u_flit_fifo.mem[9][90] (+)
|-- (1)top.u_cxs_if.u_flit_fifo.mem[9][91] (+)
|-- (1)top.u_cxs_if.u_flit_fifo.mem[9][92] (+)
|-- (1)top.u_cxs_if.u_flit_fifo.mem[9][93] (+)
|-- (1)top.u_cxs_if.u_flit_fifo.mem[9][94] (+)
|-- (1)top.u_cxs_if.u_flit_fifo.mem[9][95] (+)
|-- (1)top.u_cxs_if.u_flit_fifo.mem[9][96] (+)
|-- (1)top.u_cxs_if.u_flit_fifo.mem[9][97] (+)
|-- (1)top.u_cxs_if.u_flit_fifo.mem[9][98] (+)
|-- (1)top.u_cxs_if.u_flit_fifo.mem[9][99] (+)
|-- (1)top.u_cxs_if.u_flit_fifo.mem[9][100] (+)
|-- (1)top.u_cxs_if.u_flit_fifo.mem[9][101] (+)
|-- (1)top.u_cxs_if.u_flit_fifo.mem[9][102] (+)
|-- (1)top.u_cxs_if.u_flit_fifo.mem[9][103] (+)
|-- (1)top.u_cxs_if.u_flit_fifo.mem[9][104] (+)
|-- (1)top.u_cxs_if.u_flit_fifo.mem[9][105] (+)
|-- (1)top.u_cxs_if.u_flit_fifo.mem[9][106] (+)
|-- (1)top.u_cxs_if.u_flit_fifo.mem[9][107] (+)
|-- (1)top.u_cxs_if.u_flit_fifo.mem[9][108] (+)
|-- (1)top.u_cxs_if.u_flit_fifo.mem[9][109] (+)
|-- (1)top.u_cxs_if.u_flit_fifo.mem[9][110] (+)
|-- (1)top.u_cxs_if.u_flit_fifo.mem[9][111] (+)
|-- (1)top.u_cxs_if.u_flit_fifo.mem[9][112] (+)
|-- (1)top.u_cxs_if.u_flit_fifo.mem[9][113] (+)
|-- (1)top.u_cxs_if.u_flit_fifo.mem[9][114] (+)
|-- (1)top.u_cxs_if.u_flit_fifo.mem[9][115] (+)
|-- (1)top.u_cxs_if.u_flit_fifo.mem[9][116] (+)
|-- (1)top.u_cxs_if.u_flit_fifo.mem[9][117] (+)
|-- (1)top.u_cxs_if.u_flit_fifo.mem[9][118] (+)
|-- (1)top.u_cxs_if.u_flit_fifo.mem[9][119] (+)
|-- (1)top.u_cxs_if.u_flit_fifo.mem[9][120] (+)
|-- (1)top.u_cxs_if.u_flit_fifo.mem[9][121] (+)
|-- (1)top.u_cxs_if.u_flit_fifo.mem[9][122] (+)
|-- (1)top.u_cxs_if.u_flit_fifo.mem[9][123] (+)
|-- (1)top.u_cxs_if.u_flit_fifo.mem[9][124] (+)
|-- (1)top.u_cxs_if.u_flit_fifo.mem[9][125] (+)
|-- (1)top.u_cxs_if.u_flit_fifo.mem[9][126] (+)
|-- (1)top.u_cxs_if.u_flit_fifo.mem[9][127] (+)
|-- (1)top.u_cxs_if.u_flit_fifo.mem[9][128] (+)
|-- (1)top.u_cxs_if.u_flit_fifo.mem[9][129] (+)
|-- (1)top.u_cxs_if.u_flit_fifo.mem[9][130] (+)
|-- (1)top.u_cxs_if.u_flit_fifo.mem[9][131] (+)
|-- (1)top.u_cxs_if.u_flit_fifo.mem[9][132] (+)
|-- (1)top.u_cxs_if.u_flit_fifo.mem[9][133] (+)
|-- (1)top.u_cxs_if.u_flit_fifo.mem[9][134] (+)
|-- (1)top.u_cxs_if.u_flit_fifo.mem[9][135] (+)
|-- (1)top.u_cxs_if.u_flit_fifo.mem[9][136] (+)
|-- (1)top.u_cxs_if.u_flit_fifo.mem[9][137] (+)
|-- (1)top.u_cxs_if.u_flit_fifo.mem[9][138] (+)
|-- (1)top.u_cxs_if.u_flit_fifo.mem[9][139] (+)
|-- (1)top.u_cxs_if.u_flit_fifo.mem[9][140] (+)
|-- (1)top.u_cxs_if.u_flit_fifo.mem[9][141] (+)
|-- (1)top.u_cxs_if.u_flit_fifo.mem[9][142] (+)
|-- (1)top.u_cxs_if.u_flit_fifo.mem[9][143] (+)
|-- (1)top.u_cxs_if.u_flit_fifo.mem[9][144] (+)
|-- (1)top.u_cxs_if.u_flit_fifo.mem[9][145] (+)
|-- (1)top.u_cxs_if.u_flit_fifo.mem[9][146] (+)
|-- (1)top.u_cxs_if.u_flit_fifo.mem[9][147] (+)
|-- (1)top.u_cxs_if.u_flit_fifo.mem[9][148] (+)
|-- (1)top.u_cxs_if.u_flit_fifo.mem[9][149] (+)
|-- (1)top.u_cxs_if.u_flit_fifo.mem[9][150] (+)
|-- (1)top.u_cxs_if.u_flit_fifo.mem[9][151] (+)
|-- (1)top.u_cxs_if.u_flit_fifo.mem[9][152] (+)
|-- (1)top.u_cxs_if.u_flit_fifo.mem[9][153] (+)
|-- (1)top.u_cxs_if.u_flit_fifo.mem[9][154] (+)
|-- (1)top.u_cxs_if.u_flit_fifo.mem[9][155] (+)
|-- (1)top.u_cxs_if.u_flit_fifo.mem[9][156] (+)
|-- (1)top.u_cxs_if.u_flit_fifo.mem[9][157] (+)
|-- (1)top.u_cxs_if.u_flit_fifo.mem[9][158] (+)
|-- (1)top.u_cxs_if.u_flit_fifo.mem[9][159] (+)
|-- (1)top.u_cxs_if.u_flit_fifo.mem[9][160] (+)
|-- (1)top.u_cxs_if.u_flit_fifo.mem[9][161] (+)
|-- (1)top.u_cxs_if.u_flit_fifo.mem[9][162] (+)
|-- (1)top.u_cxs_if.u_flit_fifo.mem[9][163] (+)
|-- (1)top.u_cxs_if.u_flit_fifo.mem[9][164] (+)
|-- (1)top.u_cxs_if.u_flit_fifo.mem[9][165] (+)
|-- (1)top.u_cxs_if.u_flit_fifo.mem[9][166] (+)
|-- (1)top.u_cxs_if.u_flit_fifo.mem[9][167] (+)
|-- (1)top.u_cxs_if.u_flit_fifo.mem[9][168] (+)
|-- (1)top.u_cxs_if.u_flit_fifo.mem[9][169] (+)
|-- (1)top.u_cxs_if.u_flit_fifo.mem[9][170] (+)
|-- (1)top.u_cxs_if.u_flit_fifo.mem[9][171] (+)
|-- (1)top.u_cxs_if.u_flit_fifo.mem[9][172] (+)
|-- (1)top.u_cxs_if.u_flit_fifo.mem[9][173] (+)
|-- (1)top.u_cxs_if.u_flit_fifo.mem[9][174] (+)
|-- (1)top.u_cxs_if.u_flit_fifo.mem[9][175] (+)
|-- (1)top.u_cxs_if.u_flit_fifo.mem[9][176] (+)
|-- (1)top.u_cxs_if.u_flit_fifo.mem[9][177] (+)
|-- (1)top.u_cxs_if.u_flit_fifo.mem[9][178] (+)
|-- (1)top.u_cxs_if.u_flit_fifo.mem[9][179] (+)
|-- (1)top.u_cxs_if.u_flit_fifo.mem[9][180] (+)
|-- (1)top.u_cxs_if.u_flit_fifo.mem[9][181] (+)
|-- (1)top.u_cxs_if.u_flit_fifo.mem[9][182] (+)
|-- (1)top.u_cxs_if.u_flit_fifo.mem[9][183] (+)
|-- (1)top.u_cxs_if.u_flit_fifo.mem[9][184] (+)
|-- (1)top.u_cxs_if.u_flit_fifo.mem[9][185] (+)
|-- (1)top.u_cxs_if.u_flit_fifo.mem[9][186] (+)
|-- (1)top.u_cxs_if.u_flit_fifo.mem[9][187] (+)
|-- (1)top.u_cxs_if.u_flit_fifo.mem[9][188] (+)
|-- (1)top.u_cxs_if.u_flit_fifo.mem[9][189] (+)
|-- (1)top.u_cxs_if.u_flit_fifo.mem[9][190] (+)
|-- (1)top.u_cxs_if.u_flit_fifo.mem[9][191] (+)
|-- (1)top.u_cxs_if.u_flit_fifo.mem[9][192] (+)
|-- (1)top.u_cxs_if.u_flit_fifo.mem[9][193] (+)
|-- (1)top.u_cxs_if.u_flit_fifo.mem[9][194] (+)
|-- (1)top.u_cxs_if.u_flit_fifo.mem[9][195] (+)
|-- (1)top.u_cxs_if.u_flit_fifo.mem[9][196] (+)
|-- (1)top.u_cxs_if.u_flit_fifo.mem[9][197] (+)
|-- (1)top.u_cxs_if.u_flit_fifo.mem[9][198] (+)
|-- (1)top.u_cxs_if.u_flit_fifo.mem[9][199] (+)
|-- (1)top.u_cxs_if.u_flit_fifo.mem[9][200] (+)
|-- (1)top.u_cxs_if.u_flit_fifo.mem[9][201] (+)
|-- (1)top.u_cxs_if.u_flit_fifo.mem[9][202] (+)
|-- (1)top.u_cxs_if.u_flit_fifo.mem[9][203] (+)
|-- (1)top.u_cxs_if.u_flit_fifo.mem[9][204] (+)
|-- (1)top.u_cxs_if.u_flit_fifo.mem[9][205] (+)
|-- (1)top.u_cxs_if.u_flit_fifo.mem[9][206] (+)
|-- (1)top.u_cxs_if.u_flit_fifo.mem[9][207] (+)
|-- (1)top.u_cxs_if.u_flit_fifo.mem[9][208] (+)
|-- (1)top.u_cxs_if.u_flit_fifo.mem[9][209] (+)
|-- (1)top.u_cxs_if.u_flit_fifo.mem[9][210] (+)
|-- (1)top.u_cxs_if.u_flit_fifo.mem[9][211] (+)
|-- (1)top.u_cxs_if.u_flit_fifo.mem[9][212] (+)
|-- (1)top.u_cxs_if.u_flit_fifo.mem[9][213] (+)
|-- (1)top.u_cxs_if.u_flit_fifo.mem[9][214] (+)
|-- (1)top.u_cxs_if.u_flit_fifo.mem[9][215] (+)
|-- (1)top.u_cxs_if.u_flit_fifo.mem[9][216] (+)
|-- (1)top.u_cxs_if.u_flit_fifo.mem[9][217] (+)
|-- (1)top.u_cxs_if.u_flit_fifo.mem[9][218] (+)
|-- (1)top.u_cxs_if.u_flit_fifo.mem[9][219] (+)
|-- (1)top.u_cxs_if.u_flit_fifo.mem[9][220] (+)
|-- (1)top.u_cxs_if.u_flit_fifo.mem[9][221] (+)
|-- (1)top.u_cxs_if.u_flit_fifo.mem[9][222] (+)
|-- (1)top.u_cxs_if.u_flit_fifo.mem[9][223] (+)
|-- (1)top.u_cxs_if.u_flit_fifo.mem[9][224] (+)
|-- (1)top.u_cxs_if.u_flit_fifo.mem[9][225] (+)
|-- (1)top.u_cxs_if.u_flit_fifo.mem[9][226] (+)
|-- (1)top.u_cxs_if.u_flit_fifo.mem[9][227] (+)
|-- (1)top.u_cxs_if.u_flit_fifo.mem[9][228] (+)
|-- (1)top.u_cxs_if.u_flit_fifo.mem[9][229] (+)
|-- (1)top.u_cxs_if.u_flit_fifo.mem[9][230] (+)
|-- (1)top.u_cxs_if.u_flit_fifo.mem[9][231] (+)
|-- (1)top.u_cxs_if.u_flit_fifo.mem[9][232] (+)
|-- (1)top.u_cxs_if.u_flit_fifo.mem[9][233] (+)
|-- (1)top.u_cxs_if.u_flit_fifo.mem[9][234] (+)
|-- (1)top.u_cxs_if.u_flit_fifo.mem[9][235] (+)
|-- (1)top.u_cxs_if.u_flit_fifo.mem[9][236] (+)
|-- (1)top.u_cxs_if.u_flit_fifo.mem[9][237] (+)
|-- (1)top.u_cxs_if.u_flit_fifo.mem[9][238] (+)
|-- (1)top.u_cxs_if.u_flit_fifo.mem[9][239] (+)
|-- (1)top.u_cxs_if.u_flit_fifo.mem[9][240] (+)
|-- (1)top.u_cxs_if.u_flit_fifo.mem[9][241] (+)
|-- (1)top.u_cxs_if.u_flit_fifo.mem[9][242] (+)
|-- (1)top.u_cxs_if.u_flit_fifo.mem[9][243] (+)
|-- (1)top.u_cxs_if.u_flit_fifo.mem[9][244] (+)
|-- (1)top.u_cxs_if.u_flit_fifo.mem[9][245] (+)
|-- (1)top.u_cxs_if.u_flit_fifo.mem[9][246] (+)
|-- (1)top.u_cxs_if.u_flit_fifo.mem[9][247] (+)
|-- (1)top.u_cxs_if.u_flit_fifo.mem[9][248] (+)
|-- (1)top.u_cxs_if.u_flit_fifo.mem[9][249] (+)
|-- (1)top.u_cxs_if.u_flit_fifo.mem[9][250] (+)
|-- (1)top.u_cxs_if.u_flit_fifo.mem[9][251] (+)
|-- (1)top.u_cxs_if.u_flit_fifo.mem[9][252] (+)
|-- (1)top.u_cxs_if.u_flit_fifo.mem[9][253] (+)
|-- (1)top.u_cxs_if.u_flit_fifo.mem[9][254] (+)
|-- (1)top.u_cxs_if.u_flit_fifo.mem[9][255] (+)
|-- (1)top.u_cxs_if.u_flit_fifo.mem[9][256] (+)
|-- (1)top.u_cxs_if.u_flit_fifo.mem[9][257] (+)
|-- (1)top.u_cxs_if.u_flit_fifo.mem[9][258] (+)
|-- (1)top.u_cxs_if.u_flit_fifo.mem[9][259] (+)
|-- (1)top.u_cxs_if.u_flit_fifo.mem[9][260] (+)
|-- (1)top.u_cxs_if.u_flit_fifo.mem[9][261] (+)
|-- (1)top.u_cxs_if.u_flit_fifo.mem[9][262] (+)
|-- (1)top.u_cxs_if.u_flit_fifo.mem[9][263] (+)
|-- (1)top.u_cxs_if.u_flit_fifo.mem[9][264] (+)
|-- (1)top.u_cxs_if.u_flit_fifo.mem[9][265] (+)
|-- (1)top.u_cxs_if.u_flit_fifo.mem[9][266] (+)
|-- (1)top.u_cxs_if.u_flit_fifo.mem[9][267] (+)
|-- (1)top.u_cxs_if.u_flit_fifo.mem[9][268] (+)
|-- (1)top.u_cxs_if.u_flit_fifo.mem[9][269] (+)
|-- (1)top.u_cxs_if.u_flit_fifo.mem[8][0] (+)
|-- (1)top.u_cxs_if.u_flit_fifo.mem[8][1] (+)
|-- (1)top.u_cxs_if.u_flit_fifo.mem[8][2] (+)
|-- (1)top.u_cxs_if.u_flit_fifo.mem[8][3] (+)
|-- (1)top.u_cxs_if.u_flit_fifo.mem[8][4] (+)
|-- (1)top.u_cxs_if.u_flit_fifo.mem[8][5] (+)
|-- (1)top.u_cxs_if.u_flit_fifo.mem[8][6] (+)
|-- (1)top.u_cxs_if.u_flit_fifo.mem[8][7] (+)
|-- (1)top.u_cxs_if.u_flit_fifo.mem[8][8] (+)
|-- (1)top.u_cxs_if.u_flit_fifo.mem[8][9] (+)
|-- (1)top.u_cxs_if.u_flit_fifo.mem[8][10] (+)
|-- (1)top.u_cxs_if.u_flit_fifo.mem[8][11] (+)
|-- (1)top.u_cxs_if.u_flit_fifo.mem[8][12] (+)
|-- (1)top.u_cxs_if.u_flit_fifo.mem[8][13] (+)
|-- (1)top.u_cxs_if.u_flit_fifo.mem[8][14] (+)
|-- (1)top.u_cxs_if.u_flit_fifo.mem[8][15] (+)
|-- (1)top.u_cxs_if.u_flit_fifo.mem[8][16] (+)
|-- (1)top.u_cxs_if.u_flit_fifo.mem[8][17] (+)
|-- (1)top.u_cxs_if.u_flit_fifo.mem[8][18] (+)
|-- (1)top.u_cxs_if.u_flit_fifo.mem[8][19] (+)
|-- (1)top.u_cxs_if.u_flit_fifo.mem[8][20] (+)
|-- (1)top.u_cxs_if.u_flit_fifo.mem[8][21] (+)
|-- (1)top.u_cxs_if.u_flit_fifo.mem[8][22] (+)
|-- (1)top.u_cxs_if.u_flit_fifo.mem[8][23] (+)
|-- (1)top.u_cxs_if.u_flit_fifo.mem[8][24] (+)
|-- (1)top.u_cxs_if.u_flit_fifo.mem[8][25] (+)
|-- (1)top.u_cxs_if.u_flit_fifo.mem[8][26] (+)
|-- (1)top.u_cxs_if.u_flit_fifo.mem[8][27] (+)
|-- (1)top.u_cxs_if.u_flit_fifo.mem[8][28] (+)
|-- (1)top.u_cxs_if.u_flit_fifo.mem[8][29] (+)
|-- (1)top.u_cxs_if.u_flit_fifo.mem[8][30] (+)
|-- (1)top.u_cxs_if.u_flit_fifo.mem[8][31] (+)
|-- (1)top.u_cxs_if.u_flit_fifo.mem[8][32] (+)
|-- (1)top.u_cxs_if.u_flit_fifo.mem[8][33] (+)
|-- (1)top.u_cxs_if.u_flit_fifo.mem[8][34] (+)
|-- (1)top.u_cxs_if.u_flit_fifo.mem[8][35] (+)
|-- (1)top.u_cxs_if.u_flit_fifo.mem[8][36] (+)
|-- (1)top.u_cxs_if.u_flit_fifo.mem[8][37] (+)
|-- (1)top.u_cxs_if.u_flit_fifo.mem[8][38] (+)
|-- (1)top.u_cxs_if.u_flit_fifo.mem[8][39] (+)
|-- (1)top.u_cxs_if.u_flit_fifo.mem[8][40] (+)
|-- (1)top.u_cxs_if.u_flit_fifo.mem[8][41] (+)
|-- (1)top.u_cxs_if.u_flit_fifo.mem[8][42] (+)
|-- (1)top.u_cxs_if.u_flit_fifo.mem[8][43] (+)
|-- (1)top.u_cxs_if.u_flit_fifo.mem[8][44] (+)
|-- (1)top.u_cxs_if.u_flit_fifo.mem[8][45] (+)
|-- (1)top.u_cxs_if.u_flit_fifo.mem[8][46] (+)
|-- (1)top.u_cxs_if.u_flit_fifo.mem[8][47] (+)
|-- (1)top.u_cxs_if.u_flit_fifo.mem[8][48] (+)
|-- (1)top.u_cxs_if.u_flit_fifo.mem[8][49] (+)
|-- (1)top.u_cxs_if.u_flit_fifo.mem[8][50] (+)
|-- (1)top.u_cxs_if.u_flit_fifo.mem[8][51] (+)
|-- (1)top.u_cxs_if.u_flit_fifo.mem[8][52] (+)
|-- (1)top.u_cxs_if.u_flit_fifo.mem[8][53] (+)
|-- (1)top.u_cxs_if.u_flit_fifo.mem[8][54] (+)
|-- (1)top.u_cxs_if.u_flit_fifo.mem[8][55] (+)
|-- (1)top.u_cxs_if.u_flit_fifo.mem[8][56] (+)
|-- (1)top.u_cxs_if.u_flit_fifo.mem[8][57] (+)
|-- (1)top.u_cxs_if.u_flit_fifo.mem[8][58] (+)
|-- (1)top.u_cxs_if.u_flit_fifo.mem[8][59] (+)
|-- (1)top.u_cxs_if.u_flit_fifo.mem[8][60] (+)
|-- (1)top.u_cxs_if.u_flit_fifo.mem[8][61] (+)
|-- (1)top.u_cxs_if.u_flit_fifo.mem[8][62] (+)
|-- (1)top.u_cxs_if.u_flit_fifo.mem[8][63] (+)
|-- (1)top.u_cxs_if.u_flit_fifo.mem[8][64] (+)
|-- (1)top.u_cxs_if.u_flit_fifo.mem[8][65] (+)
|-- (1)top.u_cxs_if.u_flit_fifo.mem[8][66] (+)
|-- (1)top.u_cxs_if.u_flit_fifo.mem[8][67] (+)
|-- (1)top.u_cxs_if.u_flit_fifo.mem[8][68] (+)
|-- (1)top.u_cxs_if.u_flit_fifo.mem[8][69] (+)
|-- (1)top.u_cxs_if.u_flit_fifo.mem[8][70] (+)
|-- (1)top.u_cxs_if.u_flit_fifo.mem[8][71] (+)
|-- (1)top.u_cxs_if.u_flit_fifo.mem[8][72] (+)
|-- (1)top.u_cxs_if.u_flit_fifo.mem[8][73] (+)
|-- (1)top.u_cxs_if.u_flit_fifo.mem[8][74] (+)
|-- (1)top.u_cxs_if.u_flit_fifo.mem[8][75] (+)
|-- (1)top.u_cxs_if.u_flit_fifo.mem[8][76] (+)
|-- (1)top.u_cxs_if.u_flit_fifo.mem[8][77] (+)
|-- (1)top.u_cxs_if.u_flit_fifo.mem[8][78] (+)
|-- (1)top.u_cxs_if.u_flit_fifo.mem[8][79] (+)
|-- (1)top.u_cxs_if.u_flit_fifo.mem[8][80] (+)
|-- (1)top.u_cxs_if.u_flit_fifo.mem[8][81] (+)
|-- (1)top.u_cxs_if.u_flit_fifo.mem[8][82] (+)
|-- (1)top.u_cxs_if.u_flit_fifo.mem[8][83] (+)
|-- (1)top.u_cxs_if.u_flit_fifo.mem[8][84] (+)
|-- (1)top.u_cxs_if.u_flit_fifo.mem[8][85] (+)
|-- (1)top.u_cxs_if.u_flit_fifo.mem[8][86] (+)
|-- (1)top.u_cxs_if.u_flit_fifo.mem[8][87] (+)
|-- (1)top.u_cxs_if.u_flit_fifo.mem[8][88] (+)
|-- (1)top.u_cxs_if.u_flit_fifo.mem[8][89] (+)
|-- (1)top.u_cxs_if.u_flit_fifo.mem[8][90] (+)
|-- (1)top.u_cxs_if.u_flit_fifo.mem[8][91] (+)
|-- (1)top.u_cxs_if.u_flit_fifo.mem[8][92] (+)
|-- (1)top.u_cxs_if.u_flit_fifo.mem[8][93] (+)
|-- (1)top.u_cxs_if.u_flit_fifo.mem[8][94] (+)
|-- (1)top.u_cxs_if.u_flit_fifo.mem[8][95] (+)
|-- (1)top.u_cxs_if.u_flit_fifo.mem[8][96] (+)
|-- (1)top.u_cxs_if.u_flit_fifo.mem[8][97] (+)
|-- (1)top.u_cxs_if.u_flit_fifo.mem[8][98] (+)
|-- (1)top.u_cxs_if.u_flit_fifo.mem[8][99] (+)
|-- (1)top.u_cxs_if.u_flit_fifo.mem[8][100] (+)
|-- (1)top.u_cxs_if.u_flit_fifo.mem[8][101] (+)
|-- (1)top.u_cxs_if.u_flit_fifo.mem[8][102] (+)
|-- (1)top.u_cxs_if.u_flit_fifo.mem[8][103] (+)
|-- (1)top.u_cxs_if.u_flit_fifo.mem[8][104] (+)
|-- (1)top.u_cxs_if.u_flit_fifo.mem[8][105] (+)
|-- (1)top.u_cxs_if.u_flit_fifo.mem[8][106] (+)
|-- (1)top.u_cxs_if.u_flit_fifo.mem[8][107] (+)
|-- (1)top.u_cxs_if.u_flit_fifo.mem[8][108] (+)
|-- (1)top.u_cxs_if.u_flit_fifo.mem[8][109] (+)
|-- (1)top.u_cxs_if.u_flit_fifo.mem[8][110] (+)
|-- (1)top.u_cxs_if.u_flit_fifo.mem[8][111] (+)
|-- (1)top.u_cxs_if.u_flit_fifo.mem[8][112] (+)
|-- (1)top.u_cxs_if.u_flit_fifo.mem[8][113] (+)
|-- (1)top.u_cxs_if.u_flit_fifo.mem[8][114] (+)
|-- (1)top.u_cxs_if.u_flit_fifo.mem[8][115] (+)
|-- (1)top.u_cxs_if.u_flit_fifo.mem[8][116] (+)
|-- (1)top.u_cxs_if.u_flit_fifo.mem[8][117] (+)
|-- (1)top.u_cxs_if.u_flit_fifo.mem[8][118] (+)
|-- (1)top.u_cxs_if.u_flit_fifo.mem[8][119] (+)
|-- (1)top.u_cxs_if.u_flit_fifo.mem[8][120] (+)
|-- (1)top.u_cxs_if.u_flit_fifo.mem[8][121] (+)
|-- (1)top.u_cxs_if.u_flit_fifo.mem[8][122] (+)
|-- (1)top.u_cxs_if.u_flit_fifo.mem[8][123] (+)
|-- (1)top.u_cxs_if.u_flit_fifo.mem[8][124] (+)
|-- (1)top.u_cxs_if.u_flit_fifo.mem[8][125] (+)
|-- (1)top.u_cxs_if.u_flit_fifo.mem[8][126] (+)
|-- (1)top.u_cxs_if.u_flit_fifo.mem[8][127] (+)
|-- (1)top.u_cxs_if.u_flit_fifo.mem[8][128] (+)
|-- (1)top.u_cxs_if.u_flit_fifo.mem[8][129] (+)
|-- (1)top.u_cxs_if.u_flit_fifo.mem[8][130] (+)
|-- (1)top.u_cxs_if.u_flit_fifo.mem[8][131] (+)
|-- (1)top.u_cxs_if.u_flit_fifo.mem[8][132] (+)
|-- (1)top.u_cxs_if.u_flit_fifo.mem[8][133] (+)
|-- (1)top.u_cxs_if.u_flit_fifo.mem[8][134] (+)
|-- (1)top.u_cxs_if.u_flit_fifo.mem[8][135] (+)
|-- (1)top.u_cxs_if.u_flit_fifo.mem[8][136] (+)
|-- (1)top.u_cxs_if.u_flit_fifo.mem[8][137] (+)
|-- (1)top.u_cxs_if.u_flit_fifo.mem[8][138] (+)
|-- (1)top.u_cxs_if.u_flit_fifo.mem[8][139] (+)
|-- (1)top.u_cxs_if.u_flit_fifo.mem[8][140] (+)
|-- (1)top.u_cxs_if.u_flit_fifo.mem[8][141] (+)
|-- (1)top.u_cxs_if.u_flit_fifo.mem[8][142] (+)
|-- (1)top.u_cxs_if.u_flit_fifo.mem[8][143] (+)
|-- (1)top.u_cxs_if.u_flit_fifo.mem[8][144] (+)
|-- (1)top.u_cxs_if.u_flit_fifo.mem[8][145] (+)
|-- (1)top.u_cxs_if.u_flit_fifo.mem[8][146] (+)
|-- (1)top.u_cxs_if.u_flit_fifo.mem[8][147] (+)
|-- (1)top.u_cxs_if.u_flit_fifo.mem[8][148] (+)
|-- (1)top.u_cxs_if.u_flit_fifo.mem[8][149] (+)
|-- (1)top.u_cxs_if.u_flit_fifo.mem[8][150] (+)
|-- (1)top.u_cxs_if.u_flit_fifo.mem[8][151] (+)
|-- (1)top.u_cxs_if.u_flit_fifo.mem[8][152] (+)
|-- (1)top.u_cxs_if.u_flit_fifo.mem[8][153] (+)
|-- (1)top.u_cxs_if.u_flit_fifo.mem[8][154] (+)
|-- (1)top.u_cxs_if.u_flit_fifo.mem[8][155] (+)
|-- (1)top.u_cxs_if.u_flit_fifo.mem[8][156] (+)
|-- (1)top.u_cxs_if.u_flit_fifo.mem[8][157] (+)
|-- (1)top.u_cxs_if.u_flit_fifo.mem[8][158] (+)
|-- (1)top.u_cxs_if.u_flit_fifo.mem[8][159] (+)
|-- (1)top.u_cxs_if.u_flit_fifo.mem[8][160] (+)
|-- (1)top.u_cxs_if.u_flit_fifo.mem[8][161] (+)
|-- (1)top.u_cxs_if.u_flit_fifo.mem[8][162] (+)
|-- (1)top.u_cxs_if.u_flit_fifo.mem[8][163] (+)
|-- (1)top.u_cxs_if.u_flit_fifo.mem[8][164] (+)
|-- (1)top.u_cxs_if.u_flit_fifo.mem[8][165] (+)
|-- (1)top.u_cxs_if.u_flit_fifo.mem[8][166] (+)
|-- (1)top.u_cxs_if.u_flit_fifo.mem[8][167] (+)
|-- (1)top.u_cxs_if.u_flit_fifo.mem[8][168] (+)
|-- (1)top.u_cxs_if.u_flit_fifo.mem[8][169] (+)
|-- (1)top.u_cxs_if.u_flit_fifo.mem[8][170] (+)
|-- (1)top.u_cxs_if.u_flit_fifo.mem[8][171] (+)
|-- (1)top.u_cxs_if.u_flit_fifo.mem[8][172] (+)
|-- (1)top.u_cxs_if.u_flit_fifo.mem[8][173] (+)
|-- (1)top.u_cxs_if.u_flit_fifo.mem[8][174] (+)
|-- (1)top.u_cxs_if.u_flit_fifo.mem[8][175] (+)
|-- (1)top.u_cxs_if.u_flit_fifo.mem[8][176] (+)
|-- (1)top.u_cxs_if.u_flit_fifo.mem[8][177] (+)
|-- (1)top.u_cxs_if.u_flit_fifo.mem[8][178] (+)
|-- (1)top.u_cxs_if.u_flit_fifo.mem[8][179] (+)
|-- (1)top.u_cxs_if.u_flit_fifo.mem[8][180] (+)
|-- (1)top.u_cxs_if.u_flit_fifo.mem[8][181] (+)
|-- (1)top.u_cxs_if.u_flit_fifo.mem[8][182] (+)
|-- (1)top.u_cxs_if.u_flit_fifo.mem[8][183] (+)
|-- (1)top.u_cxs_if.u_flit_fifo.mem[8][184] (+)
|-- (1)top.u_cxs_if.u_flit_fifo.mem[8][185] (+)
|-- (1)top.u_cxs_if.u_flit_fifo.mem[8][186] (+)
|-- (1)top.u_cxs_if.u_flit_fifo.mem[8][187] (+)
|-- (1)top.u_cxs_if.u_flit_fifo.mem[8][188] (+)
|-- (1)top.u_cxs_if.u_flit_fifo.mem[8][189] (+)
|-- (1)top.u_cxs_if.u_flit_fifo.mem[8][190] (+)
|-- (1)top.u_cxs_if.u_flit_fifo.mem[8][191] (+)
|-- (1)top.u_cxs_if.u_flit_fifo.mem[8][192] (+)
|-- (1)top.u_cxs_if.u_flit_fifo.mem[8][193] (+)
|-- (1)top.u_cxs_if.u_flit_fifo.mem[8][194] (+)
|-- (1)top.u_cxs_if.u_flit_fifo.mem[8][195] (+)
|-- (1)top.u_cxs_if.u_flit_fifo.mem[8][196] (+)
|-- (1)top.u_cxs_if.u_flit_fifo.mem[8][197] (+)
|-- (1)top.u_cxs_if.u_flit_fifo.mem[8][198] (+)
|-- (1)top.u_cxs_if.u_flit_fifo.mem[8][199] (+)
|-- (1)top.u_cxs_if.u_flit_fifo.mem[8][200] (+)
|-- (1)top.u_cxs_if.u_flit_fifo.mem[8][201] (+)
|-- (1)top.u_cxs_if.u_flit_fifo.mem[8][202] (+)
|-- (1)top.u_cxs_if.u_flit_fifo.mem[8][203] (+)
|-- (1)top.u_cxs_if.u_flit_fifo.mem[8][204] (+)
|-- (1)top.u_cxs_if.u_flit_fifo.mem[8][205] (+)
|-- (1)top.u_cxs_if.u_flit_fifo.mem[8][206] (+)
|-- (1)top.u_cxs_if.u_flit_fifo.mem[8][207] (+)
|-- (1)top.u_cxs_if.u_flit_fifo.mem[8][208] (+)
|-- (1)top.u_cxs_if.u_flit_fifo.mem[8][209] (+)
|-- (1)top.u_cxs_if.u_flit_fifo.mem[8][210] (+)
|-- (1)top.u_cxs_if.u_flit_fifo.mem[8][211] (+)
|-- (1)top.u_cxs_if.u_flit_fifo.mem[8][212] (+)
|-- (1)top.u_cxs_if.u_flit_fifo.mem[8][213] (+)
|-- (1)top.u_cxs_if.u_flit_fifo.mem[8][214] (+)
|-- (1)top.u_cxs_if.u_flit_fifo.mem[8][215] (+)
|-- (1)top.u_cxs_if.u_flit_fifo.mem[8][216] (+)
|-- (1)top.u_cxs_if.u_flit_fifo.mem[8][217] (+)
|-- (1)top.u_cxs_if.u_flit_fifo.mem[8][218] (+)
|-- (1)top.u_cxs_if.u_flit_fifo.mem[8][219] (+)
|-- (1)top.u_cxs_if.u_flit_fifo.mem[8][220] (+)
|-- (1)top.u_cxs_if.u_flit_fifo.mem[8][221] (+)
|-- (1)top.u_cxs_if.u_flit_fifo.mem[8][222] (+)
|-- (1)top.u_cxs_if.u_flit_fifo.mem[8][223] (+)
|-- (1)top.u_cxs_if.u_flit_fifo.mem[8][224] (+)
|-- (1)top.u_cxs_if.u_flit_fifo.mem[8][225] (+)
|-- (1)top.u_cxs_if.u_flit_fifo.mem[8][226] (+)
|-- (1)top.u_cxs_if.u_flit_fifo.mem[8][227] (+)
|-- (1)top.u_cxs_if.u_flit_fifo.mem[8][228] (+)
|-- (1)top.u_cxs_if.u_flit_fifo.mem[8][229] (+)
|-- (1)top.u_cxs_if.u_flit_fifo.mem[8][230] (+)
|-- (1)top.u_cxs_if.u_flit_fifo.mem[8][231] (+)
|-- (1)top.u_cxs_if.u_flit_fifo.mem[8][232] (+)
|-- (1)top.u_cxs_if.u_flit_fifo.mem[8][233] (+)
|-- (1)top.u_cxs_if.u_flit_fifo.mem[8][234] (+)
|-- (1)top.u_cxs_if.u_flit_fifo.mem[8][235] (+)
|-- (1)top.u_cxs_if.u_flit_fifo.mem[8][236] (+)
|-- (1)top.u_cxs_if.u_flit_fifo.mem[8][237] (+)
|-- (1)top.u_cxs_if.u_flit_fifo.mem[8][238] (+)
|-- (1)top.u_cxs_if.u_flit_fifo.mem[8][239] (+)
|-- (1)top.u_cxs_if.u_flit_fifo.mem[8][240] (+)
|-- (1)top.u_cxs_if.u_flit_fifo.mem[8][241] (+)
|-- (1)top.u_cxs_if.u_flit_fifo.mem[8][242] (+)
|-- (1)top.u_cxs_if.u_flit_fifo.mem[8][243] (+)
|-- (1)top.u_cxs_if.u_flit_fifo.mem[8][244] (+)
|-- (1)top.u_cxs_if.u_flit_fifo.mem[8][245] (+)
|-- (1)top.u_cxs_if.u_flit_fifo.mem[8][246] (+)
|-- (1)top.u_cxs_if.u_flit_fifo.mem[8][247] (+)
|-- (1)top.u_cxs_if.u_flit_fifo.mem[8][248] (+)
|-- (1)top.u_cxs_if.u_flit_fifo.mem[8][249] (+)
|-- (1)top.u_cxs_if.u_flit_fifo.mem[8][250] (+)
|-- (1)top.u_cxs_if.u_flit_fifo.mem[8][251] (+)
|-- (1)top.u_cxs_if.u_flit_fifo.mem[8][252] (+)
|-- (1)top.u_cxs_if.u_flit_fifo.mem[8][253] (+)
|-- (1)top.u_cxs_if.u_flit_fifo.mem[8][254] (+)
|-- (1)top.u_cxs_if.u_flit_fifo.mem[8][255] (+)
|-- (1)top.u_cxs_if.u_flit_fifo.mem[8][256] (+)
|-- (1)top.u_cxs_if.u_flit_fifo.mem[8][257] (+)
|-- (1)top.u_cxs_if.u_flit_fifo.mem[8][258] (+)
|-- (1)top.u_cxs_if.u_flit_fifo.mem[8][259] (+)
|-- (1)top.u_cxs_if.u_flit_fifo.mem[8][260] (+)
|-- (1)top.u_cxs_if.u_flit_fifo.mem[8][261] (+)
|-- (1)top.u_cxs_if.u_flit_fifo.mem[8][262] (+)
|-- (1)top.u_cxs_if.u_flit_fifo.mem[8][263] (+)
|-- (1)top.u_cxs_if.u_flit_fifo.mem[8][264] (+)
|-- (1)top.u_cxs_if.u_flit_fifo.mem[8][265] (+)
|-- (1)top.u_cxs_if.u_flit_fifo.mem[8][266] (+)
|-- (1)top.u_cxs_if.u_flit_fifo.mem[8][267] (+)
|-- (1)top.u_cxs_if.u_flit_fifo.mem[8][268] (+)
|-- (1)top.u_cxs_if.u_flit_fifo.mem[8][269] (+)
|-- (1)top.u_cxs_if.u_flit_fifo.mem[7][0] (+)
|-- (1)top.u_cxs_if.u_flit_fifo.mem[7][1] (+)
|-- (1)top.u_cxs_if.u_flit_fifo.mem[7][2] (+)
|-- (1)top.u_cxs_if.u_flit_fifo.mem[7][3] (+)
|-- (1)top.u_cxs_if.u_flit_fifo.mem[7][4] (+)
|-- (1)top.u_cxs_if.u_flit_fifo.mem[7][5] (+)
|-- (1)top.u_cxs_if.u_flit_fifo.mem[7][6] (+)
|-- (1)top.u_cxs_if.u_flit_fifo.mem[7][7] (+)
|-- (1)top.u_cxs_if.u_flit_fifo.mem[7][8] (+)
|-- (1)top.u_cxs_if.u_flit_fifo.mem[7][9] (+)
|-- (1)top.u_cxs_if.u_flit_fifo.mem[7][10] (+)
|-- (1)top.u_cxs_if.u_flit_fifo.mem[7][11] (+)
|-- (1)top.u_cxs_if.u_flit_fifo.mem[7][12] (+)
|-- (1)top.u_cxs_if.u_flit_fifo.mem[7][13] (+)
|-- (1)top.u_cxs_if.u_flit_fifo.mem[7][14] (+)
|-- (1)top.u_cxs_if.u_flit_fifo.mem[7][15] (+)
|-- (1)top.u_cxs_if.u_flit_fifo.mem[7][16] (+)
|-- (1)top.u_cxs_if.u_flit_fifo.mem[7][17] (+)
|-- (1)top.u_cxs_if.u_flit_fifo.mem[7][18] (+)
|-- (1)top.u_cxs_if.u_flit_fifo.mem[7][19] (+)
|-- (1)top.u_cxs_if.u_flit_fifo.mem[7][20] (+)
|-- (1)top.u_cxs_if.u_flit_fifo.mem[7][21] (+)
|-- (1)top.u_cxs_if.u_flit_fifo.mem[7][22] (+)
|-- (1)top.u_cxs_if.u_flit_fifo.mem[7][23] (+)
|-- (1)top.u_cxs_if.u_flit_fifo.mem[7][24] (+)
|-- (1)top.u_cxs_if.u_flit_fifo.mem[7][25] (+)
|-- (1)top.u_cxs_if.u_flit_fifo.mem[7][26] (+)
|-- (1)top.u_cxs_if.u_flit_fifo.mem[7][27] (+)
|-- (1)top.u_cxs_if.u_flit_fifo.mem[7][28] (+)
|-- (1)top.u_cxs_if.u_flit_fifo.mem[7][29] (+)
|-- (1)top.u_cxs_if.u_flit_fifo.mem[7][30] (+)
|-- (1)top.u_cxs_if.u_flit_fifo.mem[7][31] (+)
|-- (1)top.u_cxs_if.u_flit_fifo.mem[7][32] (+)
|-- (1)top.u_cxs_if.u_flit_fifo.mem[7][33] (+)
|-- (1)top.u_cxs_if.u_flit_fifo.mem[7][34] (+)
|-- (1)top.u_cxs_if.u_flit_fifo.mem[7][35] (+)
|-- (1)top.u_cxs_if.u_flit_fifo.mem[7][36] (+)
|-- (1)top.u_cxs_if.u_flit_fifo.mem[7][37] (+)
|-- (1)top.u_cxs_if.u_flit_fifo.mem[7][38] (+)
|-- (1)top.u_cxs_if.u_flit_fifo.mem[7][39] (+)
|-- (1)top.u_cxs_if.u_flit_fifo.mem[7][40] (+)
|-- (1)top.u_cxs_if.u_flit_fifo.mem[7][41] (+)
|-- (1)top.u_cxs_if.u_flit_fifo.mem[7][42] (+)
|-- (1)top.u_cxs_if.u_flit_fifo.mem[7][43] (+)
|-- (1)top.u_cxs_if.u_flit_fifo.mem[7][44] (+)
|-- (1)top.u_cxs_if.u_flit_fifo.mem[7][45] (+)
|-- (1)top.u_cxs_if.u_flit_fifo.mem[7][46] (+)
|-- (1)top.u_cxs_if.u_flit_fifo.mem[7][47] (+)
|-- (1)top.u_cxs_if.u_flit_fifo.mem[7][48] (+)
|-- (1)top.u_cxs_if.u_flit_fifo.mem[7][49] (+)
|-- (1)top.u_cxs_if.u_flit_fifo.mem[7][50] (+)
|-- (1)top.u_cxs_if.u_flit_fifo.mem[7][51] (+)
|-- (1)top.u_cxs_if.u_flit_fifo.mem[7][52] (+)
|-- (1)top.u_cxs_if.u_flit_fifo.mem[7][53] (+)
|-- (1)top.u_cxs_if.u_flit_fifo.mem[7][54] (+)
|-- (1)top.u_cxs_if.u_flit_fifo.mem[7][55] (+)
|-- (1)top.u_cxs_if.u_flit_fifo.mem[7][56] (+)
|-- (1)top.u_cxs_if.u_flit_fifo.mem[7][57] (+)
|-- (1)top.u_cxs_if.u_flit_fifo.mem[7][58] (+)
|-- (1)top.u_cxs_if.u_flit_fifo.mem[7][59] (+)
|-- (1)top.u_cxs_if.u_flit_fifo.mem[7][60] (+)
|-- (1)top.u_cxs_if.u_flit_fifo.mem[7][61] (+)
|-- (1)top.u_cxs_if.u_flit_fifo.mem[7][62] (+)
|-- (1)top.u_cxs_if.u_flit_fifo.mem[7][63] (+)
|-- (1)top.u_cxs_if.u_flit_fifo.mem[7][64] (+)
|-- (1)top.u_cxs_if.u_flit_fifo.mem[7][65] (+)
|-- (1)top.u_cxs_if.u_flit_fifo.mem[7][66] (+)
|-- (1)top.u_cxs_if.u_flit_fifo.mem[7][67] (+)
|-- (1)top.u_cxs_if.u_flit_fifo.mem[7][68] (+)
|-- (1)top.u_cxs_if.u_flit_fifo.mem[7][69] (+)
|-- (1)top.u_cxs_if.u_flit_fifo.mem[7][70] (+)
|-- (1)top.u_cxs_if.u_flit_fifo.mem[7][71] (+)
|-- (1)top.u_cxs_if.u_flit_fifo.mem[7][72] (+)
|-- (1)top.u_cxs_if.u_flit_fifo.mem[7][73] (+)
|-- (1)top.u_cxs_if.u_flit_fifo.mem[7][74] (+)
|-- (1)top.u_cxs_if.u_flit_fifo.mem[7][75] (+)
|-- (1)top.u_cxs_if.u_flit_fifo.mem[7][76] (+)
|-- (1)top.u_cxs_if.u_flit_fifo.mem[7][77] (+)
|-- (1)top.u_cxs_if.u_flit_fifo.mem[7][78] (+)
|-- (1)top.u_cxs_if.u_flit_fifo.mem[7][79] (+)
|-- (1)top.u_cxs_if.u_flit_fifo.mem[7][80] (+)
|-- (1)top.u_cxs_if.u_flit_fifo.mem[7][81] (+)
|-- (1)top.u_cxs_if.u_flit_fifo.mem[7][82] (+)
|-- (1)top.u_cxs_if.u_flit_fifo.mem[7][83] (+)
|-- (1)top.u_cxs_if.u_flit_fifo.mem[7][84] (+)
|-- (1)top.u_cxs_if.u_flit_fifo.mem[7][85] (+)
|-- (1)top.u_cxs_if.u_flit_fifo.mem[7][86] (+)
|-- (1)top.u_cxs_if.u_flit_fifo.mem[7][87] (+)
|-- (1)top.u_cxs_if.u_flit_fifo.mem[7][88] (+)
|-- (1)top.u_cxs_if.u_flit_fifo.mem[7][89] (+)
|-- (1)top.u_cxs_if.u_flit_fifo.mem[7][90] (+)
|-- (1)top.u_cxs_if.u_flit_fifo.mem[7][91] (+)
|-- (1)top.u_cxs_if.u_flit_fifo.mem[7][92] (+)
|-- (1)top.u_cxs_if.u_flit_fifo.mem[7][93] (+)
|-- (1)top.u_cxs_if.u_flit_fifo.mem[7][94] (+)
|-- (1)top.u_cxs_if.u_flit_fifo.mem[7][95] (+)
|-- (1)top.u_cxs_if.u_flit_fifo.mem[7][96] (+)
|-- (1)top.u_cxs_if.u_flit_fifo.mem[7][97] (+)
|-- (1)top.u_cxs_if.u_flit_fifo.mem[7][98] (+)
|-- (1)top.u_cxs_if.u_flit_fifo.mem[7][99] (+)
|-- (1)top.u_cxs_if.u_flit_fifo.mem[7][100] (+)
|-- (1)top.u_cxs_if.u_flit_fifo.mem[7][101] (+)
|-- (1)top.u_cxs_if.u_flit_fifo.mem[7][102] (+)
|-- (1)top.u_cxs_if.u_flit_fifo.mem[7][103] (+)
|-- (1)top.u_cxs_if.u_flit_fifo.mem[7][104] (+)
|-- (1)top.u_cxs_if.u_flit_fifo.mem[7][105] (+)
|-- (1)top.u_cxs_if.u_flit_fifo.mem[7][106] (+)
|-- (1)top.u_cxs_if.u_flit_fifo.mem[7][107] (+)
|-- (1)top.u_cxs_if.u_flit_fifo.mem[7][108] (+)
|-- (1)top.u_cxs_if.u_flit_fifo.mem[7][109] (+)
|-- (1)top.u_cxs_if.u_flit_fifo.mem[7][110] (+)
|-- (1)top.u_cxs_if.u_flit_fifo.mem[7][111] (+)
|-- (1)top.u_cxs_if.u_flit_fifo.mem[7][112] (+)
|-- (1)top.u_cxs_if.u_flit_fifo.mem[7][113] (+)
|-- (1)top.u_cxs_if.u_flit_fifo.mem[7][114] (+)
|-- (1)top.u_cxs_if.u_flit_fifo.mem[7][115] (+)
|-- (1)top.u_cxs_if.u_flit_fifo.mem[7][116] (+)
|-- (1)top.u_cxs_if.u_flit_fifo.mem[7][117] (+)
|-- (1)top.u_cxs_if.u_flit_fifo.mem[7][118] (+)
|-- (1)top.u_cxs_if.u_flit_fifo.mem[7][119] (+)
|-- (1)top.u_cxs_if.u_flit_fifo.mem[7][120] (+)
|-- (1)top.u_cxs_if.u_flit_fifo.mem[7][121] (+)
|-- (1)top.u_cxs_if.u_flit_fifo.mem[7][122] (+)
|-- (1)top.u_cxs_if.u_flit_fifo.mem[7][123] (+)
|-- (1)top.u_cxs_if.u_flit_fifo.mem[7][124] (+)
|-- (1)top.u_cxs_if.u_flit_fifo.mem[7][125] (+)
|-- (1)top.u_cxs_if.u_flit_fifo.mem[7][126] (+)
|-- (1)top.u_cxs_if.u_flit_fifo.mem[7][127] (+)
|-- (1)top.u_cxs_if.u_flit_fifo.mem[7][128] (+)
|-- (1)top.u_cxs_if.u_flit_fifo.mem[7][129] (+)
|-- (1)top.u_cxs_if.u_flit_fifo.mem[7][130] (+)
|-- (1)top.u_cxs_if.u_flit_fifo.mem[7][131] (+)
|-- (1)top.u_cxs_if.u_flit_fifo.mem[7][132] (+)
|-- (1)top.u_cxs_if.u_flit_fifo.mem[7][133] (+)
|-- (1)top.u_cxs_if.u_flit_fifo.mem[7][134] (+)
|-- (1)top.u_cxs_if.u_flit_fifo.mem[7][135] (+)
|-- (1)top.u_cxs_if.u_flit_fifo.mem[7][136] (+)
|-- (1)top.u_cxs_if.u_flit_fifo.mem[7][137] (+)
|-- (1)top.u_cxs_if.u_flit_fifo.mem[7][138] (+)
|-- (1)top.u_cxs_if.u_flit_fifo.mem[7][139] (+)
|-- (1)top.u_cxs_if.u_flit_fifo.mem[7][140] (+)
|-- (1)top.u_cxs_if.u_flit_fifo.mem[7][141] (+)
|-- (1)top.u_cxs_if.u_flit_fifo.mem[7][142] (+)
|-- (1)top.u_cxs_if.u_flit_fifo.mem[7][143] (+)
|-- (1)top.u_cxs_if.u_flit_fifo.mem[7][144] (+)
|-- (1)top.u_cxs_if.u_flit_fifo.mem[7][145] (+)
|-- (1)top.u_cxs_if.u_flit_fifo.mem[7][146] (+)
|-- (1)top.u_cxs_if.u_flit_fifo.mem[7][147] (+)
|-- (1)top.u_cxs_if.u_flit_fifo.mem[7][148] (+)
|-- (1)top.u_cxs_if.u_flit_fifo.mem[7][149] (+)
|-- (1)top.u_cxs_if.u_flit_fifo.mem[7][150] (+)
|-- (1)top.u_cxs_if.u_flit_fifo.mem[7][151] (+)
|-- (1)top.u_cxs_if.u_flit_fifo.mem[7][152] (+)
|-- (1)top.u_cxs_if.u_flit_fifo.mem[7][153] (+)
|-- (1)top.u_cxs_if.u_flit_fifo.mem[7][154] (+)
|-- (1)top.u_cxs_if.u_flit_fifo.mem[7][155] (+)
|-- (1)top.u_cxs_if.u_flit_fifo.mem[7][156] (+)
|-- (1)top.u_cxs_if.u_flit_fifo.mem[7][157] (+)
|-- (1)top.u_cxs_if.u_flit_fifo.mem[7][158] (+)
|-- (1)top.u_cxs_if.u_flit_fifo.mem[7][159] (+)
|-- (1)top.u_cxs_if.u_flit_fifo.mem[7][160] (+)
|-- (1)top.u_cxs_if.u_flit_fifo.mem[7][161] (+)
|-- (1)top.u_cxs_if.u_flit_fifo.mem[7][162] (+)
|-- (1)top.u_cxs_if.u_flit_fifo.mem[7][163] (+)
|-- (1)top.u_cxs_if.u_flit_fifo.mem[7][164] (+)
|-- (1)top.u_cxs_if.u_flit_fifo.mem[7][165] (+)
|-- (1)top.u_cxs_if.u_flit_fifo.mem[7][166] (+)
|-- (1)top.u_cxs_if.u_flit_fifo.mem[7][167] (+)
|-- (1)top.u_cxs_if.u_flit_fifo.mem[7][168] (+)
|-- (1)top.u_cxs_if.u_flit_fifo.mem[7][169] (+)
|-- (1)top.u_cxs_if.u_flit_fifo.mem[7][170] (+)
|-- (1)top.u_cxs_if.u_flit_fifo.mem[7][171] (+)
|-- (1)top.u_cxs_if.u_flit_fifo.mem[7][172] (+)
|-- (1)top.u_cxs_if.u_flit_fifo.mem[7][173] (+)
|-- (1)top.u_cxs_if.u_flit_fifo.mem[7][174] (+)
|-- (1)top.u_cxs_if.u_flit_fifo.mem[7][175] (+)
|-- (1)top.u_cxs_if.u_flit_fifo.mem[7][176] (+)
|-- (1)top.u_cxs_if.u_flit_fifo.mem[7][177] (+)
|-- (1)top.u_cxs_if.u_flit_fifo.mem[7][178] (+)
|-- (1)top.u_cxs_if.u_flit_fifo.mem[7][179] (+)
|-- (1)top.u_cxs_if.u_flit_fifo.mem[7][180] (+)
|-- (1)top.u_cxs_if.u_flit_fifo.mem[7][181] (+)
|-- (1)top.u_cxs_if.u_flit_fifo.mem[7][182] (+)
|-- (1)top.u_cxs_if.u_flit_fifo.mem[7][183] (+)
|-- (1)top.u_cxs_if.u_flit_fifo.mem[7][184] (+)
|-- (1)top.u_cxs_if.u_flit_fifo.mem[7][185] (+)
|-- (1)top.u_cxs_if.u_flit_fifo.mem[7][186] (+)
|-- (1)top.u_cxs_if.u_flit_fifo.mem[7][187] (+)
|-- (1)top.u_cxs_if.u_flit_fifo.mem[7][188] (+)
|-- (1)top.u_cxs_if.u_flit_fifo.mem[7][189] (+)
|-- (1)top.u_cxs_if.u_flit_fifo.mem[7][190] (+)
|-- (1)top.u_cxs_if.u_flit_fifo.mem[7][191] (+)
|-- (1)top.u_cxs_if.u_flit_fifo.mem[7][192] (+)
|-- (1)top.u_cxs_if.u_flit_fifo.mem[7][193] (+)
|-- (1)top.u_cxs_if.u_flit_fifo.mem[7][194] (+)
|-- (1)top.u_cxs_if.u_flit_fifo.mem[7][195] (+)
|-- (1)top.u_cxs_if.u_flit_fifo.mem[7][196] (+)
|-- (1)top.u_cxs_if.u_flit_fifo.mem[7][197] (+)
|-- (1)top.u_cxs_if.u_flit_fifo.mem[7][198] (+)
|-- (1)top.u_cxs_if.u_flit_fifo.mem[7][199] (+)
|-- (1)top.u_cxs_if.u_flit_fifo.mem[7][200] (+)
|-- (1)top.u_cxs_if.u_flit_fifo.mem[7][201] (+)
|-- (1)top.u_cxs_if.u_flit_fifo.mem[7][202] (+)
|-- (1)top.u_cxs_if.u_flit_fifo.mem[7][203] (+)
|-- (1)top.u_cxs_if.u_flit_fifo.mem[7][204] (+)
|-- (1)top.u_cxs_if.u_flit_fifo.mem[7][205] (+)
|-- (1)top.u_cxs_if.u_flit_fifo.mem[7][206] (+)
|-- (1)top.u_cxs_if.u_flit_fifo.mem[7][207] (+)
|-- (1)top.u_cxs_if.u_flit_fifo.mem[7][208] (+)
|-- (1)top.u_cxs_if.u_flit_fifo.mem[7][209] (+)
|-- (1)top.u_cxs_if.u_flit_fifo.mem[7][210] (+)
|-- (1)top.u_cxs_if.u_flit_fifo.mem[7][211] (+)
|-- (1)top.u_cxs_if.u_flit_fifo.mem[7][212] (+)
|-- (1)top.u_cxs_if.u_flit_fifo.mem[7][213] (+)
|-- (1)top.u_cxs_if.u_flit_fifo.mem[7][214] (+)
|-- (1)top.u_cxs_if.u_flit_fifo.mem[7][215] (+)
|-- (1)top.u_cxs_if.u_flit_fifo.mem[7][216] (+)
|-- (1)top.u_cxs_if.u_flit_fifo.mem[7][217] (+)
|-- (1)top.u_cxs_if.u_flit_fifo.mem[7][218] (+)
|-- (1)top.u_cxs_if.u_flit_fifo.mem[7][219] (+)
|-- (1)top.u_cxs_if.u_flit_fifo.mem[7][220] (+)
|-- (1)top.u_cxs_if.u_flit_fifo.mem[7][221] (+)
|-- (1)top.u_cxs_if.u_flit_fifo.mem[7][222] (+)
|-- (1)top.u_cxs_if.u_flit_fifo.mem[7][223] (+)
|-- (1)top.u_cxs_if.u_flit_fifo.mem[7][224] (+)
|-- (1)top.u_cxs_if.u_flit_fifo.mem[7][225] (+)
|-- (1)top.u_cxs_if.u_flit_fifo.mem[7][226] (+)
|-- (1)top.u_cxs_if.u_flit_fifo.mem[7][227] (+)
|-- (1)top.u_cxs_if.u_flit_fifo.mem[7][228] (+)
|-- (1)top.u_cxs_if.u_flit_fifo.mem[7][229] (+)
|-- (1)top.u_cxs_if.u_flit_fifo.mem[7][230] (+)
|-- (1)top.u_cxs_if.u_flit_fifo.mem[7][231] (+)
|-- (1)top.u_cxs_if.u_flit_fifo.mem[7][232] (+)
|-- (1)top.u_cxs_if.u_flit_fifo.mem[7][233] (+)
|-- (1)top.u_cxs_if.u_flit_fifo.mem[7][234] (+)
|-- (1)top.u_cxs_if.u_flit_fifo.mem[7][235] (+)
|-- (1)top.u_cxs_if.u_flit_fifo.mem[7][236] (+)
|-- (1)top.u_cxs_if.u_flit_fifo.mem[7][237] (+)
|-- (1)top.u_cxs_if.u_flit_fifo.mem[7][238] (+)
|-- (1)top.u_cxs_if.u_flit_fifo.mem[7][239] (+)
|-- (1)top.u_cxs_if.u_flit_fifo.mem[7][240] (+)
|-- (1)top.u_cxs_if.u_flit_fifo.mem[7][241] (+)
|-- (1)top.u_cxs_if.u_flit_fifo.mem[7][242] (+)
|-- (1)top.u_cxs_if.u_flit_fifo.mem[7][243] (+)
|-- (1)top.u_cxs_if.u_flit_fifo.mem[7][244] (+)
|-- (1)top.u_cxs_if.u_flit_fifo.mem[7][245] (+)
|-- (1)top.u_cxs_if.u_flit_fifo.mem[7][246] (+)
|-- (1)top.u_cxs_if.u_flit_fifo.mem[7][247] (+)
|-- (1)top.u_cxs_if.u_flit_fifo.mem[7][248] (+)
|-- (1)top.u_cxs_if.u_flit_fifo.mem[7][249] (+)
|-- (1)top.u_cxs_if.u_flit_fifo.mem[7][250] (+)
|-- (1)top.u_cxs_if.u_flit_fifo.mem[7][251] (+)
|-- (1)top.u_cxs_if.u_flit_fifo.mem[7][252] (+)
|-- (1)top.u_cxs_if.u_flit_fifo.mem[7][253] (+)
|-- (1)top.u_cxs_if.u_flit_fifo.mem[7][254] (+)
|-- (1)top.u_cxs_if.u_flit_fifo.mem[7][255] (+)
|-- (1)top.u_cxs_if.u_flit_fifo.mem[7][256] (+)
|-- (1)top.u_cxs_if.u_flit_fifo.mem[7][257] (+)
|-- (1)top.u_cxs_if.u_flit_fifo.mem[7][258] (+)
|-- (1)top.u_cxs_if.u_flit_fifo.mem[7][259] (+)
|-- (1)top.u_cxs_if.u_flit_fifo.mem[7][260] (+)
|-- (1)top.u_cxs_if.u_flit_fifo.mem[7][261] (+)
|-- (1)top.u_cxs_if.u_flit_fifo.mem[7][262] (+)
|-- (1)top.u_cxs_if.u_flit_fifo.mem[7][263] (+)
|-- (1)top.u_cxs_if.u_flit_fifo.mem[7][264] (+)
|-- (1)top.u_cxs_if.u_flit_fifo.mem[7][265] (+)
|-- (1)top.u_cxs_if.u_flit_fifo.mem[7][266] (+)
|-- (1)top.u_cxs_if.u_flit_fifo.mem[7][267] (+)
|-- (1)top.u_cxs_if.u_flit_fifo.mem[7][268] (+)
|-- (1)top.u_cxs_if.u_flit_fifo.mem[7][269] (+)
|-- (1)top.u_cxs_if.u_flit_fifo.mem[6][0] (+)
|-- (1)top.u_cxs_if.u_flit_fifo.mem[6][1] (+)
|-- (1)top.u_cxs_if.u_flit_fifo.mem[6][2] (+)
|-- (1)top.u_cxs_if.u_flit_fifo.mem[6][3] (+)
|-- (1)top.u_cxs_if.u_flit_fifo.mem[6][4] (+)
|-- (1)top.u_cxs_if.u_flit_fifo.mem[6][5] (+)
|-- (1)top.u_cxs_if.u_flit_fifo.mem[6][6] (+)
|-- (1)top.u_cxs_if.u_flit_fifo.mem[6][7] (+)
|-- (1)top.u_cxs_if.u_flit_fifo.mem[6][8] (+)
|-- (1)top.u_cxs_if.u_flit_fifo.mem[6][9] (+)
|-- (1)top.u_cxs_if.u_flit_fifo.mem[6][10] (+)
|-- (1)top.u_cxs_if.u_flit_fifo.mem[6][11] (+)
|-- (1)top.u_cxs_if.u_flit_fifo.mem[6][12] (+)
|-- (1)top.u_cxs_if.u_flit_fifo.mem[6][13] (+)
|-- (1)top.u_cxs_if.u_flit_fifo.mem[6][14] (+)
|-- (1)top.u_cxs_if.u_flit_fifo.mem[6][15] (+)
|-- (1)top.u_cxs_if.u_flit_fifo.mem[6][16] (+)
|-- (1)top.u_cxs_if.u_flit_fifo.mem[6][17] (+)
|-- (1)top.u_cxs_if.u_flit_fifo.mem[6][18] (+)
|-- (1)top.u_cxs_if.u_flit_fifo.mem[6][19] (+)
|-- (1)top.u_cxs_if.u_flit_fifo.mem[6][20] (+)
|-- (1)top.u_cxs_if.u_flit_fifo.mem[6][21] (+)
|-- (1)top.u_cxs_if.u_flit_fifo.mem[6][22] (+)
|-- (1)top.u_cxs_if.u_flit_fifo.mem[6][23] (+)
|-- (1)top.u_cxs_if.u_flit_fifo.mem[6][24] (+)
|-- (1)top.u_cxs_if.u_flit_fifo.mem[6][25] (+)
|-- (1)top.u_cxs_if.u_flit_fifo.mem[6][26] (+)
|-- (1)top.u_cxs_if.u_flit_fifo.mem[6][27] (+)
|-- (1)top.u_cxs_if.u_flit_fifo.mem[6][28] (+)
|-- (1)top.u_cxs_if.u_flit_fifo.mem[6][29] (+)
|-- (1)top.u_cxs_if.u_flit_fifo.mem[6][30] (+)
|-- (1)top.u_cxs_if.u_flit_fifo.mem[6][31] (+)
|-- (1)top.u_cxs_if.u_flit_fifo.mem[6][32] (+)
|-- (1)top.u_cxs_if.u_flit_fifo.mem[6][33] (+)
|-- (1)top.u_cxs_if.u_flit_fifo.mem[6][34] (+)
|-- (1)top.u_cxs_if.u_flit_fifo.mem[6][35] (+)
|-- (1)top.u_cxs_if.u_flit_fifo.mem[6][36] (+)
|-- (1)top.u_cxs_if.u_flit_fifo.mem[6][37] (+)
|-- (1)top.u_cxs_if.u_flit_fifo.mem[6][38] (+)
|-- (1)top.u_cxs_if.u_flit_fifo.mem[6][39] (+)
|-- (1)top.u_cxs_if.u_flit_fifo.mem[6][40] (+)
|-- (1)top.u_cxs_if.u_flit_fifo.mem[6][41] (+)
|-- (1)top.u_cxs_if.u_flit_fifo.mem[6][42] (+)
|-- (1)top.u_cxs_if.u_flit_fifo.mem[6][43] (+)
|-- (1)top.u_cxs_if.u_flit_fifo.mem[6][44] (+)
|-- (1)top.u_cxs_if.u_flit_fifo.mem[6][45] (+)
|-- (1)top.u_cxs_if.u_flit_fifo.mem[6][46] (+)
|-- (1)top.u_cxs_if.u_flit_fifo.mem[6][47] (+)
|-- (1)top.u_cxs_if.u_flit_fifo.mem[6][48] (+)
|-- (1)top.u_cxs_if.u_flit_fifo.mem[6][49] (+)
|-- (1)top.u_cxs_if.u_flit_fifo.mem[6][50] (+)
|-- (1)top.u_cxs_if.u_flit_fifo.mem[6][51] (+)
|-- (1)top.u_cxs_if.u_flit_fifo.mem[6][52] (+)
|-- (1)top.u_cxs_if.u_flit_fifo.mem[6][53] (+)
|-- (1)top.u_cxs_if.u_flit_fifo.mem[6][54] (+)
|-- (1)top.u_cxs_if.u_flit_fifo.mem[6][55] (+)
|-- (1)top.u_cxs_if.u_flit_fifo.mem[6][56] (+)
|-- (1)top.u_cxs_if.u_flit_fifo.mem[6][57] (+)
|-- (1)top.u_cxs_if.u_flit_fifo.mem[6][58] (+)
|-- (1)top.u_cxs_if.u_flit_fifo.mem[6][59] (+)
|-- (1)top.u_cxs_if.u_flit_fifo.mem[6][60] (+)
|-- (1)top.u_cxs_if.u_flit_fifo.mem[6][61] (+)
|-- (1)top.u_cxs_if.u_flit_fifo.mem[6][62] (+)
|-- (1)top.u_cxs_if.u_flit_fifo.mem[6][63] (+)
|-- (1)top.u_cxs_if.u_flit_fifo.mem[6][64] (+)
|-- (1)top.u_cxs_if.u_flit_fifo.mem[6][65] (+)
|-- (1)top.u_cxs_if.u_flit_fifo.mem[6][66] (+)
|-- (1)top.u_cxs_if.u_flit_fifo.mem[6][67] (+)
|-- (1)top.u_cxs_if.u_flit_fifo.mem[6][68] (+)
|-- (1)top.u_cxs_if.u_flit_fifo.mem[6][69] (+)
|-- (1)top.u_cxs_if.u_flit_fifo.mem[6][70] (+)
|-- (1)top.u_cxs_if.u_flit_fifo.mem[6][71] (+)
|-- (1)top.u_cxs_if.u_flit_fifo.mem[6][72] (+)
|-- (1)top.u_cxs_if.u_flit_fifo.mem[6][73] (+)
|-- (1)top.u_cxs_if.u_flit_fifo.mem[6][74] (+)
|-- (1)top.u_cxs_if.u_flit_fifo.mem[6][75] (+)
|-- (1)top.u_cxs_if.u_flit_fifo.mem[6][76] (+)
|-- (1)top.u_cxs_if.u_flit_fifo.mem[6][77] (+)
|-- (1)top.u_cxs_if.u_flit_fifo.mem[6][78] (+)
|-- (1)top.u_cxs_if.u_flit_fifo.mem[6][79] (+)
|-- (1)top.u_cxs_if.u_flit_fifo.mem[6][80] (+)
|-- (1)top.u_cxs_if.u_flit_fifo.mem[6][81] (+)
|-- (1)top.u_cxs_if.u_flit_fifo.mem[6][82] (+)
|-- (1)top.u_cxs_if.u_flit_fifo.mem[6][83] (+)
|-- (1)top.u_cxs_if.u_flit_fifo.mem[6][84] (+)
|-- (1)top.u_cxs_if.u_flit_fifo.mem[6][85] (+)
|-- (1)top.u_cxs_if.u_flit_fifo.mem[6][86] (+)
|-- (1)top.u_cxs_if.u_flit_fifo.mem[6][87] (+)
|-- (1)top.u_cxs_if.u_flit_fifo.mem[6][88] (+)
|-- (1)top.u_cxs_if.u_flit_fifo.mem[6][89] (+)
|-- (1)top.u_cxs_if.u_flit_fifo.mem[6][90] (+)
|-- (1)top.u_cxs_if.u_flit_fifo.mem[6][91] (+)
|-- (1)top.u_cxs_if.u_flit_fifo.mem[6][92] (+)
|-- (1)top.u_cxs_if.u_flit_fifo.mem[6][93] (+)
|-- (1)top.u_cxs_if.u_flit_fifo.mem[6][94] (+)
|-- (1)top.u_cxs_if.u_flit_fifo.mem[6][95] (+)
|-- (1)top.u_cxs_if.u_flit_fifo.mem[6][96] (+)
|-- (1)top.u_cxs_if.u_flit_fifo.mem[6][97] (+)
|-- (1)top.u_cxs_if.u_flit_fifo.mem[6][98] (+)
|-- (1)top.u_cxs_if.u_flit_fifo.mem[6][99] (+)
|-- (1)top.u_cxs_if.u_flit_fifo.mem[6][100] (+)
|-- (1)top.u_cxs_if.u_flit_fifo.mem[6][101] (+)
|-- (1)top.u_cxs_if.u_flit_fifo.mem[6][102] (+)
|-- (1)top.u_cxs_if.u_flit_fifo.mem[6][103] (+)
|-- (1)top.u_cxs_if.u_flit_fifo.mem[6][104] (+)
|-- (1)top.u_cxs_if.u_flit_fifo.mem[6][105] (+)
|-- (1)top.u_cxs_if.u_flit_fifo.mem[6][106] (+)
|-- (1)top.u_cxs_if.u_flit_fifo.mem[6][107] (+)
|-- (1)top.u_cxs_if.u_flit_fifo.mem[6][108] (+)
|-- (1)top.u_cxs_if.u_flit_fifo.mem[6][109] (+)
|-- (1)top.u_cxs_if.u_flit_fifo.mem[6][110] (+)
|-- (1)top.u_cxs_if.u_flit_fifo.mem[6][111] (+)
|-- (1)top.u_cxs_if.u_flit_fifo.mem[6][112] (+)
|-- (1)top.u_cxs_if.u_flit_fifo.mem[6][113] (+)
|-- (1)top.u_cxs_if.u_flit_fifo.mem[6][114] (+)
|-- (1)top.u_cxs_if.u_flit_fifo.mem[6][115] (+)
|-- (1)top.u_cxs_if.u_flit_fifo.mem[6][116] (+)
|-- (1)top.u_cxs_if.u_flit_fifo.mem[6][117] (+)
|-- (1)top.u_cxs_if.u_flit_fifo.mem[6][118] (+)
|-- (1)top.u_cxs_if.u_flit_fifo.mem[6][119] (+)
|-- (1)top.u_cxs_if.u_flit_fifo.mem[6][120] (+)
|-- (1)top.u_cxs_if.u_flit_fifo.mem[6][121] (+)
|-- (1)top.u_cxs_if.u_flit_fifo.mem[6][122] (+)
|-- (1)top.u_cxs_if.u_flit_fifo.mem[6][123] (+)
|-- (1)top.u_cxs_if.u_flit_fifo.mem[6][124] (+)
|-- (1)top.u_cxs_if.u_flit_fifo.mem[6][125] (+)
|-- (1)top.u_cxs_if.u_flit_fifo.mem[6][126] (+)
|-- (1)top.u_cxs_if.u_flit_fifo.mem[6][127] (+)
|-- (1)top.u_cxs_if.u_flit_fifo.mem[6][128] (+)
|-- (1)top.u_cxs_if.u_flit_fifo.mem[6][129] (+)
|-- (1)top.u_cxs_if.u_flit_fifo.mem[6][130] (+)
|-- (1)top.u_cxs_if.u_flit_fifo.mem[6][131] (+)
|-- (1)top.u_cxs_if.u_flit_fifo.mem[6][132] (+)
|-- (1)top.u_cxs_if.u_flit_fifo.mem[6][133] (+)
|-- (1)top.u_cxs_if.u_flit_fifo.mem[6][134] (+)
|-- (1)top.u_cxs_if.u_flit_fifo.mem[6][135] (+)
|-- (1)top.u_cxs_if.u_flit_fifo.mem[6][136] (+)
|-- (1)top.u_cxs_if.u_flit_fifo.mem[6][137] (+)
|-- (1)top.u_cxs_if.u_flit_fifo.mem[6][138] (+)
|-- (1)top.u_cxs_if.u_flit_fifo.mem[6][139] (+)
|-- (1)top.u_cxs_if.u_flit_fifo.mem[6][140] (+)
|-- (1)top.u_cxs_if.u_flit_fifo.mem[6][141] (+)
|-- (1)top.u_cxs_if.u_flit_fifo.mem[6][142] (+)
|-- (1)top.u_cxs_if.u_flit_fifo.mem[6][143] (+)
|-- (1)top.u_cxs_if.u_flit_fifo.mem[6][144] (+)
|-- (1)top.u_cxs_if.u_flit_fifo.mem[6][145] (+)
|-- (1)top.u_cxs_if.u_flit_fifo.mem[6][146] (+)
|-- (1)top.u_cxs_if.u_flit_fifo.mem[6][147] (+)
|-- (1)top.u_cxs_if.u_flit_fifo.mem[6][148] (+)
|-- (1)top.u_cxs_if.u_flit_fifo.mem[6][149] (+)
|-- (1)top.u_cxs_if.u_flit_fifo.mem[6][150] (+)
|-- (1)top.u_cxs_if.u_flit_fifo.mem[6][151] (+)
|-- (1)top.u_cxs_if.u_flit_fifo.mem[6][152] (+)
|-- (1)top.u_cxs_if.u_flit_fifo.mem[6][153] (+)
|-- (1)top.u_cxs_if.u_flit_fifo.mem[6][154] (+)
|-- (1)top.u_cxs_if.u_flit_fifo.mem[6][155] (+)
|-- (1)top.u_cxs_if.u_flit_fifo.mem[6][156] (+)
|-- (1)top.u_cxs_if.u_flit_fifo.mem[6][157] (+)
|-- (1)top.u_cxs_if.u_flit_fifo.mem[6][158] (+)
|-- (1)top.u_cxs_if.u_flit_fifo.mem[6][159] (+)
|-- (1)top.u_cxs_if.u_flit_fifo.mem[6][160] (+)
|-- (1)top.u_cxs_if.u_flit_fifo.mem[6][161] (+)
|-- (1)top.u_cxs_if.u_flit_fifo.mem[6][162] (+)
|-- (1)top.u_cxs_if.u_flit_fifo.mem[6][163] (+)
|-- (1)top.u_cxs_if.u_flit_fifo.mem[6][164] (+)
|-- (1)top.u_cxs_if.u_flit_fifo.mem[6][165] (+)
|-- (1)top.u_cxs_if.u_flit_fifo.mem[6][166] (+)
|-- (1)top.u_cxs_if.u_flit_fifo.mem[6][167] (+)
|-- (1)top.u_cxs_if.u_flit_fifo.mem[6][168] (+)
|-- (1)top.u_cxs_if.u_flit_fifo.mem[6][169] (+)
|-- (1)top.u_cxs_if.u_flit_fifo.mem[6][170] (+)
|-- (1)top.u_cxs_if.u_flit_fifo.mem[6][171] (+)
|-- (1)top.u_cxs_if.u_flit_fifo.mem[6][172] (+)
|-- (1)top.u_cxs_if.u_flit_fifo.mem[6][173] (+)
|-- (1)top.u_cxs_if.u_flit_fifo.mem[6][174] (+)
|-- (1)top.u_cxs_if.u_flit_fifo.mem[6][175] (+)
|-- (1)top.u_cxs_if.u_flit_fifo.mem[6][176] (+)
|-- (1)top.u_cxs_if.u_flit_fifo.mem[6][177] (+)
|-- (1)top.u_cxs_if.u_flit_fifo.mem[6][178] (+)
|-- (1)top.u_cxs_if.u_flit_fifo.mem[6][179] (+)
|-- (1)top.u_cxs_if.u_flit_fifo.mem[6][180] (+)
|-- (1)top.u_cxs_if.u_flit_fifo.mem[6][181] (+)
|-- (1)top.u_cxs_if.u_flit_fifo.mem[6][182] (+)
|-- (1)top.u_cxs_if.u_flit_fifo.mem[6][183] (+)
|-- (1)top.u_cxs_if.u_flit_fifo.mem[6][184] (+)
|-- (1)top.u_cxs_if.u_flit_fifo.mem[6][185] (+)
|-- (1)top.u_cxs_if.u_flit_fifo.mem[6][186] (+)
|-- (1)top.u_cxs_if.u_flit_fifo.mem[6][187] (+)
|-- (1)top.u_cxs_if.u_flit_fifo.mem[6][188] (+)
|-- (1)top.u_cxs_if.u_flit_fifo.mem[6][189] (+)
|-- (1)top.u_cxs_if.u_flit_fifo.mem[6][190] (+)
|-- (1)top.u_cxs_if.u_flit_fifo.mem[6][191] (+)
|-- (1)top.u_cxs_if.u_flit_fifo.mem[6][192] (+)
|-- (1)top.u_cxs_if.u_flit_fifo.mem[6][193] (+)
|-- (1)top.u_cxs_if.u_flit_fifo.mem[6][194] (+)
|-- (1)top.u_cxs_if.u_flit_fifo.mem[6][195] (+)
|-- (1)top.u_cxs_if.u_flit_fifo.mem[6][196] (+)
|-- (1)top.u_cxs_if.u_flit_fifo.mem[6][197] (+)
|-- (1)top.u_cxs_if.u_flit_fifo.mem[6][198] (+)
|-- (1)top.u_cxs_if.u_flit_fifo.mem[6][199] (+)
|-- (1)top.u_cxs_if.u_flit_fifo.mem[6][200] (+)
|-- (1)top.u_cxs_if.u_flit_fifo.mem[6][201] (+)
|-- (1)top.u_cxs_if.u_flit_fifo.mem[6][202] (+)
|-- (1)top.u_cxs_if.u_flit_fifo.mem[6][203] (+)
|-- (1)top.u_cxs_if.u_flit_fifo.mem[6][204] (+)
|-- (1)top.u_cxs_if.u_flit_fifo.mem[6][205] (+)
|-- (1)top.u_cxs_if.u_flit_fifo.mem[6][206] (+)
|-- (1)top.u_cxs_if.u_flit_fifo.mem[6][207] (+)
|-- (1)top.u_cxs_if.u_flit_fifo.mem[6][208] (+)
|-- (1)top.u_cxs_if.u_flit_fifo.mem[6][209] (+)
|-- (1)top.u_cxs_if.u_flit_fifo.mem[6][210] (+)
|-- (1)top.u_cxs_if.u_flit_fifo.mem[6][211] (+)
|-- (1)top.u_cxs_if.u_flit_fifo.mem[6][212] (+)
|-- (1)top.u_cxs_if.u_flit_fifo.mem[6][213] (+)
|-- (1)top.u_cxs_if.u_flit_fifo.mem[6][214] (+)
|-- (1)top.u_cxs_if.u_flit_fifo.mem[6][215] (+)
|-- (1)top.u_cxs_if.u_flit_fifo.mem[6][216] (+)
|-- (1)top.u_cxs_if.u_flit_fifo.mem[6][217] (+)
|-- (1)top.u_cxs_if.u_flit_fifo.mem[6][218] (+)
|-- (1)top.u_cxs_if.u_flit_fifo.mem[6][219] (+)
|-- (1)top.u_cxs_if.u_flit_fifo.mem[6][220] (+)
|-- (1)top.u_cxs_if.u_flit_fifo.mem[6][221] (+)
|-- (1)top.u_cxs_if.u_flit_fifo.mem[6][222] (+)
|-- (1)top.u_cxs_if.u_flit_fifo.mem[6][223] (+)
|-- (1)top.u_cxs_if.u_flit_fifo.mem[6][224] (+)
|-- (1)top.u_cxs_if.u_flit_fifo.mem[6][225] (+)
|-- (1)top.u_cxs_if.u_flit_fifo.mem[6][226] (+)
|-- (1)top.u_cxs_if.u_flit_fifo.mem[6][227] (+)
|-- (1)top.u_cxs_if.u_flit_fifo.mem[6][228] (+)
|-- (1)top.u_cxs_if.u_flit_fifo.mem[6][229] (+)
|-- (1)top.u_cxs_if.u_flit_fifo.mem[6][230] (+)
|-- (1)top.u_cxs_if.u_flit_fifo.mem[6][231] (+)
|-- (1)top.u_cxs_if.u_flit_fifo.mem[6][232] (+)
|-- (1)top.u_cxs_if.u_flit_fifo.mem[6][233] (+)
|-- (1)top.u_cxs_if.u_flit_fifo.mem[6][234] (+)
|-- (1)top.u_cxs_if.u_flit_fifo.mem[6][235] (+)
|-- (1)top.u_cxs_if.u_flit_fifo.mem[6][236] (+)
|-- (1)top.u_cxs_if.u_flit_fifo.mem[6][237] (+)
|-- (1)top.u_cxs_if.u_flit_fifo.mem[6][238] (+)
|-- (1)top.u_cxs_if.u_flit_fifo.mem[6][239] (+)
|-- (1)top.u_cxs_if.u_flit_fifo.mem[6][240] (+)
|-- (1)top.u_cxs_if.u_flit_fifo.mem[6][241] (+)
|-- (1)top.u_cxs_if.u_flit_fifo.mem[6][242] (+)
|-- (1)top.u_cxs_if.u_flit_fifo.mem[6][243] (+)
|-- (1)top.u_cxs_if.u_flit_fifo.mem[6][244] (+)
|-- (1)top.u_cxs_if.u_flit_fifo.mem[6][245] (+)
|-- (1)top.u_cxs_if.u_flit_fifo.mem[6][246] (+)
|-- (1)top.u_cxs_if.u_flit_fifo.mem[6][247] (+)
|-- (1)top.u_cxs_if.u_flit_fifo.mem[6][248] (+)
|-- (1)top.u_cxs_if.u_flit_fifo.mem[6][249] (+)
|-- (1)top.u_cxs_if.u_flit_fifo.mem[6][250] (+)
|-- (1)top.u_cxs_if.u_flit_fifo.mem[6][251] (+)
|-- (1)top.u_cxs_if.u_flit_fifo.mem[6][252] (+)
|-- (1)top.u_cxs_if.u_flit_fifo.mem[6][253] (+)
|-- (1)top.u_cxs_if.u_flit_fifo.mem[6][254] (+)
|-- (1)top.u_cxs_if.u_flit_fifo.mem[6][255] (+)
|-- (1)top.u_cxs_if.u_flit_fifo.mem[6][256] (+)
|-- (1)top.u_cxs_if.u_flit_fifo.mem[6][257] (+)
|-- (1)top.u_cxs_if.u_flit_fifo.mem[6][258] (+)
|-- (1)top.u_cxs_if.u_flit_fifo.mem[6][259] (+)
|-- (1)top.u_cxs_if.u_flit_fifo.mem[6][260] (+)
|-- (1)top.u_cxs_if.u_flit_fifo.mem[6][261] (+)
|-- (1)top.u_cxs_if.u_flit_fifo.mem[6][262] (+)
|-- (1)top.u_cxs_if.u_flit_fifo.mem[6][263] (+)
|-- (1)top.u_cxs_if.u_flit_fifo.mem[6][264] (+)
|-- (1)top.u_cxs_if.u_flit_fifo.mem[6][265] (+)
|-- (1)top.u_cxs_if.u_flit_fifo.mem[6][266] (+)
|-- (1)top.u_cxs_if.u_flit_fifo.mem[6][267] (+)
|-- (1)top.u_cxs_if.u_flit_fifo.mem[6][268] (+)
|-- (1)top.u_cxs_if.u_flit_fifo.mem[6][269] (+)
|-- (1)top.u_cxs_if.u_flit_fifo.mem[5][0] (+)
|-- (1)top.u_cxs_if.u_flit_fifo.mem[5][1] (+)
|-- (1)top.u_cxs_if.u_flit_fifo.mem[5][2] (+)
|-- (1)top.u_cxs_if.u_flit_fifo.mem[5][3] (+)
|-- (1)top.u_cxs_if.u_flit_fifo.mem[5][4] (+)
|-- (1)top.u_cxs_if.u_flit_fifo.mem[5][5] (+)
|-- (1)top.u_cxs_if.u_flit_fifo.mem[5][6] (+)
|-- (1)top.u_cxs_if.u_flit_fifo.mem[5][7] (+)
|-- (1)top.u_cxs_if.u_flit_fifo.mem[5][8] (+)
|-- (1)top.u_cxs_if.u_flit_fifo.mem[5][9] (+)
|-- (1)top.u_cxs_if.u_flit_fifo.mem[5][10] (+)
|-- (1)top.u_cxs_if.u_flit_fifo.mem[5][11] (+)
|-- (1)top.u_cxs_if.u_flit_fifo.mem[5][12] (+)
|-- (1)top.u_cxs_if.u_flit_fifo.mem[5][13] (+)
|-- (1)top.u_cxs_if.u_flit_fifo.mem[5][14] (+)
|-- (1)top.u_cxs_if.u_flit_fifo.mem[5][15] (+)
|-- (1)top.u_cxs_if.u_flit_fifo.mem[5][16] (+)
|-- (1)top.u_cxs_if.u_flit_fifo.mem[5][17] (+)
|-- (1)top.u_cxs_if.u_flit_fifo.mem[5][18] (+)
|-- (1)top.u_cxs_if.u_flit_fifo.mem[5][19] (+)
|-- (1)top.u_cxs_if.u_flit_fifo.mem[5][20] (+)
|-- (1)top.u_cxs_if.u_flit_fifo.mem[5][21] (+)
|-- (1)top.u_cxs_if.u_flit_fifo.mem[5][22] (+)
|-- (1)top.u_cxs_if.u_flit_fifo.mem[5][23] (+)
|-- (1)top.u_cxs_if.u_flit_fifo.mem[5][24] (+)
|-- (1)top.u_cxs_if.u_flit_fifo.mem[5][25] (+)
|-- (1)top.u_cxs_if.u_flit_fifo.mem[5][26] (+)
|-- (1)top.u_cxs_if.u_flit_fifo.mem[5][27] (+)
|-- (1)top.u_cxs_if.u_flit_fifo.mem[5][28] (+)
|-- (1)top.u_cxs_if.u_flit_fifo.mem[5][29] (+)
|-- (1)top.u_cxs_if.u_flit_fifo.mem[5][30] (+)
|-- (1)top.u_cxs_if.u_flit_fifo.mem[5][31] (+)
|-- (1)top.u_cxs_if.u_flit_fifo.mem[5][32] (+)
|-- (1)top.u_cxs_if.u_flit_fifo.mem[5][33] (+)
|-- (1)top.u_cxs_if.u_flit_fifo.mem[5][34] (+)
|-- (1)top.u_cxs_if.u_flit_fifo.mem[5][35] (+)
|-- (1)top.u_cxs_if.u_flit_fifo.mem[5][36] (+)
|-- (1)top.u_cxs_if.u_flit_fifo.mem[5][37] (+)
|-- (1)top.u_cxs_if.u_flit_fifo.mem[5][38] (+)
|-- (1)top.u_cxs_if.u_flit_fifo.mem[5][39] (+)
|-- (1)top.u_cxs_if.u_flit_fifo.mem[5][40] (+)
|-- (1)top.u_cxs_if.u_flit_fifo.mem[5][41] (+)
|-- (1)top.u_cxs_if.u_flit_fifo.mem[5][42] (+)
|-- (1)top.u_cxs_if.u_flit_fifo.mem[5][43] (+)
|-- (1)top.u_cxs_if.u_flit_fifo.mem[5][44] (+)
|-- (1)top.u_cxs_if.u_flit_fifo.mem[5][45] (+)
|-- (1)top.u_cxs_if.u_flit_fifo.mem[5][46] (+)
|-- (1)top.u_cxs_if.u_flit_fifo.mem[5][47] (+)
|-- (1)top.u_cxs_if.u_flit_fifo.mem[5][48] (+)
|-- (1)top.u_cxs_if.u_flit_fifo.mem[5][49] (+)
|-- (1)top.u_cxs_if.u_flit_fifo.mem[5][50] (+)
|-- (1)top.u_cxs_if.u_flit_fifo.mem[5][51] (+)
|-- (1)top.u_cxs_if.u_flit_fifo.mem[5][52] (+)
|-- (1)top.u_cxs_if.u_flit_fifo.mem[5][53] (+)
|-- (1)top.u_cxs_if.u_flit_fifo.mem[5][54] (+)
|-- (1)top.u_cxs_if.u_flit_fifo.mem[5][55] (+)
|-- (1)top.u_cxs_if.u_flit_fifo.mem[5][56] (+)
|-- (1)top.u_cxs_if.u_flit_fifo.mem[5][57] (+)
|-- (1)top.u_cxs_if.u_flit_fifo.mem[5][58] (+)
|-- (1)top.u_cxs_if.u_flit_fifo.mem[5][59] (+)
|-- (1)top.u_cxs_if.u_flit_fifo.mem[5][60] (+)
|-- (1)top.u_cxs_if.u_flit_fifo.mem[5][61] (+)
|-- (1)top.u_cxs_if.u_flit_fifo.mem[5][62] (+)
|-- (1)top.u_cxs_if.u_flit_fifo.mem[5][63] (+)
|-- (1)top.u_cxs_if.u_flit_fifo.mem[5][64] (+)
|-- (1)top.u_cxs_if.u_flit_fifo.mem[5][65] (+)
|-- (1)top.u_cxs_if.u_flit_fifo.mem[5][66] (+)
|-- (1)top.u_cxs_if.u_flit_fifo.mem[5][67] (+)
|-- (1)top.u_cxs_if.u_flit_fifo.mem[5][68] (+)
|-- (1)top.u_cxs_if.u_flit_fifo.mem[5][69] (+)
|-- (1)top.u_cxs_if.u_flit_fifo.mem[5][70] (+)
|-- (1)top.u_cxs_if.u_flit_fifo.mem[5][71] (+)
|-- (1)top.u_cxs_if.u_flit_fifo.mem[5][72] (+)
|-- (1)top.u_cxs_if.u_flit_fifo.mem[5][73] (+)
|-- (1)top.u_cxs_if.u_flit_fifo.mem[5][74] (+)
|-- (1)top.u_cxs_if.u_flit_fifo.mem[5][75] (+)
|-- (1)top.u_cxs_if.u_flit_fifo.mem[5][76] (+)
|-- (1)top.u_cxs_if.u_flit_fifo.mem[5][77] (+)
|-- (1)top.u_cxs_if.u_flit_fifo.mem[5][78] (+)
|-- (1)top.u_cxs_if.u_flit_fifo.mem[5][79] (+)
|-- (1)top.u_cxs_if.u_flit_fifo.mem[5][80] (+)
|-- (1)top.u_cxs_if.u_flit_fifo.mem[5][81] (+)
|-- (1)top.u_cxs_if.u_flit_fifo.mem[5][82] (+)
|-- (1)top.u_cxs_if.u_flit_fifo.mem[5][83] (+)
|-- (1)top.u_cxs_if.u_flit_fifo.mem[5][84] (+)
|-- (1)top.u_cxs_if.u_flit_fifo.mem[5][85] (+)
|-- (1)top.u_cxs_if.u_flit_fifo.mem[5][86] (+)
|-- (1)top.u_cxs_if.u_flit_fifo.mem[5][87] (+)
|-- (1)top.u_cxs_if.u_flit_fifo.mem[5][88] (+)
|-- (1)top.u_cxs_if.u_flit_fifo.mem[5][89] (+)
|-- (1)top.u_cxs_if.u_flit_fifo.mem[5][90] (+)
|-- (1)top.u_cxs_if.u_flit_fifo.mem[5][91] (+)
|-- (1)top.u_cxs_if.u_flit_fifo.mem[5][92] (+)
|-- (1)top.u_cxs_if.u_flit_fifo.mem[5][93] (+)
|-- (1)top.u_cxs_if.u_flit_fifo.mem[5][94] (+)
|-- (1)top.u_cxs_if.u_flit_fifo.mem[5][95] (+)
|-- (1)top.u_cxs_if.u_flit_fifo.mem[5][96] (+)
|-- (1)top.u_cxs_if.u_flit_fifo.mem[5][97] (+)
|-- (1)top.u_cxs_if.u_flit_fifo.mem[5][98] (+)
|-- (1)top.u_cxs_if.u_flit_fifo.mem[5][99] (+)
|-- (1)top.u_cxs_if.u_flit_fifo.mem[5][100] (+)
|-- (1)top.u_cxs_if.u_flit_fifo.mem[5][101] (+)
|-- (1)top.u_cxs_if.u_flit_fifo.mem[5][102] (+)
|-- (1)top.u_cxs_if.u_flit_fifo.mem[5][103] (+)
|-- (1)top.u_cxs_if.u_flit_fifo.mem[5][104] (+)
|-- (1)top.u_cxs_if.u_flit_fifo.mem[5][105] (+)
|-- (1)top.u_cxs_if.u_flit_fifo.mem[5][106] (+)
|-- (1)top.u_cxs_if.u_flit_fifo.mem[5][107] (+)
|-- (1)top.u_cxs_if.u_flit_fifo.mem[5][108] (+)
|-- (1)top.u_cxs_if.u_flit_fifo.mem[5][109] (+)
|-- (1)top.u_cxs_if.u_flit_fifo.mem[5][110] (+)
|-- (1)top.u_cxs_if.u_flit_fifo.mem[5][111] (+)
|-- (1)top.u_cxs_if.u_flit_fifo.mem[5][112] (+)
|-- (1)top.u_cxs_if.u_flit_fifo.mem[5][113] (+)
|-- (1)top.u_cxs_if.u_flit_fifo.mem[5][114] (+)
|-- (1)top.u_cxs_if.u_flit_fifo.mem[5][115] (+)
|-- (1)top.u_cxs_if.u_flit_fifo.mem[5][116] (+)
|-- (1)top.u_cxs_if.u_flit_fifo.mem[5][117] (+)
|-- (1)top.u_cxs_if.u_flit_fifo.mem[5][118] (+)
|-- (1)top.u_cxs_if.u_flit_fifo.mem[5][119] (+)
|-- (1)top.u_cxs_if.u_flit_fifo.mem[5][120] (+)
|-- (1)top.u_cxs_if.u_flit_fifo.mem[5][121] (+)
|-- (1)top.u_cxs_if.u_flit_fifo.mem[5][122] (+)
|-- (1)top.u_cxs_if.u_flit_fifo.mem[5][123] (+)
|-- (1)top.u_cxs_if.u_flit_fifo.mem[5][124] (+)
|-- (1)top.u_cxs_if.u_flit_fifo.mem[5][125] (+)
|-- (1)top.u_cxs_if.u_flit_fifo.mem[5][126] (+)
|-- (1)top.u_cxs_if.u_flit_fifo.mem[5][127] (+)
|-- (1)top.u_cxs_if.u_flit_fifo.mem[5][128] (+)
|-- (1)top.u_cxs_if.u_flit_fifo.mem[5][129] (+)
|-- (1)top.u_cxs_if.u_flit_fifo.mem[5][130] (+)
|-- (1)top.u_cxs_if.u_flit_fifo.mem[5][131] (+)
|-- (1)top.u_cxs_if.u_flit_fifo.mem[5][132] (+)
|-- (1)top.u_cxs_if.u_flit_fifo.mem[5][133] (+)
|-- (1)top.u_cxs_if.u_flit_fifo.mem[5][134] (+)
|-- (1)top.u_cxs_if.u_flit_fifo.mem[5][135] (+)
|-- (1)top.u_cxs_if.u_flit_fifo.mem[5][136] (+)
|-- (1)top.u_cxs_if.u_flit_fifo.mem[5][137] (+)
|-- (1)top.u_cxs_if.u_flit_fifo.mem[5][138] (+)
|-- (1)top.u_cxs_if.u_flit_fifo.mem[5][139] (+)
|-- (1)top.u_cxs_if.u_flit_fifo.mem[5][140] (+)
|-- (1)top.u_cxs_if.u_flit_fifo.mem[5][141] (+)
|-- (1)top.u_cxs_if.u_flit_fifo.mem[5][142] (+)
|-- (1)top.u_cxs_if.u_flit_fifo.mem[5][143] (+)
|-- (1)top.u_cxs_if.u_flit_fifo.mem[5][144] (+)
|-- (1)top.u_cxs_if.u_flit_fifo.mem[5][145] (+)
|-- (1)top.u_cxs_if.u_flit_fifo.mem[5][146] (+)
|-- (1)top.u_cxs_if.u_flit_fifo.mem[5][147] (+)
|-- (1)top.u_cxs_if.u_flit_fifo.mem[5][148] (+)
|-- (1)top.u_cxs_if.u_flit_fifo.mem[5][149] (+)
|-- (1)top.u_cxs_if.u_flit_fifo.mem[5][150] (+)
|-- (1)top.u_cxs_if.u_flit_fifo.mem[5][151] (+)
|-- (1)top.u_cxs_if.u_flit_fifo.mem[5][152] (+)
|-- (1)top.u_cxs_if.u_flit_fifo.mem[5][153] (+)
|-- (1)top.u_cxs_if.u_flit_fifo.mem[5][154] (+)
|-- (1)top.u_cxs_if.u_flit_fifo.mem[5][155] (+)
|-- (1)top.u_cxs_if.u_flit_fifo.mem[5][156] (+)
|-- (1)top.u_cxs_if.u_flit_fifo.mem[5][157] (+)
|-- (1)top.u_cxs_if.u_flit_fifo.mem[5][158] (+)
|-- (1)top.u_cxs_if.u_flit_fifo.mem[5][159] (+)
|-- (1)top.u_cxs_if.u_flit_fifo.mem[5][160] (+)
|-- (1)top.u_cxs_if.u_flit_fifo.mem[5][161] (+)
|-- (1)top.u_cxs_if.u_flit_fifo.mem[5][162] (+)
|-- (1)top.u_cxs_if.u_flit_fifo.mem[5][163] (+)
|-- (1)top.u_cxs_if.u_flit_fifo.mem[5][164] (+)
|-- (1)top.u_cxs_if.u_flit_fifo.mem[5][165] (+)
|-- (1)top.u_cxs_if.u_flit_fifo.mem[5][166] (+)
|-- (1)top.u_cxs_if.u_flit_fifo.mem[5][167] (+)
|-- (1)top.u_cxs_if.u_flit_fifo.mem[5][168] (+)
|-- (1)top.u_cxs_if.u_flit_fifo.mem[5][169] (+)
|-- (1)top.u_cxs_if.u_flit_fifo.mem[5][170] (+)
|-- (1)top.u_cxs_if.u_flit_fifo.mem[5][171] (+)
|-- (1)top.u_cxs_if.u_flit_fifo.mem[5][172] (+)
|-- (1)top.u_cxs_if.u_flit_fifo.mem[5][173] (+)
|-- (1)top.u_cxs_if.u_flit_fifo.mem[5][174] (+)
|-- (1)top.u_cxs_if.u_flit_fifo.mem[5][175] (+)
|-- (1)top.u_cxs_if.u_flit_fifo.mem[5][176] (+)
|-- (1)top.u_cxs_if.u_flit_fifo.mem[5][177] (+)
|-- (1)top.u_cxs_if.u_flit_fifo.mem[5][178] (+)
|-- (1)top.u_cxs_if.u_flit_fifo.mem[5][179] (+)
|-- (1)top.u_cxs_if.u_flit_fifo.mem[5][180] (+)
|-- (1)top.u_cxs_if.u_flit_fifo.mem[5][181] (+)
|-- (1)top.u_cxs_if.u_flit_fifo.mem[5][182] (+)
|-- (1)top.u_cxs_if.u_flit_fifo.mem[5][183] (+)
|-- (1)top.u_cxs_if.u_flit_fifo.mem[5][184] (+)
|-- (1)top.u_cxs_if.u_flit_fifo.mem[5][185] (+)
|-- (1)top.u_cxs_if.u_flit_fifo.mem[5][186] (+)
|-- (1)top.u_cxs_if.u_flit_fifo.mem[5][187] (+)
|-- (1)top.u_cxs_if.u_flit_fifo.mem[5][188] (+)
|-- (1)top.u_cxs_if.u_flit_fifo.mem[5][189] (+)
|-- (1)top.u_cxs_if.u_flit_fifo.mem[5][190] (+)
|-- (1)top.u_cxs_if.u_flit_fifo.mem[5][191] (+)
|-- (1)top.u_cxs_if.u_flit_fifo.mem[5][192] (+)
|-- (1)top.u_cxs_if.u_flit_fifo.mem[5][193] (+)
|-- (1)top.u_cxs_if.u_flit_fifo.mem[5][194] (+)
|-- (1)top.u_cxs_if.u_flit_fifo.mem[5][195] (+)
|-- (1)top.u_cxs_if.u_flit_fifo.mem[5][196] (+)
|-- (1)top.u_cxs_if.u_flit_fifo.mem[5][197] (+)
|-- (1)top.u_cxs_if.u_flit_fifo.mem[5][198] (+)
|-- (1)top.u_cxs_if.u_flit_fifo.mem[5][199] (+)
|-- (1)top.u_cxs_if.u_flit_fifo.mem[5][200] (+)
|-- (1)top.u_cxs_if.u_flit_fifo.mem[5][201] (+)
|-- (1)top.u_cxs_if.u_flit_fifo.mem[5][202] (+)
|-- (1)top.u_cxs_if.u_flit_fifo.mem[5][203] (+)
|-- (1)top.u_cxs_if.u_flit_fifo.mem[5][204] (+)
|-- (1)top.u_cxs_if.u_flit_fifo.mem[5][205] (+)
|-- (1)top.u_cxs_if.u_flit_fifo.mem[5][206] (+)
|-- (1)top.u_cxs_if.u_flit_fifo.mem[5][207] (+)
|-- (1)top.u_cxs_if.u_flit_fifo.mem[5][208] (+)
|-- (1)top.u_cxs_if.u_flit_fifo.mem[5][209] (+)
|-- (1)top.u_cxs_if.u_flit_fifo.mem[5][210] (+)
|-- (1)top.u_cxs_if.u_flit_fifo.mem[5][211] (+)
|-- (1)top.u_cxs_if.u_flit_fifo.mem[5][212] (+)
|-- (1)top.u_cxs_if.u_flit_fifo.mem[5][213] (+)
|-- (1)top.u_cxs_if.u_flit_fifo.mem[5][214] (+)
|-- (1)top.u_cxs_if.u_flit_fifo.mem[5][215] (+)
|-- (1)top.u_cxs_if.u_flit_fifo.mem[5][216] (+)
|-- (1)top.u_cxs_if.u_flit_fifo.mem[5][217] (+)
|-- (1)top.u_cxs_if.u_flit_fifo.mem[5][218] (+)
|-- (1)top.u_cxs_if.u_flit_fifo.mem[5][219] (+)
|-- (1)top.u_cxs_if.u_flit_fifo.mem[5][220] (+)
|-- (1)top.u_cxs_if.u_flit_fifo.mem[5][221] (+)
|-- (1)top.u_cxs_if.u_flit_fifo.mem[5][222] (+)
|-- (1)top.u_cxs_if.u_flit_fifo.mem[5][223] (+)
|-- (1)top.u_cxs_if.u_flit_fifo.mem[5][224] (+)
|-- (1)top.u_cxs_if.u_flit_fifo.mem[5][225] (+)
|-- (1)top.u_cxs_if.u_flit_fifo.mem[5][226] (+)
|-- (1)top.u_cxs_if.u_flit_fifo.mem[5][227] (+)
|-- (1)top.u_cxs_if.u_flit_fifo.mem[5][228] (+)
|-- (1)top.u_cxs_if.u_flit_fifo.mem[5][229] (+)
|-- (1)top.u_cxs_if.u_flit_fifo.mem[5][230] (+)
|-- (1)top.u_cxs_if.u_flit_fifo.mem[5][231] (+)
|-- (1)top.u_cxs_if.u_flit_fifo.mem[5][232] (+)
|-- (1)top.u_cxs_if.u_flit_fifo.mem[5][233] (+)
|-- (1)top.u_cxs_if.u_flit_fifo.mem[5][234] (+)
|-- (1)top.u_cxs_if.u_flit_fifo.mem[5][235] (+)
|-- (1)top.u_cxs_if.u_flit_fifo.mem[5][236] (+)
|-- (1)top.u_cxs_if.u_flit_fifo.mem[5][237] (+)
|-- (1)top.u_cxs_if.u_flit_fifo.mem[5][238] (+)
|-- (1)top.u_cxs_if.u_flit_fifo.mem[5][239] (+)
|-- (1)top.u_cxs_if.u_flit_fifo.mem[5][240] (+)
|-- (1)top.u_cxs_if.u_flit_fifo.mem[5][241] (+)
|-- (1)top.u_cxs_if.u_flit_fifo.mem[5][242] (+)
|-- (1)top.u_cxs_if.u_flit_fifo.mem[5][243] (+)
|-- (1)top.u_cxs_if.u_flit_fifo.mem[5][244] (+)
|-- (1)top.u_cxs_if.u_flit_fifo.mem[5][245] (+)
|-- (1)top.u_cxs_if.u_flit_fifo.mem[5][246] (+)
|-- (1)top.u_cxs_if.u_flit_fifo.mem[5][247] (+)
|-- (1)top.u_cxs_if.u_flit_fifo.mem[5][248] (+)
|-- (1)top.u_cxs_if.u_flit_fifo.mem[5][249] (+)
|-- (1)top.u_cxs_if.u_flit_fifo.mem[5][250] (+)
|-- (1)top.u_cxs_if.u_flit_fifo.mem[5][251] (+)
|-- (1)top.u_cxs_if.u_flit_fifo.mem[5][252] (+)
|-- (1)top.u_cxs_if.u_flit_fifo.mem[5][253] (+)
|-- (1)top.u_cxs_if.u_flit_fifo.mem[5][254] (+)
|-- (1)top.u_cxs_if.u_flit_fifo.mem[5][255] (+)
|-- (1)top.u_cxs_if.u_flit_fifo.mem[5][256] (+)
|-- (1)top.u_cxs_if.u_flit_fifo.mem[5][257] (+)
|-- (1)top.u_cxs_if.u_flit_fifo.mem[5][258] (+)
|-- (1)top.u_cxs_if.u_flit_fifo.mem[5][259] (+)
|-- (1)top.u_cxs_if.u_flit_fifo.mem[5][260] (+)
|-- (1)top.u_cxs_if.u_flit_fifo.mem[5][261] (+)
|-- (1)top.u_cxs_if.u_flit_fifo.mem[5][262] (+)
|-- (1)top.u_cxs_if.u_flit_fifo.mem[5][263] (+)
|-- (1)top.u_cxs_if.u_flit_fifo.mem[5][264] (+)
|-- (1)top.u_cxs_if.u_flit_fifo.mem[5][265] (+)
|-- (1)top.u_cxs_if.u_flit_fifo.mem[5][266] (+)
|-- (1)top.u_cxs_if.u_flit_fifo.mem[5][267] (+)
|-- (1)top.u_cxs_if.u_flit_fifo.mem[5][268] (+)
|-- (1)top.u_cxs_if.u_flit_fifo.mem[5][269] (+)
|-- (1)top.u_cxs_if.u_flit_fifo.mem[4][0] (+)
|-- (1)top.u_cxs_if.u_flit_fifo.mem[4][1] (+)
|-- (1)top.u_cxs_if.u_flit_fifo.mem[4][2] (+)
|-- (1)top.u_cxs_if.u_flit_fifo.mem[4][3] (+)
|-- (1)top.u_cxs_if.u_flit_fifo.mem[4][4] (+)
|-- (1)top.u_cxs_if.u_flit_fifo.mem[4][5] (+)
|-- (1)top.u_cxs_if.u_flit_fifo.mem[4][6] (+)
|-- (1)top.u_cxs_if.u_flit_fifo.mem[4][7] (+)
|-- (1)top.u_cxs_if.u_flit_fifo.mem[4][8] (+)
|-- (1)top.u_cxs_if.u_flit_fifo.mem[4][9] (+)
|-- (1)top.u_cxs_if.u_flit_fifo.mem[4][10] (+)
|-- (1)top.u_cxs_if.u_flit_fifo.mem[4][11] (+)
|-- (1)top.u_cxs_if.u_flit_fifo.mem[4][12] (+)
|-- (1)top.u_cxs_if.u_flit_fifo.mem[4][13] (+)
|-- (1)top.u_cxs_if.u_flit_fifo.mem[4][14] (+)
|-- (1)top.u_cxs_if.u_flit_fifo.mem[4][15] (+)
|-- (1)top.u_cxs_if.u_flit_fifo.mem[4][16] (+)
|-- (1)top.u_cxs_if.u_flit_fifo.mem[4][17] (+)
|-- (1)top.u_cxs_if.u_flit_fifo.mem[4][18] (+)
|-- (1)top.u_cxs_if.u_flit_fifo.mem[4][19] (+)
|-- (1)top.u_cxs_if.u_flit_fifo.mem[4][20] (+)
|-- (1)top.u_cxs_if.u_flit_fifo.mem[4][21] (+)
|-- (1)top.u_cxs_if.u_flit_fifo.mem[4][22] (+)
|-- (1)top.u_cxs_if.u_flit_fifo.mem[4][23] (+)
|-- (1)top.u_cxs_if.u_flit_fifo.mem[4][24] (+)
|-- (1)top.u_cxs_if.u_flit_fifo.mem[4][25] (+)
|-- (1)top.u_cxs_if.u_flit_fifo.mem[4][26] (+)
|-- (1)top.u_cxs_if.u_flit_fifo.mem[4][27] (+)
|-- (1)top.u_cxs_if.u_flit_fifo.mem[4][28] (+)
|-- (1)top.u_cxs_if.u_flit_fifo.mem[4][29] (+)
|-- (1)top.u_cxs_if.u_flit_fifo.mem[4][30] (+)
|-- (1)top.u_cxs_if.u_flit_fifo.mem[4][31] (+)
|-- (1)top.u_cxs_if.u_flit_fifo.mem[4][32] (+)
|-- (1)top.u_cxs_if.u_flit_fifo.mem[4][33] (+)
|-- (1)top.u_cxs_if.u_flit_fifo.mem[4][34] (+)
|-- (1)top.u_cxs_if.u_flit_fifo.mem[4][35] (+)
|-- (1)top.u_cxs_if.u_flit_fifo.mem[4][36] (+)
|-- (1)top.u_cxs_if.u_flit_fifo.mem[4][37] (+)
|-- (1)top.u_cxs_if.u_flit_fifo.mem[4][38] (+)
|-- (1)top.u_cxs_if.u_flit_fifo.mem[4][39] (+)
|-- (1)top.u_cxs_if.u_flit_fifo.mem[4][40] (+)
|-- (1)top.u_cxs_if.u_flit_fifo.mem[4][41] (+)
|-- (1)top.u_cxs_if.u_flit_fifo.mem[4][42] (+)
|-- (1)top.u_cxs_if.u_flit_fifo.mem[4][43] (+)
|-- (1)top.u_cxs_if.u_flit_fifo.mem[4][44] (+)
|-- (1)top.u_cxs_if.u_flit_fifo.mem[4][45] (+)
|-- (1)top.u_cxs_if.u_flit_fifo.mem[4][46] (+)
|-- (1)top.u_cxs_if.u_flit_fifo.mem[4][47] (+)
|-- (1)top.u_cxs_if.u_flit_fifo.mem[4][48] (+)
|-- (1)top.u_cxs_if.u_flit_fifo.mem[4][49] (+)
|-- (1)top.u_cxs_if.u_flit_fifo.mem[4][50] (+)
|-- (1)top.u_cxs_if.u_flit_fifo.mem[4][51] (+)
|-- (1)top.u_cxs_if.u_flit_fifo.mem[4][52] (+)
|-- (1)top.u_cxs_if.u_flit_fifo.mem[4][53] (+)
|-- (1)top.u_cxs_if.u_flit_fifo.mem[4][54] (+)
|-- (1)top.u_cxs_if.u_flit_fifo.mem[4][55] (+)
|-- (1)top.u_cxs_if.u_flit_fifo.mem[4][56] (+)
|-- (1)top.u_cxs_if.u_flit_fifo.mem[4][57] (+)
|-- (1)top.u_cxs_if.u_flit_fifo.mem[4][58] (+)
|-- (1)top.u_cxs_if.u_flit_fifo.mem[4][59] (+)
|-- (1)top.u_cxs_if.u_flit_fifo.mem[4][60] (+)
|-- (1)top.u_cxs_if.u_flit_fifo.mem[4][61] (+)
|-- (1)top.u_cxs_if.u_flit_fifo.mem[4][62] (+)
|-- (1)top.u_cxs_if.u_flit_fifo.mem[4][63] (+)
|-- (1)top.u_cxs_if.u_flit_fifo.mem[4][64] (+)
|-- (1)top.u_cxs_if.u_flit_fifo.mem[4][65] (+)
|-- (1)top.u_cxs_if.u_flit_fifo.mem[4][66] (+)
|-- (1)top.u_cxs_if.u_flit_fifo.mem[4][67] (+)
|-- (1)top.u_cxs_if.u_flit_fifo.mem[4][68] (+)
|-- (1)top.u_cxs_if.u_flit_fifo.mem[4][69] (+)
|-- (1)top.u_cxs_if.u_flit_fifo.mem[4][70] (+)
|-- (1)top.u_cxs_if.u_flit_fifo.mem[4][71] (+)
|-- (1)top.u_cxs_if.u_flit_fifo.mem[4][72] (+)
|-- (1)top.u_cxs_if.u_flit_fifo.mem[4][73] (+)
|-- (1)top.u_cxs_if.u_flit_fifo.mem[4][74] (+)
|-- (1)top.u_cxs_if.u_flit_fifo.mem[4][75] (+)
|-- (1)top.u_cxs_if.u_flit_fifo.mem[4][76] (+)
|-- (1)top.u_cxs_if.u_flit_fifo.mem[4][77] (+)
|-- (1)top.u_cxs_if.u_flit_fifo.mem[4][78] (+)
|-- (1)top.u_cxs_if.u_flit_fifo.mem[4][79] (+)
|-- (1)top.u_cxs_if.u_flit_fifo.mem[4][80] (+)
|-- (1)top.u_cxs_if.u_flit_fifo.mem[4][81] (+)
|-- (1)top.u_cxs_if.u_flit_fifo.mem[4][82] (+)
|-- (1)top.u_cxs_if.u_flit_fifo.mem[4][83] (+)
|-- (1)top.u_cxs_if.u_flit_fifo.mem[4][84] (+)
|-- (1)top.u_cxs_if.u_flit_fifo.mem[4][85] (+)
|-- (1)top.u_cxs_if.u_flit_fifo.mem[4][86] (+)
|-- (1)top.u_cxs_if.u_flit_fifo.mem[4][87] (+)
|-- (1)top.u_cxs_if.u_flit_fifo.mem[4][88] (+)
|-- (1)top.u_cxs_if.u_flit_fifo.mem[4][89] (+)
|-- (1)top.u_cxs_if.u_flit_fifo.mem[4][90] (+)
|-- (1)top.u_cxs_if.u_flit_fifo.mem[4][91] (+)
|-- (1)top.u_cxs_if.u_flit_fifo.mem[4][92] (+)
|-- (1)top.u_cxs_if.u_flit_fifo.mem[4][93] (+)
|-- (1)top.u_cxs_if.u_flit_fifo.mem[4][94] (+)
|-- (1)top.u_cxs_if.u_flit_fifo.mem[4][95] (+)
|-- (1)top.u_cxs_if.u_flit_fifo.mem[4][96] (+)
|-- (1)top.u_cxs_if.u_flit_fifo.mem[4][97] (+)
|-- (1)top.u_cxs_if.u_flit_fifo.mem[4][98] (+)
|-- (1)top.u_cxs_if.u_flit_fifo.mem[4][99] (+)
|-- (1)top.u_cxs_if.u_flit_fifo.mem[4][100] (+)
|-- (1)top.u_cxs_if.u_flit_fifo.mem[4][101] (+)
|-- (1)top.u_cxs_if.u_flit_fifo.mem[4][102] (+)
|-- (1)top.u_cxs_if.u_flit_fifo.mem[4][103] (+)
|-- (1)top.u_cxs_if.u_flit_fifo.mem[4][104] (+)
|-- (1)top.u_cxs_if.u_flit_fifo.mem[4][105] (+)
|-- (1)top.u_cxs_if.u_flit_fifo.mem[4][106] (+)
|-- (1)top.u_cxs_if.u_flit_fifo.mem[4][107] (+)
|-- (1)top.u_cxs_if.u_flit_fifo.mem[4][108] (+)
|-- (1)top.u_cxs_if.u_flit_fifo.mem[4][109] (+)
|-- (1)top.u_cxs_if.u_flit_fifo.mem[4][110] (+)
|-- (1)top.u_cxs_if.u_flit_fifo.mem[4][111] (+)
|-- (1)top.u_cxs_if.u_flit_fifo.mem[4][112] (+)
|-- (1)top.u_cxs_if.u_flit_fifo.mem[4][113] (+)
|-- (1)top.u_cxs_if.u_flit_fifo.mem[4][114] (+)
|-- (1)top.u_cxs_if.u_flit_fifo.mem[4][115] (+)
|-- (1)top.u_cxs_if.u_flit_fifo.mem[4][116] (+)
|-- (1)top.u_cxs_if.u_flit_fifo.mem[4][117] (+)
|-- (1)top.u_cxs_if.u_flit_fifo.mem[4][118] (+)
|-- (1)top.u_cxs_if.u_flit_fifo.mem[4][119] (+)
|-- (1)top.u_cxs_if.u_flit_fifo.mem[4][120] (+)
|-- (1)top.u_cxs_if.u_flit_fifo.mem[4][121] (+)
|-- (1)top.u_cxs_if.u_flit_fifo.mem[4][122] (+)
|-- (1)top.u_cxs_if.u_flit_fifo.mem[4][123] (+)
|-- (1)top.u_cxs_if.u_flit_fifo.mem[4][124] (+)
|-- (1)top.u_cxs_if.u_flit_fifo.mem[4][125] (+)
|-- (1)top.u_cxs_if.u_flit_fifo.mem[4][126] (+)
|-- (1)top.u_cxs_if.u_flit_fifo.mem[4][127] (+)
|-- (1)top.u_cxs_if.u_flit_fifo.mem[4][128] (+)
|-- (1)top.u_cxs_if.u_flit_fifo.mem[4][129] (+)
|-- (1)top.u_cxs_if.u_flit_fifo.mem[4][130] (+)
|-- (1)top.u_cxs_if.u_flit_fifo.mem[4][131] (+)
|-- (1)top.u_cxs_if.u_flit_fifo.mem[4][132] (+)
|-- (1)top.u_cxs_if.u_flit_fifo.mem[4][133] (+)
|-- (1)top.u_cxs_if.u_flit_fifo.mem[4][134] (+)
|-- (1)top.u_cxs_if.u_flit_fifo.mem[4][135] (+)
|-- (1)top.u_cxs_if.u_flit_fifo.mem[4][136] (+)
|-- (1)top.u_cxs_if.u_flit_fifo.mem[4][137] (+)
|-- (1)top.u_cxs_if.u_flit_fifo.mem[4][138] (+)
|-- (1)top.u_cxs_if.u_flit_fifo.mem[4][139] (+)
|-- (1)top.u_cxs_if.u_flit_fifo.mem[4][140] (+)
|-- (1)top.u_cxs_if.u_flit_fifo.mem[4][141] (+)
|-- (1)top.u_cxs_if.u_flit_fifo.mem[4][142] (+)
|-- (1)top.u_cxs_if.u_flit_fifo.mem[4][143] (+)
|-- (1)top.u_cxs_if.u_flit_fifo.mem[4][144] (+)
|-- (1)top.u_cxs_if.u_flit_fifo.mem[4][145] (+)
|-- (1)top.u_cxs_if.u_flit_fifo.mem[4][146] (+)
|-- (1)top.u_cxs_if.u_flit_fifo.mem[4][147] (+)
|-- (1)top.u_cxs_if.u_flit_fifo.mem[4][148] (+)
|-- (1)top.u_cxs_if.u_flit_fifo.mem[4][149] (+)
|-- (1)top.u_cxs_if.u_flit_fifo.mem[4][150] (+)
|-- (1)top.u_cxs_if.u_flit_fifo.mem[4][151] (+)
|-- (1)top.u_cxs_if.u_flit_fifo.mem[4][152] (+)
|-- (1)top.u_cxs_if.u_flit_fifo.mem[4][153] (+)
|-- (1)top.u_cxs_if.u_flit_fifo.mem[4][154] (+)
|-- (1)top.u_cxs_if.u_flit_fifo.mem[4][155] (+)
|-- (1)top.u_cxs_if.u_flit_fifo.mem[4][156] (+)
|-- (1)top.u_cxs_if.u_flit_fifo.mem[4][157] (+)
|-- (1)top.u_cxs_if.u_flit_fifo.mem[4][158] (+)
|-- (1)top.u_cxs_if.u_flit_fifo.mem[4][159] (+)
|-- (1)top.u_cxs_if.u_flit_fifo.mem[4][160] (+)
|-- (1)top.u_cxs_if.u_flit_fifo.mem[4][161] (+)
|-- (1)top.u_cxs_if.u_flit_fifo.mem[4][162] (+)
|-- (1)top.u_cxs_if.u_flit_fifo.mem[4][163] (+)
|-- (1)top.u_cxs_if.u_flit_fifo.mem[4][164] (+)
|-- (1)top.u_cxs_if.u_flit_fifo.mem[4][165] (+)
|-- (1)top.u_cxs_if.u_flit_fifo.mem[4][166] (+)
|-- (1)top.u_cxs_if.u_flit_fifo.mem[4][167] (+)
|-- (1)top.u_cxs_if.u_flit_fifo.mem[4][168] (+)
|-- (1)top.u_cxs_if.u_flit_fifo.mem[4][169] (+)
|-- (1)top.u_cxs_if.u_flit_fifo.mem[4][170] (+)
|-- (1)top.u_cxs_if.u_flit_fifo.mem[4][171] (+)
|-- (1)top.u_cxs_if.u_flit_fifo.mem[4][172] (+)
|-- (1)top.u_cxs_if.u_flit_fifo.mem[4][173] (+)
|-- (1)top.u_cxs_if.u_flit_fifo.mem[4][174] (+)
|-- (1)top.u_cxs_if.u_flit_fifo.mem[4][175] (+)
|-- (1)top.u_cxs_if.u_flit_fifo.mem[4][176] (+)
|-- (1)top.u_cxs_if.u_flit_fifo.mem[4][177] (+)
|-- (1)top.u_cxs_if.u_flit_fifo.mem[4][178] (+)
|-- (1)top.u_cxs_if.u_flit_fifo.mem[4][179] (+)
|-- (1)top.u_cxs_if.u_flit_fifo.mem[4][180] (+)
|-- (1)top.u_cxs_if.u_flit_fifo.mem[4][181] (+)
|-- (1)top.u_cxs_if.u_flit_fifo.mem[4][182] (+)
|-- (1)top.u_cxs_if.u_flit_fifo.mem[4][183] (+)
|-- (1)top.u_cxs_if.u_flit_fifo.mem[4][184] (+)
|-- (1)top.u_cxs_if.u_flit_fifo.mem[4][185] (+)
|-- (1)top.u_cxs_if.u_flit_fifo.mem[4][186] (+)
|-- (1)top.u_cxs_if.u_flit_fifo.mem[4][187] (+)
|-- (1)top.u_cxs_if.u_flit_fifo.mem[4][188] (+)
|-- (1)top.u_cxs_if.u_flit_fifo.mem[4][189] (+)
|-- (1)top.u_cxs_if.u_flit_fifo.mem[4][190] (+)
|-- (1)top.u_cxs_if.u_flit_fifo.mem[4][191] (+)
|-- (1)top.u_cxs_if.u_flit_fifo.mem[4][192] (+)
|-- (1)top.u_cxs_if.u_flit_fifo.mem[4][193] (+)
|-- (1)top.u_cxs_if.u_flit_fifo.mem[4][194] (+)
|-- (1)top.u_cxs_if.u_flit_fifo.mem[4][195] (+)
|-- (1)top.u_cxs_if.u_flit_fifo.mem[4][196] (+)
|-- (1)top.u_cxs_if.u_flit_fifo.mem[4][197] (+)
|-- (1)top.u_cxs_if.u_flit_fifo.mem[4][198] (+)
|-- (1)top.u_cxs_if.u_flit_fifo.mem[4][199] (+)
|-- (1)top.u_cxs_if.u_flit_fifo.mem[4][200] (+)
|-- (1)top.u_cxs_if.u_flit_fifo.mem[4][201] (+)
|-- (1)top.u_cxs_if.u_flit_fifo.mem[4][202] (+)
|-- (1)top.u_cxs_if.u_flit_fifo.mem[4][203] (+)
|-- (1)top.u_cxs_if.u_flit_fifo.mem[4][204] (+)
|-- (1)top.u_cxs_if.u_flit_fifo.mem[4][205] (+)
|-- (1)top.u_cxs_if.u_flit_fifo.mem[4][206] (+)
|-- (1)top.u_cxs_if.u_flit_fifo.mem[4][207] (+)
|-- (1)top.u_cxs_if.u_flit_fifo.mem[4][208] (+)
|-- (1)top.u_cxs_if.u_flit_fifo.mem[4][209] (+)
|-- (1)top.u_cxs_if.u_flit_fifo.mem[4][210] (+)
|-- (1)top.u_cxs_if.u_flit_fifo.mem[4][211] (+)
|-- (1)top.u_cxs_if.u_flit_fifo.mem[4][212] (+)
|-- (1)top.u_cxs_if.u_flit_fifo.mem[4][213] (+)
|-- (1)top.u_cxs_if.u_flit_fifo.mem[4][214] (+)
|-- (1)top.u_cxs_if.u_flit_fifo.mem[4][215] (+)
|-- (1)top.u_cxs_if.u_flit_fifo.mem[4][216] (+)
|-- (1)top.u_cxs_if.u_flit_fifo.mem[4][217] (+)
|-- (1)top.u_cxs_if.u_flit_fifo.mem[4][218] (+)
|-- (1)top.u_cxs_if.u_flit_fifo.mem[4][219] (+)
|-- (1)top.u_cxs_if.u_flit_fifo.mem[4][220] (+)
|-- (1)top.u_cxs_if.u_flit_fifo.mem[4][221] (+)
|-- (1)top.u_cxs_if.u_flit_fifo.mem[4][222] (+)
|-- (1)top.u_cxs_if.u_flit_fifo.mem[4][223] (+)
|-- (1)top.u_cxs_if.u_flit_fifo.mem[4][224] (+)
|-- (1)top.u_cxs_if.u_flit_fifo.mem[4][225] (+)
|-- (1)top.u_cxs_if.u_flit_fifo.mem[4][226] (+)
|-- (1)top.u_cxs_if.u_flit_fifo.mem[4][227] (+)
|-- (1)top.u_cxs_if.u_flit_fifo.mem[4][228] (+)
|-- (1)top.u_cxs_if.u_flit_fifo.mem[4][229] (+)
|-- (1)top.u_cxs_if.u_flit_fifo.mem[4][230] (+)
|-- (1)top.u_cxs_if.u_flit_fifo.mem[4][231] (+)
|-- (1)top.u_cxs_if.u_flit_fifo.mem[4][232] (+)
|-- (1)top.u_cxs_if.u_flit_fifo.mem[4][233] (+)
|-- (1)top.u_cxs_if.u_flit_fifo.mem[4][234] (+)
|-- (1)top.u_cxs_if.u_flit_fifo.mem[4][235] (+)
|-- (1)top.u_cxs_if.u_flit_fifo.mem[4][236] (+)
|-- (1)top.u_cxs_if.u_flit_fifo.mem[4][237] (+)
|-- (1)top.u_cxs_if.u_flit_fifo.mem[4][238] (+)
|-- (1)top.u_cxs_if.u_flit_fifo.mem[4][239] (+)
|-- (1)top.u_cxs_if.u_flit_fifo.mem[4][240] (+)
|-- (1)top.u_cxs_if.u_flit_fifo.mem[4][241] (+)
|-- (1)top.u_cxs_if.u_flit_fifo.mem[4][242] (+)
|-- (1)top.u_cxs_if.u_flit_fifo.mem[4][243] (+)
|-- (1)top.u_cxs_if.u_flit_fifo.mem[4][244] (+)
|-- (1)top.u_cxs_if.u_flit_fifo.mem[4][245] (+)
|-- (1)top.u_cxs_if.u_flit_fifo.mem[4][246] (+)
|-- (1)top.u_cxs_if.u_flit_fifo.mem[4][247] (+)
|-- (1)top.u_cxs_if.u_flit_fifo.mem[4][248] (+)
|-- (1)top.u_cxs_if.u_flit_fifo.mem[4][249] (+)
|-- (1)top.u_cxs_if.u_flit_fifo.mem[4][250] (+)
|-- (1)top.u_cxs_if.u_flit_fifo.mem[4][251] (+)
|-- (1)top.u_cxs_if.u_flit_fifo.mem[4][252] (+)
|-- (1)top.u_cxs_if.u_flit_fifo.mem[4][253] (+)
|-- (1)top.u_cxs_if.u_flit_fifo.mem[4][254] (+)
|-- (1)top.u_cxs_if.u_flit_fifo.mem[4][255] (+)
|-- (1)top.u_cxs_if.u_flit_fifo.mem[4][256] (+)
|-- (1)top.u_cxs_if.u_flit_fifo.mem[4][257] (+)
|-- (1)top.u_cxs_if.u_flit_fifo.mem[4][258] (+)
|-- (1)top.u_cxs_if.u_flit_fifo.mem[4][259] (+)
|-- (1)top.u_cxs_if.u_flit_fifo.mem[4][260] (+)
|-- (1)top.u_cxs_if.u_flit_fifo.mem[4][261] (+)
|-- (1)top.u_cxs_if.u_flit_fifo.mem[4][262] (+)
|-- (1)top.u_cxs_if.u_flit_fifo.mem[4][263] (+)
|-- (1)top.u_cxs_if.u_flit_fifo.mem[4][264] (+)
|-- (1)top.u_cxs_if.u_flit_fifo.mem[4][265] (+)
|-- (1)top.u_cxs_if.u_flit_fifo.mem[4][266] (+)
|-- (1)top.u_cxs_if.u_flit_fifo.mem[4][267] (+)
|-- (1)top.u_cxs_if.u_flit_fifo.mem[4][268] (+)
|-- (1)top.u_cxs_if.u_flit_fifo.mem[4][269] (+)
|-- (1)top.u_cxs_if.u_flit_fifo.mem[3][0] (+)
|-- (1)top.u_cxs_if.u_flit_fifo.mem[3][1] (+)
|-- (1)top.u_cxs_if.u_flit_fifo.mem[3][2] (+)
|-- (1)top.u_cxs_if.u_flit_fifo.mem[3][3] (+)
|-- (1)top.u_cxs_if.u_flit_fifo.mem[3][4] (+)
|-- (1)top.u_cxs_if.u_flit_fifo.mem[3][5] (+)
|-- (1)top.u_cxs_if.u_flit_fifo.mem[3][6] (+)
|-- (1)top.u_cxs_if.u_flit_fifo.mem[3][7] (+)
|-- (1)top.u_cxs_if.u_flit_fifo.mem[3][8] (+)
|-- (1)top.u_cxs_if.u_flit_fifo.mem[3][9] (+)
|-- (1)top.u_cxs_if.u_flit_fifo.mem[3][10] (+)
|-- (1)top.u_cxs_if.u_flit_fifo.mem[3][11] (+)
|-- (1)top.u_cxs_if.u_flit_fifo.mem[3][12] (+)
|-- (1)top.u_cxs_if.u_flit_fifo.mem[3][13] (+)
|-- (1)top.u_cxs_if.u_flit_fifo.mem[3][14] (+)
|-- (1)top.u_cxs_if.u_flit_fifo.mem[3][15] (+)
|-- (1)top.u_cxs_if.u_flit_fifo.mem[3][16] (+)
|-- (1)top.u_cxs_if.u_flit_fifo.mem[3][17] (+)
|-- (1)top.u_cxs_if.u_flit_fifo.mem[3][18] (+)
|-- (1)top.u_cxs_if.u_flit_fifo.mem[3][19] (+)
|-- (1)top.u_cxs_if.u_flit_fifo.mem[3][20] (+)
|-- (1)top.u_cxs_if.u_flit_fifo.mem[3][21] (+)
|-- (1)top.u_cxs_if.u_flit_fifo.mem[3][22] (+)
|-- (1)top.u_cxs_if.u_flit_fifo.mem[3][23] (+)
|-- (1)top.u_cxs_if.u_flit_fifo.mem[3][24] (+)
|-- (1)top.u_cxs_if.u_flit_fifo.mem[3][25] (+)
|-- (1)top.u_cxs_if.u_flit_fifo.mem[3][26] (+)
|-- (1)top.u_cxs_if.u_flit_fifo.mem[3][27] (+)
|-- (1)top.u_cxs_if.u_flit_fifo.mem[3][28] (+)
|-- (1)top.u_cxs_if.u_flit_fifo.mem[3][29] (+)
|-- (1)top.u_cxs_if.u_flit_fifo.mem[3][30] (+)
|-- (1)top.u_cxs_if.u_flit_fifo.mem[3][31] (+)
|-- (1)top.u_cxs_if.u_flit_fifo.mem[3][32] (+)
|-- (1)top.u_cxs_if.u_flit_fifo.mem[3][33] (+)
|-- (1)top.u_cxs_if.u_flit_fifo.mem[3][34] (+)
|-- (1)top.u_cxs_if.u_flit_fifo.mem[3][35] (+)
|-- (1)top.u_cxs_if.u_flit_fifo.mem[3][36] (+)
|-- (1)top.u_cxs_if.u_flit_fifo.mem[3][37] (+)
|-- (1)top.u_cxs_if.u_flit_fifo.mem[3][38] (+)
|-- (1)top.u_cxs_if.u_flit_fifo.mem[3][39] (+)
|-- (1)top.u_cxs_if.u_flit_fifo.mem[3][40] (+)
|-- (1)top.u_cxs_if.u_flit_fifo.mem[3][41] (+)
|-- (1)top.u_cxs_if.u_flit_fifo.mem[3][42] (+)
|-- (1)top.u_cxs_if.u_flit_fifo.mem[3][43] (+)
|-- (1)top.u_cxs_if.u_flit_fifo.mem[3][44] (+)
|-- (1)top.u_cxs_if.u_flit_fifo.mem[3][45] (+)
|-- (1)top.u_cxs_if.u_flit_fifo.mem[3][46] (+)
|-- (1)top.u_cxs_if.u_flit_fifo.mem[3][47] (+)
|-- (1)top.u_cxs_if.u_flit_fifo.mem[3][48] (+)
|-- (1)top.u_cxs_if.u_flit_fifo.mem[3][49] (+)
|-- (1)top.u_cxs_if.u_flit_fifo.mem[3][50] (+)
|-- (1)top.u_cxs_if.u_flit_fifo.mem[3][51] (+)
|-- (1)top.u_cxs_if.u_flit_fifo.mem[3][52] (+)
|-- (1)top.u_cxs_if.u_flit_fifo.mem[3][53] (+)
|-- (1)top.u_cxs_if.u_flit_fifo.mem[3][54] (+)
|-- (1)top.u_cxs_if.u_flit_fifo.mem[3][55] (+)
|-- (1)top.u_cxs_if.u_flit_fifo.mem[3][56] (+)
|-- (1)top.u_cxs_if.u_flit_fifo.mem[3][57] (+)
|-- (1)top.u_cxs_if.u_flit_fifo.mem[3][58] (+)
|-- (1)top.u_cxs_if.u_flit_fifo.mem[3][59] (+)
|-- (1)top.u_cxs_if.u_flit_fifo.mem[3][60] (+)
|-- (1)top.u_cxs_if.u_flit_fifo.mem[3][61] (+)
|-- (1)top.u_cxs_if.u_flit_fifo.mem[3][62] (+)
|-- (1)top.u_cxs_if.u_flit_fifo.mem[3][63] (+)
|-- (1)top.u_cxs_if.u_flit_fifo.mem[3][64] (+)
|-- (1)top.u_cxs_if.u_flit_fifo.mem[3][65] (+)
|-- (1)top.u_cxs_if.u_flit_fifo.mem[3][66] (+)
|-- (1)top.u_cxs_if.u_flit_fifo.mem[3][67] (+)
|-- (1)top.u_cxs_if.u_flit_fifo.mem[3][68] (+)
|-- (1)top.u_cxs_if.u_flit_fifo.mem[3][69] (+)
|-- (1)top.u_cxs_if.u_flit_fifo.mem[3][70] (+)
|-- (1)top.u_cxs_if.u_flit_fifo.mem[3][71] (+)
|-- (1)top.u_cxs_if.u_flit_fifo.mem[3][72] (+)
|-- (1)top.u_cxs_if.u_flit_fifo.mem[3][73] (+)
|-- (1)top.u_cxs_if.u_flit_fifo.mem[3][74] (+)
|-- (1)top.u_cxs_if.u_flit_fifo.mem[3][75] (+)
|-- (1)top.u_cxs_if.u_flit_fifo.mem[3][76] (+)
|-- (1)top.u_cxs_if.u_flit_fifo.mem[3][77] (+)
|-- (1)top.u_cxs_if.u_flit_fifo.mem[3][78] (+)
|-- (1)top.u_cxs_if.u_flit_fifo.mem[3][79] (+)
|-- (1)top.u_cxs_if.u_flit_fifo.mem[3][80] (+)
|-- (1)top.u_cxs_if.u_flit_fifo.mem[3][81] (+)
|-- (1)top.u_cxs_if.u_flit_fifo.mem[3][82] (+)
|-- (1)top.u_cxs_if.u_flit_fifo.mem[3][83] (+)
|-- (1)top.u_cxs_if.u_flit_fifo.mem[3][84] (+)
|-- (1)top.u_cxs_if.u_flit_fifo.mem[3][85] (+)
|-- (1)top.u_cxs_if.u_flit_fifo.mem[3][86] (+)
|-- (1)top.u_cxs_if.u_flit_fifo.mem[3][87] (+)
|-- (1)top.u_cxs_if.u_flit_fifo.mem[3][88] (+)
|-- (1)top.u_cxs_if.u_flit_fifo.mem[3][89] (+)
|-- (1)top.u_cxs_if.u_flit_fifo.mem[3][90] (+)
|-- (1)top.u_cxs_if.u_flit_fifo.mem[3][91] (+)
|-- (1)top.u_cxs_if.u_flit_fifo.mem[3][92] (+)
|-- (1)top.u_cxs_if.u_flit_fifo.mem[3][93] (+)
|-- (1)top.u_cxs_if.u_flit_fifo.mem[3][94] (+)
|-- (1)top.u_cxs_if.u_flit_fifo.mem[3][95] (+)
|-- (1)top.u_cxs_if.u_flit_fifo.mem[3][96] (+)
|-- (1)top.u_cxs_if.u_flit_fifo.mem[3][97] (+)
|-- (1)top.u_cxs_if.u_flit_fifo.mem[3][98] (+)
|-- (1)top.u_cxs_if.u_flit_fifo.mem[3][99] (+)
|-- (1)top.u_cxs_if.u_flit_fifo.mem[3][100] (+)
|-- (1)top.u_cxs_if.u_flit_fifo.mem[3][101] (+)
|-- (1)top.u_cxs_if.u_flit_fifo.mem[3][102] (+)
|-- (1)top.u_cxs_if.u_flit_fifo.mem[3][103] (+)
|-- (1)top.u_cxs_if.u_flit_fifo.mem[3][104] (+)
|-- (1)top.u_cxs_if.u_flit_fifo.mem[3][105] (+)
|-- (1)top.u_cxs_if.u_flit_fifo.mem[3][106] (+)
|-- (1)top.u_cxs_if.u_flit_fifo.mem[3][107] (+)
|-- (1)top.u_cxs_if.u_flit_fifo.mem[3][108] (+)
|-- (1)top.u_cxs_if.u_flit_fifo.mem[3][109] (+)
|-- (1)top.u_cxs_if.u_flit_fifo.mem[3][110] (+)
|-- (1)top.u_cxs_if.u_flit_fifo.mem[3][111] (+)
|-- (1)top.u_cxs_if.u_flit_fifo.mem[3][112] (+)
|-- (1)top.u_cxs_if.u_flit_fifo.mem[3][113] (+)
|-- (1)top.u_cxs_if.u_flit_fifo.mem[3][114] (+)
|-- (1)top.u_cxs_if.u_flit_fifo.mem[3][115] (+)
|-- (1)top.u_cxs_if.u_flit_fifo.mem[3][116] (+)
|-- (1)top.u_cxs_if.u_flit_fifo.mem[3][117] (+)
|-- (1)top.u_cxs_if.u_flit_fifo.mem[3][118] (+)
|-- (1)top.u_cxs_if.u_flit_fifo.mem[3][119] (+)
|-- (1)top.u_cxs_if.u_flit_fifo.mem[3][120] (+)
|-- (1)top.u_cxs_if.u_flit_fifo.mem[3][121] (+)
|-- (1)top.u_cxs_if.u_flit_fifo.mem[3][122] (+)
|-- (1)top.u_cxs_if.u_flit_fifo.mem[3][123] (+)
|-- (1)top.u_cxs_if.u_flit_fifo.mem[3][124] (+)
|-- (1)top.u_cxs_if.u_flit_fifo.mem[3][125] (+)
|-- (1)top.u_cxs_if.u_flit_fifo.mem[3][126] (+)
|-- (1)top.u_cxs_if.u_flit_fifo.mem[3][127] (+)
|-- (1)top.u_cxs_if.u_flit_fifo.mem[3][128] (+)
|-- (1)top.u_cxs_if.u_flit_fifo.mem[3][129] (+)
|-- (1)top.u_cxs_if.u_flit_fifo.mem[3][130] (+)
|-- (1)top.u_cxs_if.u_flit_fifo.mem[3][131] (+)
|-- (1)top.u_cxs_if.u_flit_fifo.mem[3][132] (+)
|-- (1)top.u_cxs_if.u_flit_fifo.mem[3][133] (+)
|-- (1)top.u_cxs_if.u_flit_fifo.mem[3][134] (+)
|-- (1)top.u_cxs_if.u_flit_fifo.mem[3][135] (+)
|-- (1)top.u_cxs_if.u_flit_fifo.mem[3][136] (+)
|-- (1)top.u_cxs_if.u_flit_fifo.mem[3][137] (+)
|-- (1)top.u_cxs_if.u_flit_fifo.mem[3][138] (+)
|-- (1)top.u_cxs_if.u_flit_fifo.mem[3][139] (+)
|-- (1)top.u_cxs_if.u_flit_fifo.mem[3][140] (+)
|-- (1)top.u_cxs_if.u_flit_fifo.mem[3][141] (+)
|-- (1)top.u_cxs_if.u_flit_fifo.mem[3][142] (+)
|-- (1)top.u_cxs_if.u_flit_fifo.mem[3][143] (+)
|-- (1)top.u_cxs_if.u_flit_fifo.mem[3][144] (+)
|-- (1)top.u_cxs_if.u_flit_fifo.mem[3][145] (+)
|-- (1)top.u_cxs_if.u_flit_fifo.mem[3][146] (+)
|-- (1)top.u_cxs_if.u_flit_fifo.mem[3][147] (+)
|-- (1)top.u_cxs_if.u_flit_fifo.mem[3][148] (+)
|-- (1)top.u_cxs_if.u_flit_fifo.mem[3][149] (+)
|-- (1)top.u_cxs_if.u_flit_fifo.mem[3][150] (+)
|-- (1)top.u_cxs_if.u_flit_fifo.mem[3][151] (+)
|-- (1)top.u_cxs_if.u_flit_fifo.mem[3][152] (+)
|-- (1)top.u_cxs_if.u_flit_fifo.mem[3][153] (+)
|-- (1)top.u_cxs_if.u_flit_fifo.mem[3][154] (+)
|-- (1)top.u_cxs_if.u_flit_fifo.mem[3][155] (+)
|-- (1)top.u_cxs_if.u_flit_fifo.mem[3][156] (+)
|-- (1)top.u_cxs_if.u_flit_fifo.mem[3][157] (+)
|-- (1)top.u_cxs_if.u_flit_fifo.mem[3][158] (+)
|-- (1)top.u_cxs_if.u_flit_fifo.mem[3][159] (+)
|-- (1)top.u_cxs_if.u_flit_fifo.mem[3][160] (+)
|-- (1)top.u_cxs_if.u_flit_fifo.mem[3][161] (+)
|-- (1)top.u_cxs_if.u_flit_fifo.mem[3][162] (+)
|-- (1)top.u_cxs_if.u_flit_fifo.mem[3][163] (+)
|-- (1)top.u_cxs_if.u_flit_fifo.mem[3][164] (+)
|-- (1)top.u_cxs_if.u_flit_fifo.mem[3][165] (+)
|-- (1)top.u_cxs_if.u_flit_fifo.mem[3][166] (+)
|-- (1)top.u_cxs_if.u_flit_fifo.mem[3][167] (+)
|-- (1)top.u_cxs_if.u_flit_fifo.mem[3][168] (+)
|-- (1)top.u_cxs_if.u_flit_fifo.mem[3][169] (+)
|-- (1)top.u_cxs_if.u_flit_fifo.mem[3][170] (+)
|-- (1)top.u_cxs_if.u_flit_fifo.mem[3][171] (+)
|-- (1)top.u_cxs_if.u_flit_fifo.mem[3][172] (+)
|-- (1)top.u_cxs_if.u_flit_fifo.mem[3][173] (+)
|-- (1)top.u_cxs_if.u_flit_fifo.mem[3][174] (+)
|-- (1)top.u_cxs_if.u_flit_fifo.mem[3][175] (+)
|-- (1)top.u_cxs_if.u_flit_fifo.mem[3][176] (+)
|-- (1)top.u_cxs_if.u_flit_fifo.mem[3][177] (+)
|-- (1)top.u_cxs_if.u_flit_fifo.mem[3][178] (+)
|-- (1)top.u_cxs_if.u_flit_fifo.mem[3][179] (+)
|-- (1)top.u_cxs_if.u_flit_fifo.mem[3][180] (+)
|-- (1)top.u_cxs_if.u_flit_fifo.mem[3][181] (+)
|-- (1)top.u_cxs_if.u_flit_fifo.mem[3][182] (+)
|-- (1)top.u_cxs_if.u_flit_fifo.mem[3][183] (+)
|-- (1)top.u_cxs_if.u_flit_fifo.mem[3][184] (+)
|-- (1)top.u_cxs_if.u_flit_fifo.mem[3][185] (+)
|-- (1)top.u_cxs_if.u_flit_fifo.mem[3][186] (+)
|-- (1)top.u_cxs_if.u_flit_fifo.mem[3][187] (+)
|-- (1)top.u_cxs_if.u_flit_fifo.mem[3][188] (+)
|-- (1)top.u_cxs_if.u_flit_fifo.mem[3][189] (+)
|-- (1)top.u_cxs_if.u_flit_fifo.mem[3][190] (+)
|-- (1)top.u_cxs_if.u_flit_fifo.mem[3][191] (+)
|-- (1)top.u_cxs_if.u_flit_fifo.mem[3][192] (+)
|-- (1)top.u_cxs_if.u_flit_fifo.mem[3][193] (+)
|-- (1)top.u_cxs_if.u_flit_fifo.mem[3][194] (+)
|-- (1)top.u_cxs_if.u_flit_fifo.mem[3][195] (+)
|-- (1)top.u_cxs_if.u_flit_fifo.mem[3][196] (+)
|-- (1)top.u_cxs_if.u_flit_fifo.mem[3][197] (+)
|-- (1)top.u_cxs_if.u_flit_fifo.mem[3][198] (+)
|-- (1)top.u_cxs_if.u_flit_fifo.mem[3][199] (+)
|-- (1)top.u_cxs_if.u_flit_fifo.mem[3][200] (+)
|-- (1)top.u_cxs_if.u_flit_fifo.mem[3][201] (+)
|-- (1)top.u_cxs_if.u_flit_fifo.mem[3][202] (+)
|-- (1)top.u_cxs_if.u_flit_fifo.mem[3][203] (+)
|-- (1)top.u_cxs_if.u_flit_fifo.mem[3][204] (+)
|-- (1)top.u_cxs_if.u_flit_fifo.mem[3][205] (+)
|-- (1)top.u_cxs_if.u_flit_fifo.mem[3][206] (+)
|-- (1)top.u_cxs_if.u_flit_fifo.mem[3][207] (+)
|-- (1)top.u_cxs_if.u_flit_fifo.mem[3][208] (+)
|-- (1)top.u_cxs_if.u_flit_fifo.mem[3][209] (+)
|-- (1)top.u_cxs_if.u_flit_fifo.mem[3][210] (+)
|-- (1)top.u_cxs_if.u_flit_fifo.mem[3][211] (+)
|-- (1)top.u_cxs_if.u_flit_fifo.mem[3][212] (+)
|-- (1)top.u_cxs_if.u_flit_fifo.mem[3][213] (+)
|-- (1)top.u_cxs_if.u_flit_fifo.mem[3][214] (+)
|-- (1)top.u_cxs_if.u_flit_fifo.mem[3][215] (+)
|-- (1)top.u_cxs_if.u_flit_fifo.mem[3][216] (+)
|-- (1)top.u_cxs_if.u_flit_fifo.mem[3][217] (+)
|-- (1)top.u_cxs_if.u_flit_fifo.mem[3][218] (+)
|-- (1)top.u_cxs_if.u_flit_fifo.mem[3][219] (+)
|-- (1)top.u_cxs_if.u_flit_fifo.mem[3][220] (+)
|-- (1)top.u_cxs_if.u_flit_fifo.mem[3][221] (+)
|-- (1)top.u_cxs_if.u_flit_fifo.mem[3][222] (+)
|-- (1)top.u_cxs_if.u_flit_fifo.mem[3][223] (+)
|-- (1)top.u_cxs_if.u_flit_fifo.mem[3][224] (+)
|-- (1)top.u_cxs_if.u_flit_fifo.mem[3][225] (+)
|-- (1)top.u_cxs_if.u_flit_fifo.mem[3][226] (+)
|-- (1)top.u_cxs_if.u_flit_fifo.mem[3][227] (+)
|-- (1)top.u_cxs_if.u_flit_fifo.mem[3][228] (+)
|-- (1)top.u_cxs_if.u_flit_fifo.mem[3][229] (+)
|-- (1)top.u_cxs_if.u_flit_fifo.mem[3][230] (+)
|-- (1)top.u_cxs_if.u_flit_fifo.mem[3][231] (+)
|-- (1)top.u_cxs_if.u_flit_fifo.mem[3][232] (+)
|-- (1)top.u_cxs_if.u_flit_fifo.mem[3][233] (+)
|-- (1)top.u_cxs_if.u_flit_fifo.mem[3][234] (+)
|-- (1)top.u_cxs_if.u_flit_fifo.mem[3][235] (+)
|-- (1)top.u_cxs_if.u_flit_fifo.mem[3][236] (+)
|-- (1)top.u_cxs_if.u_flit_fifo.mem[3][237] (+)
|-- (1)top.u_cxs_if.u_flit_fifo.mem[3][238] (+)
|-- (1)top.u_cxs_if.u_flit_fifo.mem[3][239] (+)
|-- (1)top.u_cxs_if.u_flit_fifo.mem[3][240] (+)
|-- (1)top.u_cxs_if.u_flit_fifo.mem[3][241] (+)
|-- (1)top.u_cxs_if.u_flit_fifo.mem[3][242] (+)
|-- (1)top.u_cxs_if.u_flit_fifo.mem[3][243] (+)
|-- (1)top.u_cxs_if.u_flit_fifo.mem[3][244] (+)
|-- (1)top.u_cxs_if.u_flit_fifo.mem[3][245] (+)
|-- (1)top.u_cxs_if.u_flit_fifo.mem[3][246] (+)
|-- (1)top.u_cxs_if.u_flit_fifo.mem[3][247] (+)
|-- (1)top.u_cxs_if.u_flit_fifo.mem[3][248] (+)
|-- (1)top.u_cxs_if.u_flit_fifo.mem[3][249] (+)
|-- (1)top.u_cxs_if.u_flit_fifo.mem[3][250] (+)
|-- (1)top.u_cxs_if.u_flit_fifo.mem[3][251] (+)
|-- (1)top.u_cxs_if.u_flit_fifo.mem[3][252] (+)
|-- (1)top.u_cxs_if.u_flit_fifo.mem[3][253] (+)
|-- (1)top.u_cxs_if.u_flit_fifo.mem[3][254] (+)
|-- (1)top.u_cxs_if.u_flit_fifo.mem[3][255] (+)
|-- (1)top.u_cxs_if.u_flit_fifo.mem[3][256] (+)
|-- (1)top.u_cxs_if.u_flit_fifo.mem[3][257] (+)
|-- (1)top.u_cxs_if.u_flit_fifo.mem[3][258] (+)
|-- (1)top.u_cxs_if.u_flit_fifo.mem[3][259] (+)
|-- (1)top.u_cxs_if.u_flit_fifo.mem[3][260] (+)
|-- (1)top.u_cxs_if.u_flit_fifo.mem[3][261] (+)
|-- (1)top.u_cxs_if.u_flit_fifo.mem[3][262] (+)
|-- (1)top.u_cxs_if.u_flit_fifo.mem[3][263] (+)
|-- (1)top.u_cxs_if.u_flit_fifo.mem[3][264] (+)
|-- (1)top.u_cxs_if.u_flit_fifo.mem[3][265] (+)
|-- (1)top.u_cxs_if.u_flit_fifo.mem[3][266] (+)
|-- (1)top.u_cxs_if.u_flit_fifo.mem[3][267] (+)
|-- (1)top.u_cxs_if.u_flit_fifo.mem[3][268] (+)
|-- (1)top.u_cxs_if.u_flit_fifo.mem[3][269] (+)
|-- (1)top.u_cxs_if.u_flit_fifo.mem[2][0] (+)
|-- (1)top.u_cxs_if.u_flit_fifo.mem[2][1] (+)
|-- (1)top.u_cxs_if.u_flit_fifo.mem[2][2] (+)
|-- (1)top.u_cxs_if.u_flit_fifo.mem[2][3] (+)
|-- (1)top.u_cxs_if.u_flit_fifo.mem[2][4] (+)
|-- (1)top.u_cxs_if.u_flit_fifo.mem[2][5] (+)
|-- (1)top.u_cxs_if.u_flit_fifo.mem[2][6] (+)
|-- (1)top.u_cxs_if.u_flit_fifo.mem[2][7] (+)
|-- (1)top.u_cxs_if.u_flit_fifo.mem[2][8] (+)
|-- (1)top.u_cxs_if.u_flit_fifo.mem[2][9] (+)
|-- (1)top.u_cxs_if.u_flit_fifo.mem[2][10] (+)
|-- (1)top.u_cxs_if.u_flit_fifo.mem[2][11] (+)
|-- (1)top.u_cxs_if.u_flit_fifo.mem[2][12] (+)
|-- (1)top.u_cxs_if.u_flit_fifo.mem[2][13] (+)
|-- (1)top.u_cxs_if.u_flit_fifo.mem[2][14] (+)
|-- (1)top.u_cxs_if.u_flit_fifo.mem[2][15] (+)
|-- (1)top.u_cxs_if.u_flit_fifo.mem[2][16] (+)
|-- (1)top.u_cxs_if.u_flit_fifo.mem[2][17] (+)
|-- (1)top.u_cxs_if.u_flit_fifo.mem[2][18] (+)
|-- (1)top.u_cxs_if.u_flit_fifo.mem[2][19] (+)
|-- (1)top.u_cxs_if.u_flit_fifo.mem[2][20] (+)
|-- (1)top.u_cxs_if.u_flit_fifo.mem[2][21] (+)
|-- (1)top.u_cxs_if.u_flit_fifo.mem[2][22] (+)
|-- (1)top.u_cxs_if.u_flit_fifo.mem[2][23] (+)
|-- (1)top.u_cxs_if.u_flit_fifo.mem[2][24] (+)
|-- (1)top.u_cxs_if.u_flit_fifo.mem[2][25] (+)
|-- (1)top.u_cxs_if.u_flit_fifo.mem[2][26] (+)
|-- (1)top.u_cxs_if.u_flit_fifo.mem[2][27] (+)
|-- (1)top.u_cxs_if.u_flit_fifo.mem[2][28] (+)
|-- (1)top.u_cxs_if.u_flit_fifo.mem[2][29] (+)
|-- (1)top.u_cxs_if.u_flit_fifo.mem[2][30] (+)
|-- (1)top.u_cxs_if.u_flit_fifo.mem[2][31] (+)
|-- (1)top.u_cxs_if.u_flit_fifo.mem[2][32] (+)
|-- (1)top.u_cxs_if.u_flit_fifo.mem[2][33] (+)
|-- (1)top.u_cxs_if.u_flit_fifo.mem[2][34] (+)
|-- (1)top.u_cxs_if.u_flit_fifo.mem[2][35] (+)
|-- (1)top.u_cxs_if.u_flit_fifo.mem[2][36] (+)
|-- (1)top.u_cxs_if.u_flit_fifo.mem[2][37] (+)
|-- (1)top.u_cxs_if.u_flit_fifo.mem[2][38] (+)
|-- (1)top.u_cxs_if.u_flit_fifo.mem[2][39] (+)
|-- (1)top.u_cxs_if.u_flit_fifo.mem[2][40] (+)
|-- (1)top.u_cxs_if.u_flit_fifo.mem[2][41] (+)
|-- (1)top.u_cxs_if.u_flit_fifo.mem[2][42] (+)
|-- (1)top.u_cxs_if.u_flit_fifo.mem[2][43] (+)
|-- (1)top.u_cxs_if.u_flit_fifo.mem[2][44] (+)
|-- (1)top.u_cxs_if.u_flit_fifo.mem[2][45] (+)
|-- (1)top.u_cxs_if.u_flit_fifo.mem[2][46] (+)
|-- (1)top.u_cxs_if.u_flit_fifo.mem[2][47] (+)
|-- (1)top.u_cxs_if.u_flit_fifo.mem[2][48] (+)
|-- (1)top.u_cxs_if.u_flit_fifo.mem[2][49] (+)
|-- (1)top.u_cxs_if.u_flit_fifo.mem[2][50] (+)
|-- (1)top.u_cxs_if.u_flit_fifo.mem[2][51] (+)
|-- (1)top.u_cxs_if.u_flit_fifo.mem[2][52] (+)
|-- (1)top.u_cxs_if.u_flit_fifo.mem[2][53] (+)
|-- (1)top.u_cxs_if.u_flit_fifo.mem[2][54] (+)
|-- (1)top.u_cxs_if.u_flit_fifo.mem[2][55] (+)
|-- (1)top.u_cxs_if.u_flit_fifo.mem[2][56] (+)
|-- (1)top.u_cxs_if.u_flit_fifo.mem[2][57] (+)
|-- (1)top.u_cxs_if.u_flit_fifo.mem[2][58] (+)
|-- (1)top.u_cxs_if.u_flit_fifo.mem[2][59] (+)
|-- (1)top.u_cxs_if.u_flit_fifo.mem[2][60] (+)
|-- (1)top.u_cxs_if.u_flit_fifo.mem[2][61] (+)
|-- (1)top.u_cxs_if.u_flit_fifo.mem[2][62] (+)
|-- (1)top.u_cxs_if.u_flit_fifo.mem[2][63] (+)
|-- (1)top.u_cxs_if.u_flit_fifo.mem[2][64] (+)
|-- (1)top.u_cxs_if.u_flit_fifo.mem[2][65] (+)
|-- (1)top.u_cxs_if.u_flit_fifo.mem[2][66] (+)
|-- (1)top.u_cxs_if.u_flit_fifo.mem[2][67] (+)
|-- (1)top.u_cxs_if.u_flit_fifo.mem[2][68] (+)
|-- (1)top.u_cxs_if.u_flit_fifo.mem[2][69] (+)
|-- (1)top.u_cxs_if.u_flit_fifo.mem[2][70] (+)
|-- (1)top.u_cxs_if.u_flit_fifo.mem[2][71] (+)
|-- (1)top.u_cxs_if.u_flit_fifo.mem[2][72] (+)
|-- (1)top.u_cxs_if.u_flit_fifo.mem[2][73] (+)
|-- (1)top.u_cxs_if.u_flit_fifo.mem[2][74] (+)
|-- (1)top.u_cxs_if.u_flit_fifo.mem[2][75] (+)
|-- (1)top.u_cxs_if.u_flit_fifo.mem[2][76] (+)
|-- (1)top.u_cxs_if.u_flit_fifo.mem[2][77] (+)
|-- (1)top.u_cxs_if.u_flit_fifo.mem[2][78] (+)
|-- (1)top.u_cxs_if.u_flit_fifo.mem[2][79] (+)
|-- (1)top.u_cxs_if.u_flit_fifo.mem[2][80] (+)
|-- (1)top.u_cxs_if.u_flit_fifo.mem[2][81] (+)
|-- (1)top.u_cxs_if.u_flit_fifo.mem[2][82] (+)
|-- (1)top.u_cxs_if.u_flit_fifo.mem[2][83] (+)
|-- (1)top.u_cxs_if.u_flit_fifo.mem[2][84] (+)
|-- (1)top.u_cxs_if.u_flit_fifo.mem[2][85] (+)
|-- (1)top.u_cxs_if.u_flit_fifo.mem[2][86] (+)
|-- (1)top.u_cxs_if.u_flit_fifo.mem[2][87] (+)
|-- (1)top.u_cxs_if.u_flit_fifo.mem[2][88] (+)
|-- (1)top.u_cxs_if.u_flit_fifo.mem[2][89] (+)
|-- (1)top.u_cxs_if.u_flit_fifo.mem[2][90] (+)
|-- (1)top.u_cxs_if.u_flit_fifo.mem[2][91] (+)
|-- (1)top.u_cxs_if.u_flit_fifo.mem[2][92] (+)
|-- (1)top.u_cxs_if.u_flit_fifo.mem[2][93] (+)
|-- (1)top.u_cxs_if.u_flit_fifo.mem[2][94] (+)
|-- (1)top.u_cxs_if.u_flit_fifo.mem[2][95] (+)
|-- (1)top.u_cxs_if.u_flit_fifo.mem[2][96] (+)
|-- (1)top.u_cxs_if.u_flit_fifo.mem[2][97] (+)
|-- (1)top.u_cxs_if.u_flit_fifo.mem[2][98] (+)
|-- (1)top.u_cxs_if.u_flit_fifo.mem[2][99] (+)
|-- (1)top.u_cxs_if.u_flit_fifo.mem[2][100] (+)
|-- (1)top.u_cxs_if.u_flit_fifo.mem[2][101] (+)
|-- (1)top.u_cxs_if.u_flit_fifo.mem[2][102] (+)
|-- (1)top.u_cxs_if.u_flit_fifo.mem[2][103] (+)
|-- (1)top.u_cxs_if.u_flit_fifo.mem[2][104] (+)
|-- (1)top.u_cxs_if.u_flit_fifo.mem[2][105] (+)
|-- (1)top.u_cxs_if.u_flit_fifo.mem[2][106] (+)
|-- (1)top.u_cxs_if.u_flit_fifo.mem[2][107] (+)
|-- (1)top.u_cxs_if.u_flit_fifo.mem[2][108] (+)
|-- (1)top.u_cxs_if.u_flit_fifo.mem[2][109] (+)
|-- (1)top.u_cxs_if.u_flit_fifo.mem[2][110] (+)
|-- (1)top.u_cxs_if.u_flit_fifo.mem[2][111] (+)
|-- (1)top.u_cxs_if.u_flit_fifo.mem[2][112] (+)
|-- (1)top.u_cxs_if.u_flit_fifo.mem[2][113] (+)
|-- (1)top.u_cxs_if.u_flit_fifo.mem[2][114] (+)
|-- (1)top.u_cxs_if.u_flit_fifo.mem[2][115] (+)
|-- (1)top.u_cxs_if.u_flit_fifo.mem[2][116] (+)
|-- (1)top.u_cxs_if.u_flit_fifo.mem[2][117] (+)
|-- (1)top.u_cxs_if.u_flit_fifo.mem[2][118] (+)
|-- (1)top.u_cxs_if.u_flit_fifo.mem[2][119] (+)
|-- (1)top.u_cxs_if.u_flit_fifo.mem[2][120] (+)
|-- (1)top.u_cxs_if.u_flit_fifo.mem[2][121] (+)
|-- (1)top.u_cxs_if.u_flit_fifo.mem[2][122] (+)
|-- (1)top.u_cxs_if.u_flit_fifo.mem[2][123] (+)
|-- (1)top.u_cxs_if.u_flit_fifo.mem[2][124] (+)
|-- (1)top.u_cxs_if.u_flit_fifo.mem[2][125] (+)
|-- (1)top.u_cxs_if.u_flit_fifo.mem[2][126] (+)
|-- (1)top.u_cxs_if.u_flit_fifo.mem[2][127] (+)
|-- (1)top.u_cxs_if.u_flit_fifo.mem[2][128] (+)
|-- (1)top.u_cxs_if.u_flit_fifo.mem[2][129] (+)
|-- (1)top.u_cxs_if.u_flit_fifo.mem[2][130] (+)
|-- (1)top.u_cxs_if.u_flit_fifo.mem[2][131] (+)
|-- (1)top.u_cxs_if.u_flit_fifo.mem[2][132] (+)
|-- (1)top.u_cxs_if.u_flit_fifo.mem[2][133] (+)
|-- (1)top.u_cxs_if.u_flit_fifo.mem[2][134] (+)
|-- (1)top.u_cxs_if.u_flit_fifo.mem[2][135] (+)
|-- (1)top.u_cxs_if.u_flit_fifo.mem[2][136] (+)
|-- (1)top.u_cxs_if.u_flit_fifo.mem[2][137] (+)
|-- (1)top.u_cxs_if.u_flit_fifo.mem[2][138] (+)
|-- (1)top.u_cxs_if.u_flit_fifo.mem[2][139] (+)
|-- (1)top.u_cxs_if.u_flit_fifo.mem[2][140] (+)
|-- (1)top.u_cxs_if.u_flit_fifo.mem[2][141] (+)
|-- (1)top.u_cxs_if.u_flit_fifo.mem[2][142] (+)
|-- (1)top.u_cxs_if.u_flit_fifo.mem[2][143] (+)
|-- (1)top.u_cxs_if.u_flit_fifo.mem[2][144] (+)
|-- (1)top.u_cxs_if.u_flit_fifo.mem[2][145] (+)
|-- (1)top.u_cxs_if.u_flit_fifo.mem[2][146] (+)
|-- (1)top.u_cxs_if.u_flit_fifo.mem[2][147] (+)
|-- (1)top.u_cxs_if.u_flit_fifo.mem[2][148] (+)
|-- (1)top.u_cxs_if.u_flit_fifo.mem[2][149] (+)
|-- (1)top.u_cxs_if.u_flit_fifo.mem[2][150] (+)
|-- (1)top.u_cxs_if.u_flit_fifo.mem[2][151] (+)
|-- (1)top.u_cxs_if.u_flit_fifo.mem[2][152] (+)
|-- (1)top.u_cxs_if.u_flit_fifo.mem[2][153] (+)
|-- (1)top.u_cxs_if.u_flit_fifo.mem[2][154] (+)
|-- (1)top.u_cxs_if.u_flit_fifo.mem[2][155] (+)
|-- (1)top.u_cxs_if.u_flit_fifo.mem[2][156] (+)
|-- (1)top.u_cxs_if.u_flit_fifo.mem[2][157] (+)
|-- (1)top.u_cxs_if.u_flit_fifo.mem[2][158] (+)
|-- (1)top.u_cxs_if.u_flit_fifo.mem[2][159] (+)
|-- (1)top.u_cxs_if.u_flit_fifo.mem[2][160] (+)
|-- (1)top.u_cxs_if.u_flit_fifo.mem[2][161] (+)
|-- (1)top.u_cxs_if.u_flit_fifo.mem[2][162] (+)
|-- (1)top.u_cxs_if.u_flit_fifo.mem[2][163] (+)
|-- (1)top.u_cxs_if.u_flit_fifo.mem[2][164] (+)
|-- (1)top.u_cxs_if.u_flit_fifo.mem[2][165] (+)
|-- (1)top.u_cxs_if.u_flit_fifo.mem[2][166] (+)
|-- (1)top.u_cxs_if.u_flit_fifo.mem[2][167] (+)
|-- (1)top.u_cxs_if.u_flit_fifo.mem[2][168] (+)
|-- (1)top.u_cxs_if.u_flit_fifo.mem[2][169] (+)
|-- (1)top.u_cxs_if.u_flit_fifo.mem[2][170] (+)
|-- (1)top.u_cxs_if.u_flit_fifo.mem[2][171] (+)
|-- (1)top.u_cxs_if.u_flit_fifo.mem[2][172] (+)
|-- (1)top.u_cxs_if.u_flit_fifo.mem[2][173] (+)
|-- (1)top.u_cxs_if.u_flit_fifo.mem[2][174] (+)
|-- (1)top.u_cxs_if.u_flit_fifo.mem[2][175] (+)
|-- (1)top.u_cxs_if.u_flit_fifo.mem[2][176] (+)
|-- (1)top.u_cxs_if.u_flit_fifo.mem[2][177] (+)
|-- (1)top.u_cxs_if.u_flit_fifo.mem[2][178] (+)
|-- (1)top.u_cxs_if.u_flit_fifo.mem[2][179] (+)
|-- (1)top.u_cxs_if.u_flit_fifo.mem[2][180] (+)
|-- (1)top.u_cxs_if.u_flit_fifo.mem[2][181] (+)
|-- (1)top.u_cxs_if.u_flit_fifo.mem[2][182] (+)
|-- (1)top.u_cxs_if.u_flit_fifo.mem[2][183] (+)
|-- (1)top.u_cxs_if.u_flit_fifo.mem[2][184] (+)
|-- (1)top.u_cxs_if.u_flit_fifo.mem[2][185] (+)
|-- (1)top.u_cxs_if.u_flit_fifo.mem[2][186] (+)
|-- (1)top.u_cxs_if.u_flit_fifo.mem[2][187] (+)
|-- (1)top.u_cxs_if.u_flit_fifo.mem[2][188] (+)
|-- (1)top.u_cxs_if.u_flit_fifo.mem[2][189] (+)
|-- (1)top.u_cxs_if.u_flit_fifo.mem[2][190] (+)
|-- (1)top.u_cxs_if.u_flit_fifo.mem[2][191] (+)
|-- (1)top.u_cxs_if.u_flit_fifo.mem[2][192] (+)
|-- (1)top.u_cxs_if.u_flit_fifo.mem[2][193] (+)
|-- (1)top.u_cxs_if.u_flit_fifo.mem[2][194] (+)
|-- (1)top.u_cxs_if.u_flit_fifo.mem[2][195] (+)
|-- (1)top.u_cxs_if.u_flit_fifo.mem[2][196] (+)
|-- (1)top.u_cxs_if.u_flit_fifo.mem[2][197] (+)
|-- (1)top.u_cxs_if.u_flit_fifo.mem[2][198] (+)
|-- (1)top.u_cxs_if.u_flit_fifo.mem[2][199] (+)
|-- (1)top.u_cxs_if.u_flit_fifo.mem[2][200] (+)
|-- (1)top.u_cxs_if.u_flit_fifo.mem[2][201] (+)
|-- (1)top.u_cxs_if.u_flit_fifo.mem[2][202] (+)
|-- (1)top.u_cxs_if.u_flit_fifo.mem[2][203] (+)
|-- (1)top.u_cxs_if.u_flit_fifo.mem[2][204] (+)
|-- (1)top.u_cxs_if.u_flit_fifo.mem[2][205] (+)
|-- (1)top.u_cxs_if.u_flit_fifo.mem[2][206] (+)
|-- (1)top.u_cxs_if.u_flit_fifo.mem[2][207] (+)
|-- (1)top.u_cxs_if.u_flit_fifo.mem[2][208] (+)
|-- (1)top.u_cxs_if.u_flit_fifo.mem[2][209] (+)
|-- (1)top.u_cxs_if.u_flit_fifo.mem[2][210] (+)
|-- (1)top.u_cxs_if.u_flit_fifo.mem[2][211] (+)
|-- (1)top.u_cxs_if.u_flit_fifo.mem[2][212] (+)
|-- (1)top.u_cxs_if.u_flit_fifo.mem[2][213] (+)
|-- (1)top.u_cxs_if.u_flit_fifo.mem[2][214] (+)
|-- (1)top.u_cxs_if.u_flit_fifo.mem[2][215] (+)
|-- (1)top.u_cxs_if.u_flit_fifo.mem[2][216] (+)
|-- (1)top.u_cxs_if.u_flit_fifo.mem[2][217] (+)
|-- (1)top.u_cxs_if.u_flit_fifo.mem[2][218] (+)
|-- (1)top.u_cxs_if.u_flit_fifo.mem[2][219] (+)
|-- (1)top.u_cxs_if.u_flit_fifo.mem[2][220] (+)
|-- (1)top.u_cxs_if.u_flit_fifo.mem[2][221] (+)
|-- (1)top.u_cxs_if.u_flit_fifo.mem[2][222] (+)
|-- (1)top.u_cxs_if.u_flit_fifo.mem[2][223] (+)
|-- (1)top.u_cxs_if.u_flit_fifo.mem[2][224] (+)
|-- (1)top.u_cxs_if.u_flit_fifo.mem[2][225] (+)
|-- (1)top.u_cxs_if.u_flit_fifo.mem[2][226] (+)
|-- (1)top.u_cxs_if.u_flit_fifo.mem[2][227] (+)
|-- (1)top.u_cxs_if.u_flit_fifo.mem[2][228] (+)
|-- (1)top.u_cxs_if.u_flit_fifo.mem[2][229] (+)
|-- (1)top.u_cxs_if.u_flit_fifo.mem[2][230] (+)
|-- (1)top.u_cxs_if.u_flit_fifo.mem[2][231] (+)
|-- (1)top.u_cxs_if.u_flit_fifo.mem[2][232] (+)
|-- (1)top.u_cxs_if.u_flit_fifo.mem[2][233] (+)
|-- (1)top.u_cxs_if.u_flit_fifo.mem[2][234] (+)
|-- (1)top.u_cxs_if.u_flit_fifo.mem[2][235] (+)
|-- (1)top.u_cxs_if.u_flit_fifo.mem[2][236] (+)
|-- (1)top.u_cxs_if.u_flit_fifo.mem[2][237] (+)
|-- (1)top.u_cxs_if.u_flit_fifo.mem[2][238] (+)
|-- (1)top.u_cxs_if.u_flit_fifo.mem[2][239] (+)
|-- (1)top.u_cxs_if.u_flit_fifo.mem[2][240] (+)
|-- (1)top.u_cxs_if.u_flit_fifo.mem[2][241] (+)
|-- (1)top.u_cxs_if.u_flit_fifo.mem[2][242] (+)
|-- (1)top.u_cxs_if.u_flit_fifo.mem[2][243] (+)
|-- (1)top.u_cxs_if.u_flit_fifo.mem[2][244] (+)
|-- (1)top.u_cxs_if.u_flit_fifo.mem[2][245] (+)
|-- (1)top.u_cxs_if.u_flit_fifo.mem[2][246] (+)
|-- (1)top.u_cxs_if.u_flit_fifo.mem[2][247] (+)
|-- (1)top.u_cxs_if.u_flit_fifo.mem[2][248] (+)
|-- (1)top.u_cxs_if.u_flit_fifo.mem[2][249] (+)
|-- (1)top.u_cxs_if.u_flit_fifo.mem[2][250] (+)
|-- (1)top.u_cxs_if.u_flit_fifo.mem[2][251] (+)
|-- (1)top.u_cxs_if.u_flit_fifo.mem[2][252] (+)
|-- (1)top.u_cxs_if.u_flit_fifo.mem[2][253] (+)
|-- (1)top.u_cxs_if.u_flit_fifo.mem[2][254] (+)
|-- (1)top.u_cxs_if.u_flit_fifo.mem[2][255] (+)
|-- (1)top.u_cxs_if.u_flit_fifo.mem[2][256] (+)
|-- (1)top.u_cxs_if.u_flit_fifo.mem[2][257] (+)
|-- (1)top.u_cxs_if.u_flit_fifo.mem[2][258] (+)
|-- (1)top.u_cxs_if.u_flit_fifo.mem[2][259] (+)
|-- (1)top.u_cxs_if.u_flit_fifo.mem[2][260] (+)
|-- (1)top.u_cxs_if.u_flit_fifo.mem[2][261] (+)
|-- (1)top.u_cxs_if.u_flit_fifo.mem[2][262] (+)
|-- (1)top.u_cxs_if.u_flit_fifo.mem[2][263] (+)
|-- (1)top.u_cxs_if.u_flit_fifo.mem[2][264] (+)
|-- (1)top.u_cxs_if.u_flit_fifo.mem[2][265] (+)
|-- (1)top.u_cxs_if.u_flit_fifo.mem[2][266] (+)
|-- (1)top.u_cxs_if.u_flit_fifo.mem[2][267] (+)
|-- (1)top.u_cxs_if.u_flit_fifo.mem[2][268] (+)
|-- (1)top.u_cxs_if.u_flit_fifo.mem[2][269] (+)
|-- (1)top.u_cxs_if.u_flit_fifo.mem[1][0] (+)
|-- (1)top.u_cxs_if.u_flit_fifo.mem[1][1] (+)
|-- (1)top.u_cxs_if.u_flit_fifo.mem[1][2] (+)
|-- (1)top.u_cxs_if.u_flit_fifo.mem[1][3] (+)
|-- (1)top.u_cxs_if.u_flit_fifo.mem[1][4] (+)
|-- (1)top.u_cxs_if.u_flit_fifo.mem[1][5] (+)
|-- (1)top.u_cxs_if.u_flit_fifo.mem[1][6] (+)
|-- (1)top.u_cxs_if.u_flit_fifo.mem[1][7] (+)
|-- (1)top.u_cxs_if.u_flit_fifo.mem[1][8] (+)
|-- (1)top.u_cxs_if.u_flit_fifo.mem[1][9] (+)
|-- (1)top.u_cxs_if.u_flit_fifo.mem[1][10] (+)
|-- (1)top.u_cxs_if.u_flit_fifo.mem[1][11] (+)
|-- (1)top.u_cxs_if.u_flit_fifo.mem[1][12] (+)
|-- (1)top.u_cxs_if.u_flit_fifo.mem[1][13] (+)
|-- (1)top.u_cxs_if.u_flit_fifo.mem[1][14] (+)
|-- (1)top.u_cxs_if.u_flit_fifo.mem[1][15] (+)
|-- (1)top.u_cxs_if.u_flit_fifo.mem[1][16] (+)
|-- (1)top.u_cxs_if.u_flit_fifo.mem[1][17] (+)
|-- (1)top.u_cxs_if.u_flit_fifo.mem[1][18] (+)
|-- (1)top.u_cxs_if.u_flit_fifo.mem[1][19] (+)
|-- (1)top.u_cxs_if.u_flit_fifo.mem[1][20] (+)
|-- (1)top.u_cxs_if.u_flit_fifo.mem[1][21] (+)
|-- (1)top.u_cxs_if.u_flit_fifo.mem[1][22] (+)
|-- (1)top.u_cxs_if.u_flit_fifo.mem[1][23] (+)
|-- (1)top.u_cxs_if.u_flit_fifo.mem[1][24] (+)
|-- (1)top.u_cxs_if.u_flit_fifo.mem[1][25] (+)
|-- (1)top.u_cxs_if.u_flit_fifo.mem[1][26] (+)
|-- (1)top.u_cxs_if.u_flit_fifo.mem[1][27] (+)
|-- (1)top.u_cxs_if.u_flit_fifo.mem[1][28] (+)
|-- (1)top.u_cxs_if.u_flit_fifo.mem[1][29] (+)
|-- (1)top.u_cxs_if.u_flit_fifo.mem[1][30] (+)
|-- (1)top.u_cxs_if.u_flit_fifo.mem[1][31] (+)
|-- (1)top.u_cxs_if.u_flit_fifo.mem[1][32] (+)
|-- (1)top.u_cxs_if.u_flit_fifo.mem[1][33] (+)
|-- (1)top.u_cxs_if.u_flit_fifo.mem[1][34] (+)
|-- (1)top.u_cxs_if.u_flit_fifo.mem[1][35] (+)
|-- (1)top.u_cxs_if.u_flit_fifo.mem[1][36] (+)
|-- (1)top.u_cxs_if.u_flit_fifo.mem[1][37] (+)
|-- (1)top.u_cxs_if.u_flit_fifo.mem[1][38] (+)
|-- (1)top.u_cxs_if.u_flit_fifo.mem[1][39] (+)
|-- (1)top.u_cxs_if.u_flit_fifo.mem[1][40] (+)
|-- (1)top.u_cxs_if.u_flit_fifo.mem[1][41] (+)
|-- (1)top.u_cxs_if.u_flit_fifo.mem[1][42] (+)
|-- (1)top.u_cxs_if.u_flit_fifo.mem[1][43] (+)
|-- (1)top.u_cxs_if.u_flit_fifo.mem[1][44] (+)
|-- (1)top.u_cxs_if.u_flit_fifo.mem[1][45] (+)
|-- (1)top.u_cxs_if.u_flit_fifo.mem[1][46] (+)
|-- (1)top.u_cxs_if.u_flit_fifo.mem[1][47] (+)
|-- (1)top.u_cxs_if.u_flit_fifo.mem[1][48] (+)
|-- (1)top.u_cxs_if.u_flit_fifo.mem[1][49] (+)
|-- (1)top.u_cxs_if.u_flit_fifo.mem[1][50] (+)
|-- (1)top.u_cxs_if.u_flit_fifo.mem[1][51] (+)
|-- (1)top.u_cxs_if.u_flit_fifo.mem[1][52] (+)
|-- (1)top.u_cxs_if.u_flit_fifo.mem[1][53] (+)
|-- (1)top.u_cxs_if.u_flit_fifo.mem[1][54] (+)
|-- (1)top.u_cxs_if.u_flit_fifo.mem[1][55] (+)
|-- (1)top.u_cxs_if.u_flit_fifo.mem[1][56] (+)
|-- (1)top.u_cxs_if.u_flit_fifo.mem[1][57] (+)
|-- (1)top.u_cxs_if.u_flit_fifo.mem[1][58] (+)
|-- (1)top.u_cxs_if.u_flit_fifo.mem[1][59] (+)
|-- (1)top.u_cxs_if.u_flit_fifo.mem[1][60] (+)
|-- (1)top.u_cxs_if.u_flit_fifo.mem[1][61] (+)
|-- (1)top.u_cxs_if.u_flit_fifo.mem[1][62] (+)
|-- (1)top.u_cxs_if.u_flit_fifo.mem[1][63] (+)
|-- (1)top.u_cxs_if.u_flit_fifo.mem[1][64] (+)
|-- (1)top.u_cxs_if.u_flit_fifo.mem[1][65] (+)
|-- (1)top.u_cxs_if.u_flit_fifo.mem[1][66] (+)
|-- (1)top.u_cxs_if.u_flit_fifo.mem[1][67] (+)
|-- (1)top.u_cxs_if.u_flit_fifo.mem[1][68] (+)
|-- (1)top.u_cxs_if.u_flit_fifo.mem[1][69] (+)
|-- (1)top.u_cxs_if.u_flit_fifo.mem[1][70] (+)
|-- (1)top.u_cxs_if.u_flit_fifo.mem[1][71] (+)
|-- (1)top.u_cxs_if.u_flit_fifo.mem[1][72] (+)
|-- (1)top.u_cxs_if.u_flit_fifo.mem[1][73] (+)
|-- (1)top.u_cxs_if.u_flit_fifo.mem[1][74] (+)
|-- (1)top.u_cxs_if.u_flit_fifo.mem[1][75] (+)
|-- (1)top.u_cxs_if.u_flit_fifo.mem[1][76] (+)
|-- (1)top.u_cxs_if.u_flit_fifo.mem[1][77] (+)
|-- (1)top.u_cxs_if.u_flit_fifo.mem[1][78] (+)
|-- (1)top.u_cxs_if.u_flit_fifo.mem[1][79] (+)
|-- (1)top.u_cxs_if.u_flit_fifo.mem[1][80] (+)
|-- (1)top.u_cxs_if.u_flit_fifo.mem[1][81] (+)
|-- (1)top.u_cxs_if.u_flit_fifo.mem[1][82] (+)
|-- (1)top.u_cxs_if.u_flit_fifo.mem[1][83] (+)
|-- (1)top.u_cxs_if.u_flit_fifo.mem[1][84] (+)
|-- (1)top.u_cxs_if.u_flit_fifo.mem[1][85] (+)
|-- (1)top.u_cxs_if.u_flit_fifo.mem[1][86] (+)
|-- (1)top.u_cxs_if.u_flit_fifo.mem[1][87] (+)
|-- (1)top.u_cxs_if.u_flit_fifo.mem[1][88] (+)
|-- (1)top.u_cxs_if.u_flit_fifo.mem[1][89] (+)
|-- (1)top.u_cxs_if.u_flit_fifo.mem[1][90] (+)
|-- (1)top.u_cxs_if.u_flit_fifo.mem[1][91] (+)
|-- (1)top.u_cxs_if.u_flit_fifo.mem[1][92] (+)
|-- (1)top.u_cxs_if.u_flit_fifo.mem[1][93] (+)
|-- (1)top.u_cxs_if.u_flit_fifo.mem[1][94] (+)
|-- (1)top.u_cxs_if.u_flit_fifo.mem[1][95] (+)
|-- (1)top.u_cxs_if.u_flit_fifo.mem[1][96] (+)
|-- (1)top.u_cxs_if.u_flit_fifo.mem[1][97] (+)
|-- (1)top.u_cxs_if.u_flit_fifo.mem[1][98] (+)
|-- (1)top.u_cxs_if.u_flit_fifo.mem[1][99] (+)
|-- (1)top.u_cxs_if.u_flit_fifo.mem[1][100] (+)
|-- (1)top.u_cxs_if.u_flit_fifo.mem[1][101] (+)
|-- (1)top.u_cxs_if.u_flit_fifo.mem[1][102] (+)
|-- (1)top.u_cxs_if.u_flit_fifo.mem[1][103] (+)
|-- (1)top.u_cxs_if.u_flit_fifo.mem[1][104] (+)
|-- (1)top.u_cxs_if.u_flit_fifo.mem[1][105] (+)
|-- (1)top.u_cxs_if.u_flit_fifo.mem[1][106] (+)
|-- (1)top.u_cxs_if.u_flit_fifo.mem[1][107] (+)
|-- (1)top.u_cxs_if.u_flit_fifo.mem[1][108] (+)
|-- (1)top.u_cxs_if.u_flit_fifo.mem[1][109] (+)
|-- (1)top.u_cxs_if.u_flit_fifo.mem[1][110] (+)
|-- (1)top.u_cxs_if.u_flit_fifo.mem[1][111] (+)
|-- (1)top.u_cxs_if.u_flit_fifo.mem[1][112] (+)
|-- (1)top.u_cxs_if.u_flit_fifo.mem[1][113] (+)
|-- (1)top.u_cxs_if.u_flit_fifo.mem[1][114] (+)
|-- (1)top.u_cxs_if.u_flit_fifo.mem[1][115] (+)
|-- (1)top.u_cxs_if.u_flit_fifo.mem[1][116] (+)
|-- (1)top.u_cxs_if.u_flit_fifo.mem[1][117] (+)
|-- (1)top.u_cxs_if.u_flit_fifo.mem[1][118] (+)
|-- (1)top.u_cxs_if.u_flit_fifo.mem[1][119] (+)
|-- (1)top.u_cxs_if.u_flit_fifo.mem[1][120] (+)
|-- (1)top.u_cxs_if.u_flit_fifo.mem[1][121] (+)
|-- (1)top.u_cxs_if.u_flit_fifo.mem[1][122] (+)
|-- (1)top.u_cxs_if.u_flit_fifo.mem[1][123] (+)
|-- (1)top.u_cxs_if.u_flit_fifo.mem[1][124] (+)
|-- (1)top.u_cxs_if.u_flit_fifo.mem[1][125] (+)
|-- (1)top.u_cxs_if.u_flit_fifo.mem[1][126] (+)
|-- (1)top.u_cxs_if.u_flit_fifo.mem[1][127] (+)
|-- (1)top.u_cxs_if.u_flit_fifo.mem[1][128] (+)
|-- (1)top.u_cxs_if.u_flit_fifo.mem[1][129] (+)
|-- (1)top.u_cxs_if.u_flit_fifo.mem[1][130] (+)
|-- (1)top.u_cxs_if.u_flit_fifo.mem[1][131] (+)
|-- (1)top.u_cxs_if.u_flit_fifo.mem[1][132] (+)
|-- (1)top.u_cxs_if.u_flit_fifo.mem[1][133] (+)
|-- (1)top.u_cxs_if.u_flit_fifo.mem[1][134] (+)
|-- (1)top.u_cxs_if.u_flit_fifo.mem[1][135] (+)
|-- (1)top.u_cxs_if.u_flit_fifo.mem[1][136] (+)
|-- (1)top.u_cxs_if.u_flit_fifo.mem[1][137] (+)
|-- (1)top.u_cxs_if.u_flit_fifo.mem[1][138] (+)
|-- (1)top.u_cxs_if.u_flit_fifo.mem[1][139] (+)
|-- (1)top.u_cxs_if.u_flit_fifo.mem[1][140] (+)
|-- (1)top.u_cxs_if.u_flit_fifo.mem[1][141] (+)
|-- (1)top.u_cxs_if.u_flit_fifo.mem[1][142] (+)
|-- (1)top.u_cxs_if.u_flit_fifo.mem[1][143] (+)
|-- (1)top.u_cxs_if.u_flit_fifo.mem[1][144] (+)
|-- (1)top.u_cxs_if.u_flit_fifo.mem[1][145] (+)
|-- (1)top.u_cxs_if.u_flit_fifo.mem[1][146] (+)
|-- (1)top.u_cxs_if.u_flit_fifo.mem[1][147] (+)
|-- (1)top.u_cxs_if.u_flit_fifo.mem[1][148] (+)
|-- (1)top.u_cxs_if.u_flit_fifo.mem[1][149] (+)
|-- (1)top.u_cxs_if.u_flit_fifo.mem[1][150] (+)
|-- (1)top.u_cxs_if.u_flit_fifo.mem[1][151] (+)
|-- (1)top.u_cxs_if.u_flit_fifo.mem[1][152] (+)
|-- (1)top.u_cxs_if.u_flit_fifo.mem[1][153] (+)
|-- (1)top.u_cxs_if.u_flit_fifo.mem[1][154] (+)
|-- (1)top.u_cxs_if.u_flit_fifo.mem[1][155] (+)
|-- (1)top.u_cxs_if.u_flit_fifo.mem[1][156] (+)
|-- (1)top.u_cxs_if.u_flit_fifo.mem[1][157] (+)
|-- (1)top.u_cxs_if.u_flit_fifo.mem[1][158] (+)
|-- (1)top.u_cxs_if.u_flit_fifo.mem[1][159] (+)
|-- (1)top.u_cxs_if.u_flit_fifo.mem[1][160] (+)
|-- (1)top.u_cxs_if.u_flit_fifo.mem[1][161] (+)
|-- (1)top.u_cxs_if.u_flit_fifo.mem[1][162] (+)
|-- (1)top.u_cxs_if.u_flit_fifo.mem[1][163] (+)
|-- (1)top.u_cxs_if.u_flit_fifo.mem[1][164] (+)
|-- (1)top.u_cxs_if.u_flit_fifo.mem[1][165] (+)
|-- (1)top.u_cxs_if.u_flit_fifo.mem[1][166] (+)
|-- (1)top.u_cxs_if.u_flit_fifo.mem[1][167] (+)
|-- (1)top.u_cxs_if.u_flit_fifo.mem[1][168] (+)
|-- (1)top.u_cxs_if.u_flit_fifo.mem[1][169] (+)
|-- (1)top.u_cxs_if.u_flit_fifo.mem[1][170] (+)
|-- (1)top.u_cxs_if.u_flit_fifo.mem[1][171] (+)
|-- (1)top.u_cxs_if.u_flit_fifo.mem[1][172] (+)
|-- (1)top.u_cxs_if.u_flit_fifo.mem[1][173] (+)
|-- (1)top.u_cxs_if.u_flit_fifo.mem[1][174] (+)
|-- (1)top.u_cxs_if.u_flit_fifo.mem[1][175] (+)
|-- (1)top.u_cxs_if.u_flit_fifo.mem[1][176] (+)
|-- (1)top.u_cxs_if.u_flit_fifo.mem[1][177] (+)
|-- (1)top.u_cxs_if.u_flit_fifo.mem[1][178] (+)
|-- (1)top.u_cxs_if.u_flit_fifo.mem[1][179] (+)
|-- (1)top.u_cxs_if.u_flit_fifo.mem[1][180] (+)
|-- (1)top.u_cxs_if.u_flit_fifo.mem[1][181] (+)
|-- (1)top.u_cxs_if.u_flit_fifo.mem[1][182] (+)
|-- (1)top.u_cxs_if.u_flit_fifo.mem[1][183] (+)
|-- (1)top.u_cxs_if.u_flit_fifo.mem[1][184] (+)
|-- (1)top.u_cxs_if.u_flit_fifo.mem[1][185] (+)
|-- (1)top.u_cxs_if.u_flit_fifo.mem[1][186] (+)
|-- (1)top.u_cxs_if.u_flit_fifo.mem[1][187] (+)
|-- (1)top.u_cxs_if.u_flit_fifo.mem[1][188] (+)
|-- (1)top.u_cxs_if.u_flit_fifo.mem[1][189] (+)
|-- (1)top.u_cxs_if.u_flit_fifo.mem[1][190] (+)
|-- (1)top.u_cxs_if.u_flit_fifo.mem[1][191] (+)
|-- (1)top.u_cxs_if.u_flit_fifo.mem[1][192] (+)
|-- (1)top.u_cxs_if.u_flit_fifo.mem[1][193] (+)
|-- (1)top.u_cxs_if.u_flit_fifo.mem[1][194] (+)
|-- (1)top.u_cxs_if.u_flit_fifo.mem[1][195] (+)
|-- (1)top.u_cxs_if.u_flit_fifo.mem[1][196] (+)
|-- (1)top.u_cxs_if.u_flit_fifo.mem[1][197] (+)
|-- (1)top.u_cxs_if.u_flit_fifo.mem[1][198] (+)
|-- (1)top.u_cxs_if.u_flit_fifo.mem[1][199] (+)
|-- (1)top.u_cxs_if.u_flit_fifo.mem[1][200] (+)
|-- (1)top.u_cxs_if.u_flit_fifo.mem[1][201] (+)
|-- (1)top.u_cxs_if.u_flit_fifo.mem[1][202] (+)
|-- (1)top.u_cxs_if.u_flit_fifo.mem[1][203] (+)
|-- (1)top.u_cxs_if.u_flit_fifo.mem[1][204] (+)
|-- (1)top.u_cxs_if.u_flit_fifo.mem[1][205] (+)
|-- (1)top.u_cxs_if.u_flit_fifo.mem[1][206] (+)
|-- (1)top.u_cxs_if.u_flit_fifo.mem[1][207] (+)
|-- (1)top.u_cxs_if.u_flit_fifo.mem[1][208] (+)
|-- (1)top.u_cxs_if.u_flit_fifo.mem[1][209] (+)
|-- (1)top.u_cxs_if.u_flit_fifo.mem[1][210] (+)
|-- (1)top.u_cxs_if.u_flit_fifo.mem[1][211] (+)
|-- (1)top.u_cxs_if.u_flit_fifo.mem[1][212] (+)
|-- (1)top.u_cxs_if.u_flit_fifo.mem[1][213] (+)
|-- (1)top.u_cxs_if.u_flit_fifo.mem[1][214] (+)
|-- (1)top.u_cxs_if.u_flit_fifo.mem[1][215] (+)
|-- (1)top.u_cxs_if.u_flit_fifo.mem[1][216] (+)
|-- (1)top.u_cxs_if.u_flit_fifo.mem[1][217] (+)
|-- (1)top.u_cxs_if.u_flit_fifo.mem[1][218] (+)
|-- (1)top.u_cxs_if.u_flit_fifo.mem[1][219] (+)
|-- (1)top.u_cxs_if.u_flit_fifo.mem[1][220] (+)
|-- (1)top.u_cxs_if.u_flit_fifo.mem[1][221] (+)
|-- (1)top.u_cxs_if.u_flit_fifo.mem[1][222] (+)
|-- (1)top.u_cxs_if.u_flit_fifo.mem[1][223] (+)
|-- (1)top.u_cxs_if.u_flit_fifo.mem[1][224] (+)
|-- (1)top.u_cxs_if.u_flit_fifo.mem[1][225] (+)
|-- (1)top.u_cxs_if.u_flit_fifo.mem[1][226] (+)
|-- (1)top.u_cxs_if.u_flit_fifo.mem[1][227] (+)
|-- (1)top.u_cxs_if.u_flit_fifo.mem[1][228] (+)
|-- (1)top.u_cxs_if.u_flit_fifo.mem[1][229] (+)
|-- (1)top.u_cxs_if.u_flit_fifo.mem[1][230] (+)
|-- (1)top.u_cxs_if.u_flit_fifo.mem[1][231] (+)
|-- (1)top.u_cxs_if.u_flit_fifo.mem[1][232] (+)
|-- (1)top.u_cxs_if.u_flit_fifo.mem[1][233] (+)
|-- (1)top.u_cxs_if.u_flit_fifo.mem[1][234] (+)
|-- (1)top.u_cxs_if.u_flit_fifo.mem[1][235] (+)
|-- (1)top.u_cxs_if.u_flit_fifo.mem[1][236] (+)
|-- (1)top.u_cxs_if.u_flit_fifo.mem[1][237] (+)
|-- (1)top.u_cxs_if.u_flit_fifo.mem[1][238] (+)
|-- (1)top.u_cxs_if.u_flit_fifo.mem[1][239] (+)
|-- (1)top.u_cxs_if.u_flit_fifo.mem[1][240] (+)
|-- (1)top.u_cxs_if.u_flit_fifo.mem[1][241] (+)
|-- (1)top.u_cxs_if.u_flit_fifo.mem[1][242] (+)
|-- (1)top.u_cxs_if.u_flit_fifo.mem[1][243] (+)
|-- (1)top.u_cxs_if.u_flit_fifo.mem[1][244] (+)
|-- (1)top.u_cxs_if.u_flit_fifo.mem[1][245] (+)
|-- (1)top.u_cxs_if.u_flit_fifo.mem[1][246] (+)
|-- (1)top.u_cxs_if.u_flit_fifo.mem[1][247] (+)
|-- (1)top.u_cxs_if.u_flit_fifo.mem[1][248] (+)
|-- (1)top.u_cxs_if.u_flit_fifo.mem[1][249] (+)
|-- (1)top.u_cxs_if.u_flit_fifo.mem[1][250] (+)
|-- (1)top.u_cxs_if.u_flit_fifo.mem[1][251] (+)
|-- (1)top.u_cxs_if.u_flit_fifo.mem[1][252] (+)
|-- (1)top.u_cxs_if.u_flit_fifo.mem[1][253] (+)
|-- (1)top.u_cxs_if.u_flit_fifo.mem[1][254] (+)
|-- (1)top.u_cxs_if.u_flit_fifo.mem[1][255] (+)
|-- (1)top.u_cxs_if.u_flit_fifo.mem[1][256] (+)
|-- (1)top.u_cxs_if.u_flit_fifo.mem[1][257] (+)
|-- (1)top.u_cxs_if.u_flit_fifo.mem[1][258] (+)
|-- (1)top.u_cxs_if.u_flit_fifo.mem[1][259] (+)
|-- (1)top.u_cxs_if.u_flit_fifo.mem[1][260] (+)
|-- (1)top.u_cxs_if.u_flit_fifo.mem[1][261] (+)
|-- (1)top.u_cxs_if.u_flit_fifo.mem[1][262] (+)
|-- (1)top.u_cxs_if.u_flit_fifo.mem[1][263] (+)
|-- (1)top.u_cxs_if.u_flit_fifo.mem[1][264] (+)
|-- (1)top.u_cxs_if.u_flit_fifo.mem[1][265] (+)
|-- (1)top.u_cxs_if.u_flit_fifo.mem[1][266] (+)
|-- (1)top.u_cxs_if.u_flit_fifo.mem[1][267] (+)
|-- (1)top.u_cxs_if.u_flit_fifo.mem[1][268] (+)
|-- (1)top.u_cxs_if.u_flit_fifo.mem[1][269] (+)
|-- (1)top.u_cxs_if.u_flit_fifo.mem[0][0] (+)
|-- (1)top.u_cxs_if.u_flit_fifo.mem[0][1] (+)
|-- (1)top.u_cxs_if.u_flit_fifo.mem[0][2] (+)
|-- (1)top.u_cxs_if.u_flit_fifo.mem[0][3] (+)
|-- (1)top.u_cxs_if.u_flit_fifo.mem[0][4] (+)
|-- (1)top.u_cxs_if.u_flit_fifo.mem[0][5] (+)
|-- (1)top.u_cxs_if.u_flit_fifo.mem[0][6] (+)
|-- (1)top.u_cxs_if.u_flit_fifo.mem[0][7] (+)
|-- (1)top.u_cxs_if.u_flit_fifo.mem[0][8] (+)
|-- (1)top.u_cxs_if.u_flit_fifo.mem[0][9] (+)
|-- (1)top.u_cxs_if.u_flit_fifo.mem[0][10] (+)
|-- (1)top.u_cxs_if.u_flit_fifo.mem[0][11] (+)
|-- (1)top.u_cxs_if.u_flit_fifo.mem[0][12] (+)
|-- (1)top.u_cxs_if.u_flit_fifo.mem[0][13] (+)
|-- (1)top.u_cxs_if.u_flit_fifo.mem[0][14] (+)
|-- (1)top.u_cxs_if.u_flit_fifo.mem[0][15] (+)
|-- (1)top.u_cxs_if.u_flit_fifo.mem[0][16] (+)
|-- (1)top.u_cxs_if.u_flit_fifo.mem[0][17] (+)
|-- (1)top.u_cxs_if.u_flit_fifo.mem[0][18] (+)
|-- (1)top.u_cxs_if.u_flit_fifo.mem[0][19] (+)
|-- (1)top.u_cxs_if.u_flit_fifo.mem[0][20] (+)
|-- (1)top.u_cxs_if.u_flit_fifo.mem[0][21] (+)
|-- (1)top.u_cxs_if.u_flit_fifo.mem[0][22] (+)
|-- (1)top.u_cxs_if.u_flit_fifo.mem[0][23] (+)
|-- (1)top.u_cxs_if.u_flit_fifo.mem[0][24] (+)
|-- (1)top.u_cxs_if.u_flit_fifo.mem[0][25] (+)
|-- (1)top.u_cxs_if.u_flit_fifo.mem[0][26] (+)
|-- (1)top.u_cxs_if.u_flit_fifo.mem[0][27] (+)
|-- (1)top.u_cxs_if.u_flit_fifo.mem[0][28] (+)
|-- (1)top.u_cxs_if.u_flit_fifo.mem[0][29] (+)
|-- (1)top.u_cxs_if.u_flit_fifo.mem[0][30] (+)
|-- (1)top.u_cxs_if.u_flit_fifo.mem[0][31] (+)
|-- (1)top.u_cxs_if.u_flit_fifo.mem[0][32] (+)
|-- (1)top.u_cxs_if.u_flit_fifo.mem[0][33] (+)
|-- (1)top.u_cxs_if.u_flit_fifo.mem[0][34] (+)
|-- (1)top.u_cxs_if.u_flit_fifo.mem[0][35] (+)
|-- (1)top.u_cxs_if.u_flit_fifo.mem[0][36] (+)
|-- (1)top.u_cxs_if.u_flit_fifo.mem[0][37] (+)
|-- (1)top.u_cxs_if.u_flit_fifo.mem[0][38] (+)
|-- (1)top.u_cxs_if.u_flit_fifo.mem[0][39] (+)
|-- (1)top.u_cxs_if.u_flit_fifo.mem[0][40] (+)
|-- (1)top.u_cxs_if.u_flit_fifo.mem[0][41] (+)
|-- (1)top.u_cxs_if.u_flit_fifo.mem[0][42] (+)
|-- (1)top.u_cxs_if.u_flit_fifo.mem[0][43] (+)
|-- (1)top.u_cxs_if.u_flit_fifo.mem[0][44] (+)
|-- (1)top.u_cxs_if.u_flit_fifo.mem[0][45] (+)
|-- (1)top.u_cxs_if.u_flit_fifo.mem[0][46] (+)
|-- (1)top.u_cxs_if.u_flit_fifo.mem[0][47] (+)
|-- (1)top.u_cxs_if.u_flit_fifo.mem[0][48] (+)
|-- (1)top.u_cxs_if.u_flit_fifo.mem[0][49] (+)
|-- (1)top.u_cxs_if.u_flit_fifo.mem[0][50] (+)
|-- (1)top.u_cxs_if.u_flit_fifo.mem[0][51] (+)
|-- (1)top.u_cxs_if.u_flit_fifo.mem[0][52] (+)
|-- (1)top.u_cxs_if.u_flit_fifo.mem[0][53] (+)
|-- (1)top.u_cxs_if.u_flit_fifo.mem[0][54] (+)
|-- (1)top.u_cxs_if.u_flit_fifo.mem[0][55] (+)
|-- (1)top.u_cxs_if.u_flit_fifo.mem[0][56] (+)
|-- (1)top.u_cxs_if.u_flit_fifo.mem[0][57] (+)
|-- (1)top.u_cxs_if.u_flit_fifo.mem[0][58] (+)
|-- (1)top.u_cxs_if.u_flit_fifo.mem[0][59] (+)
|-- (1)top.u_cxs_if.u_flit_fifo.mem[0][60] (+)
|-- (1)top.u_cxs_if.u_flit_fifo.mem[0][61] (+)
|-- (1)top.u_cxs_if.u_flit_fifo.mem[0][62] (+)
|-- (1)top.u_cxs_if.u_flit_fifo.mem[0][63] (+)
|-- (1)top.u_cxs_if.u_flit_fifo.mem[0][64] (+)
|-- (1)top.u_cxs_if.u_flit_fifo.mem[0][65] (+)
|-- (1)top.u_cxs_if.u_flit_fifo.mem[0][66] (+)
|-- (1)top.u_cxs_if.u_flit_fifo.mem[0][67] (+)
|-- (1)top.u_cxs_if.u_flit_fifo.mem[0][68] (+)
|-- (1)top.u_cxs_if.u_flit_fifo.mem[0][69] (+)
|-- (1)top.u_cxs_if.u_flit_fifo.mem[0][70] (+)
|-- (1)top.u_cxs_if.u_flit_fifo.mem[0][71] (+)
|-- (1)top.u_cxs_if.u_flit_fifo.mem[0][72] (+)
|-- (1)top.u_cxs_if.u_flit_fifo.mem[0][73] (+)
|-- (1)top.u_cxs_if.u_flit_fifo.mem[0][74] (+)
|-- (1)top.u_cxs_if.u_flit_fifo.mem[0][75] (+)
|-- (1)top.u_cxs_if.u_flit_fifo.mem[0][76] (+)
|-- (1)top.u_cxs_if.u_flit_fifo.mem[0][77] (+)
|-- (1)top.u_cxs_if.u_flit_fifo.mem[0][78] (+)
|-- (1)top.u_cxs_if.u_flit_fifo.mem[0][79] (+)
|-- (1)top.u_cxs_if.u_flit_fifo.mem[0][80] (+)
|-- (1)top.u_cxs_if.u_flit_fifo.mem[0][81] (+)
|-- (1)top.u_cxs_if.u_flit_fifo.mem[0][82] (+)
|-- (1)top.u_cxs_if.u_flit_fifo.mem[0][83] (+)
|-- (1)top.u_cxs_if.u_flit_fifo.mem[0][84] (+)
|-- (1)top.u_cxs_if.u_flit_fifo.mem[0][85] (+)
|-- (1)top.u_cxs_if.u_flit_fifo.mem[0][86] (+)
|-- (1)top.u_cxs_if.u_flit_fifo.mem[0][87] (+)
|-- (1)top.u_cxs_if.u_flit_fifo.mem[0][88] (+)
|-- (1)top.u_cxs_if.u_flit_fifo.mem[0][89] (+)
|-- (1)top.u_cxs_if.u_flit_fifo.mem[0][90] (+)
|-- (1)top.u_cxs_if.u_flit_fifo.mem[0][91] (+)
|-- (1)top.u_cxs_if.u_flit_fifo.mem[0][92] (+)
|-- (1)top.u_cxs_if.u_flit_fifo.mem[0][93] (+)
|-- (1)top.u_cxs_if.u_flit_fifo.mem[0][94] (+)
|-- (1)top.u_cxs_if.u_flit_fifo.mem[0][95] (+)
|-- (1)top.u_cxs_if.u_flit_fifo.mem[0][96] (+)
|-- (1)top.u_cxs_if.u_flit_fifo.mem[0][97] (+)
|-- (1)top.u_cxs_if.u_flit_fifo.mem[0][98] (+)
|-- (1)top.u_cxs_if.u_flit_fifo.mem[0][99] (+)
|-- (1)top.u_cxs_if.u_flit_fifo.mem[0][100] (+)
|-- (1)top.u_cxs_if.u_flit_fifo.mem[0][101] (+)
|-- (1)top.u_cxs_if.u_flit_fifo.mem[0][102] (+)
|-- (1)top.u_cxs_if.u_flit_fifo.mem[0][103] (+)
|-- (1)top.u_cxs_if.u_flit_fifo.mem[0][104] (+)
|-- (1)top.u_cxs_if.u_flit_fifo.mem[0][105] (+)
|-- (1)top.u_cxs_if.u_flit_fifo.mem[0][106] (+)
|-- (1)top.u_cxs_if.u_flit_fifo.mem[0][107] (+)
|-- (1)top.u_cxs_if.u_flit_fifo.mem[0][108] (+)
|-- (1)top.u_cxs_if.u_flit_fifo.mem[0][109] (+)
|-- (1)top.u_cxs_if.u_flit_fifo.mem[0][110] (+)
|-- (1)top.u_cxs_if.u_flit_fifo.mem[0][111] (+)
|-- (1)top.u_cxs_if.u_flit_fifo.mem[0][112] (+)
|-- (1)top.u_cxs_if.u_flit_fifo.mem[0][113] (+)
|-- (1)top.u_cxs_if.u_flit_fifo.mem[0][114] (+)
|-- (1)top.u_cxs_if.u_flit_fifo.mem[0][115] (+)
|-- (1)top.u_cxs_if.u_flit_fifo.mem[0][116] (+)
|-- (1)top.u_cxs_if.u_flit_fifo.mem[0][117] (+)
|-- (1)top.u_cxs_if.u_flit_fifo.mem[0][118] (+)
|-- (1)top.u_cxs_if.u_flit_fifo.mem[0][119] (+)
|-- (1)top.u_cxs_if.u_flit_fifo.mem[0][120] (+)
|-- (1)top.u_cxs_if.u_flit_fifo.mem[0][121] (+)
|-- (1)top.u_cxs_if.u_flit_fifo.mem[0][122] (+)
|-- (1)top.u_cxs_if.u_flit_fifo.mem[0][123] (+)
|-- (1)top.u_cxs_if.u_flit_fifo.mem[0][124] (+)
|-- (1)top.u_cxs_if.u_flit_fifo.mem[0][125] (+)
|-- (1)top.u_cxs_if.u_flit_fifo.mem[0][126] (+)
|-- (1)top.u_cxs_if.u_flit_fifo.mem[0][127] (+)
|-- (1)top.u_cxs_if.u_flit_fifo.mem[0][128] (+)
|-- (1)top.u_cxs_if.u_flit_fifo.mem[0][129] (+)
|-- (1)top.u_cxs_if.u_flit_fifo.mem[0][130] (+)
|-- (1)top.u_cxs_if.u_flit_fifo.mem[0][131] (+)
|-- (1)top.u_cxs_if.u_flit_fifo.mem[0][132] (+)
|-- (1)top.u_cxs_if.u_flit_fifo.mem[0][133] (+)
|-- (1)top.u_cxs_if.u_flit_fifo.mem[0][134] (+)
|-- (1)top.u_cxs_if.u_flit_fifo.mem[0][135] (+)
|-- (1)top.u_cxs_if.u_flit_fifo.mem[0][136] (+)
|-- (1)top.u_cxs_if.u_flit_fifo.mem[0][137] (+)
|-- (1)top.u_cxs_if.u_flit_fifo.mem[0][138] (+)
|-- (1)top.u_cxs_if.u_flit_fifo.mem[0][139] (+)
|-- (1)top.u_cxs_if.u_flit_fifo.mem[0][140] (+)
|-- (1)top.u_cxs_if.u_flit_fifo.mem[0][141] (+)
|-- (1)top.u_cxs_if.u_flit_fifo.mem[0][142] (+)
|-- (1)top.u_cxs_if.u_flit_fifo.mem[0][143] (+)
|-- (1)top.u_cxs_if.u_flit_fifo.mem[0][144] (+)
|-- (1)top.u_cxs_if.u_flit_fifo.mem[0][145] (+)
|-- (1)top.u_cxs_if.u_flit_fifo.mem[0][146] (+)
|-- (1)top.u_cxs_if.u_flit_fifo.mem[0][147] (+)
|-- (1)top.u_cxs_if.u_flit_fifo.mem[0][148] (+)
|-- (1)top.u_cxs_if.u_flit_fifo.mem[0][149] (+)
|-- (1)top.u_cxs_if.u_flit_fifo.mem[0][150] (+)
|-- (1)top.u_cxs_if.u_flit_fifo.mem[0][151] (+)
|-- (1)top.u_cxs_if.u_flit_fifo.mem[0][152] (+)
|-- (1)top.u_cxs_if.u_flit_fifo.mem[0][153] (+)
|-- (1)top.u_cxs_if.u_flit_fifo.mem[0][154] (+)
|-- (1)top.u_cxs_if.u_flit_fifo.mem[0][155] (+)
|-- (1)top.u_cxs_if.u_flit_fifo.mem[0][156] (+)
|-- (1)top.u_cxs_if.u_flit_fifo.mem[0][157] (+)
|-- (1)top.u_cxs_if.u_flit_fifo.mem[0][158] (+)
|-- (1)top.u_cxs_if.u_flit_fifo.mem[0][159] (+)
|-- (1)top.u_cxs_if.u_flit_fifo.mem[0][160] (+)
|-- (1)top.u_cxs_if.u_flit_fifo.mem[0][161] (+)
|-- (1)top.u_cxs_if.u_flit_fifo.mem[0][162] (+)
|-- (1)top.u_cxs_if.u_flit_fifo.mem[0][163] (+)
|-- (1)top.u_cxs_if.u_flit_fifo.mem[0][164] (+)
|-- (1)top.u_cxs_if.u_flit_fifo.mem[0][165] (+)
|-- (1)top.u_cxs_if.u_flit_fifo.mem[0][166] (+)
|-- (1)top.u_cxs_if.u_flit_fifo.mem[0][167] (+)
|-- (1)top.u_cxs_if.u_flit_fifo.mem[0][168] (+)
|-- (1)top.u_cxs_if.u_flit_fifo.mem[0][169] (+)
|-- (1)top.u_cxs_if.u_flit_fifo.mem[0][170] (+)
|-- (1)top.u_cxs_if.u_flit_fifo.mem[0][171] (+)
|-- (1)top.u_cxs_if.u_flit_fifo.mem[0][172] (+)
|-- (1)top.u_cxs_if.u_flit_fifo.mem[0][173] (+)
|-- (1)top.u_cxs_if.u_flit_fifo.mem[0][174] (+)
|-- (1)top.u_cxs_if.u_flit_fifo.mem[0][175] (+)
|-- (1)top.u_cxs_if.u_flit_fifo.mem[0][176] (+)
|-- (1)top.u_cxs_if.u_flit_fifo.mem[0][177] (+)
|-- (1)top.u_cxs_if.u_flit_fifo.mem[0][178] (+)
|-- (1)top.u_cxs_if.u_flit_fifo.mem[0][179] (+)
|-- (1)top.u_cxs_if.u_flit_fifo.mem[0][180] (+)
|-- (1)top.u_cxs_if.u_flit_fifo.mem[0][181] (+)
|-- (1)top.u_cxs_if.u_flit_fifo.mem[0][182] (+)
|-- (1)top.u_cxs_if.u_flit_fifo.mem[0][183] (+)
|-- (1)top.u_cxs_if.u_flit_fifo.mem[0][184] (+)
|-- (1)top.u_cxs_if.u_flit_fifo.mem[0][185] (+)
|-- (1)top.u_cxs_if.u_flit_fifo.mem[0][186] (+)
|-- (1)top.u_cxs_if.u_flit_fifo.mem[0][187] (+)
|-- (1)top.u_cxs_if.u_flit_fifo.mem[0][188] (+)
|-- (1)top.u_cxs_if.u_flit_fifo.mem[0][189] (+)
|-- (1)top.u_cxs_if.u_flit_fifo.mem[0][190] (+)
|-- (1)top.u_cxs_if.u_flit_fifo.mem[0][191] (+)
|-- (1)top.u_cxs_if.u_flit_fifo.mem[0][192] (+)
|-- (1)top.u_cxs_if.u_flit_fifo.mem[0][193] (+)
|-- (1)top.u_cxs_if.u_flit_fifo.mem[0][194] (+)
|-- (1)top.u_cxs_if.u_flit_fifo.mem[0][195] (+)
|-- (1)top.u_cxs_if.u_flit_fifo.mem[0][196] (+)
|-- (1)top.u_cxs_if.u_flit_fifo.mem[0][197] (+)
|-- (1)top.u_cxs_if.u_flit_fifo.mem[0][198] (+)
|-- (1)top.u_cxs_if.u_flit_fifo.mem[0][199] (+)
|-- (1)top.u_cxs_if.u_flit_fifo.mem[0][200] (+)
|-- (1)top.u_cxs_if.u_flit_fifo.mem[0][201] (+)
|-- (1)top.u_cxs_if.u_flit_fifo.mem[0][202] (+)
|-- (1)top.u_cxs_if.u_flit_fifo.mem[0][203] (+)
|-- (1)top.u_cxs_if.u_flit_fifo.mem[0][204] (+)
|-- (1)top.u_cxs_if.u_flit_fifo.mem[0][205] (+)
|-- (1)top.u_cxs_if.u_flit_fifo.mem[0][206] (+)
|-- (1)top.u_cxs_if.u_flit_fifo.mem[0][207] (+)
|-- (1)top.u_cxs_if.u_flit_fifo.mem[0][208] (+)
|-- (1)top.u_cxs_if.u_flit_fifo.mem[0][209] (+)
|-- (1)top.u_cxs_if.u_flit_fifo.mem[0][210] (+)
|-- (1)top.u_cxs_if.u_flit_fifo.mem[0][211] (+)
|-- (1)top.u_cxs_if.u_flit_fifo.mem[0][212] (+)
|-- (1)top.u_cxs_if.u_flit_fifo.mem[0][213] (+)
|-- (1)top.u_cxs_if.u_flit_fifo.mem[0][214] (+)
|-- (1)top.u_cxs_if.u_flit_fifo.mem[0][215] (+)
|-- (1)top.u_cxs_if.u_flit_fifo.mem[0][216] (+)
|-- (1)top.u_cxs_if.u_flit_fifo.mem[0][217] (+)
|-- (1)top.u_cxs_if.u_flit_fifo.mem[0][218] (+)
|-- (1)top.u_cxs_if.u_flit_fifo.mem[0][219] (+)
|-- (1)top.u_cxs_if.u_flit_fifo.mem[0][220] (+)
|-- (1)top.u_cxs_if.u_flit_fifo.mem[0][221] (+)
|-- (1)top.u_cxs_if.u_flit_fifo.mem[0][222] (+)
|-- (1)top.u_cxs_if.u_flit_fifo.mem[0][223] (+)
|-- (1)top.u_cxs_if.u_flit_fifo.mem[0][224] (+)
|-- (1)top.u_cxs_if.u_flit_fifo.mem[0][225] (+)
|-- (1)top.u_cxs_if.u_flit_fifo.mem[0][226] (+)
|-- (1)top.u_cxs_if.u_flit_fifo.mem[0][227] (+)
|-- (1)top.u_cxs_if.u_flit_fifo.mem[0][228] (+)
|-- (1)top.u_cxs_if.u_flit_fifo.mem[0][229] (+)
|-- (1)top.u_cxs_if.u_flit_fifo.mem[0][230] (+)
|-- (1)top.u_cxs_if.u_flit_fifo.mem[0][231] (+)
|-- (1)top.u_cxs_if.u_flit_fifo.mem[0][232] (+)
|-- (1)top.u_cxs_if.u_flit_fifo.mem[0][233] (+)
|-- (1)top.u_cxs_if.u_flit_fifo.mem[0][234] (+)
|-- (1)top.u_cxs_if.u_flit_fifo.mem[0][235] (+)
|-- (1)top.u_cxs_if.u_flit_fifo.mem[0][236] (+)
|-- (1)top.u_cxs_if.u_flit_fifo.mem[0][237] (+)
|-- (1)top.u_cxs_if.u_flit_fifo.mem[0][238] (+)
|-- (1)top.u_cxs_if.u_flit_fifo.mem[0][239] (+)
|-- (1)top.u_cxs_if.u_flit_fifo.mem[0][240] (+)
|-- (1)top.u_cxs_if.u_flit_fifo.mem[0][241] (+)
|-- (1)top.u_cxs_if.u_flit_fifo.mem[0][242] (+)
|-- (1)top.u_cxs_if.u_flit_fifo.mem[0][243] (+)
|-- (1)top.u_cxs_if.u_flit_fifo.mem[0][244] (+)
|-- (1)top.u_cxs_if.u_flit_fifo.mem[0][245] (+)
|-- (1)top.u_cxs_if.u_flit_fifo.mem[0][246] (+)
|-- (1)top.u_cxs_if.u_flit_fifo.mem[0][247] (+)
|-- (1)top.u_cxs_if.u_flit_fifo.mem[0][248] (+)
|-- (1)top.u_cxs_if.u_flit_fifo.mem[0][249] (+)
|-- (1)top.u_cxs_if.u_flit_fifo.mem[0][250] (+)
|-- (1)top.u_cxs_if.u_flit_fifo.mem[0][251] (+)
|-- (1)top.u_cxs_if.u_flit_fifo.mem[0][252] (+)
|-- (1)top.u_cxs_if.u_flit_fifo.mem[0][253] (+)
|-- (1)top.u_cxs_if.u_flit_fifo.mem[0][254] (+)
|-- (1)top.u_cxs_if.u_flit_fifo.mem[0][255] (+)
|-- (1)top.u_cxs_if.u_flit_fifo.mem[0][256] (+)
|-- (1)top.u_cxs_if.u_flit_fifo.mem[0][257] (+)
|-- (1)top.u_cxs_if.u_flit_fifo.mem[0][258] (+)
|-- (1)top.u_cxs_if.u_flit_fifo.mem[0][259] (+)
|-- (1)top.u_cxs_if.u_flit_fifo.mem[0][260] (+)
|-- (1)top.u_cxs_if.u_flit_fifo.mem[0][261] (+)
|-- (1)top.u_cxs_if.u_flit_fifo.mem[0][262] (+)
|-- (1)top.u_cxs_if.u_flit_fifo.mem[0][263] (+)
|-- (1)top.u_cxs_if.u_flit_fifo.mem[0][264] (+)
|-- (1)top.u_cxs_if.u_flit_fifo.mem[0][265] (+)
|-- (1)top.u_cxs_if.u_flit_fifo.mem[0][266] (+)
|-- (1)top.u_cxs_if.u_flit_fifo.mem[0][267] (+)
|-- (1)top.u_cxs_if.u_flit_fifo.mem[0][268] (+)
|-- (1)top.u_cxs_if.u_flit_fifo.mem[0][269] (+)
|-- (1)top.u_cxs_if.u_flit_fifo.wptr[0] (+)
|-- (1)top.u_cxs_if.u_flit_fifo.wptr[1] (+)
|-- (1)top.u_cxs_if.u_flit_fifo.wptr[2] (+)
|-- (1)top.u_cxs_if.u_flit_fifo.wptr[3] (+)
|-- (1)top.u_cxs_if.u_flit_fifo.wptr[4] (+)
|-- (1)top.u_cxs_if.u_flit_fifo.rptr[0] (+)
|-- (1)top.u_cxs_if.u_flit_fifo.rptr[1] (+)
|-- (1)top.u_cxs_if.u_flit_fifo.rptr[2] (+)
|-- (1)top.u_cxs_if.u_flit_fifo.rptr[3] (+)
|-- (1)top.u_cxs_if.u_flit_fifo.rptr[4] (+)
|-- (1)top.u_cxs_if.flit_fifo_rdata[0] (+)
|-- (1)top.u_cxs_if.flit_fifo_rdata[1] (+)
|-- (1)top.u_cxs_if.flit_fifo_rdata[2] (+)
|-- (1)top.u_cxs_if.flit_fifo_rdata[3] (+)
|-- (1)top.u_cxs_if.flit_fifo_rdata[4] (+)
|-- (1)top.u_cxs_if.flit_fifo_rdata[5] (+)
|-- (1)top.u_cxs_if.flit_fifo_rdata[6] (+)
|-- (1)top.u_cxs_if.flit_fifo_rdata[7] (+)
|-- (1)top.u_cxs_if.flit_fifo_rdata[8] (+)
|-- (1)top.u_cxs_if.flit_fifo_rdata[9] (+)
|-- (1)top.u_cxs_if.flit_fifo_rdata[10] (+)
|-- (1)top.u_cxs_if.flit_fifo_rdata[11] (+)
|-- (1)top.u_cxs_if.flit_fifo_rdata[12] (+)
|-- (1)top.u_cxs_if.flit_fifo_rdata[13] (+)
|-- (1)top.u_cxs_if.flit_fifo_rdata[14] (+)
|-- (1)top.u_cxs_if.flit_fifo_rdata[15] (+)
|-- (1)top.u_cxs_if.flit_fifo_rdata[16] (+)
|-- (1)top.u_cxs_if.flit_fifo_rdata[17] (+)
|-- (1)top.u_cxs_if.flit_fifo_rdata[18] (+)
|-- (1)top.u_cxs_if.flit_fifo_rdata[19] (+)
|-- (1)top.u_cxs_if.flit_fifo_rdata[20] (+)
|-- (1)top.u_cxs_if.flit_fifo_rdata[21] (+)
|-- (1)top.u_cxs_if.flit_fifo_rdata[22] (+)
|-- (1)top.u_cxs_if.flit_fifo_rdata[23] (+)
|-- (1)top.u_cxs_if.flit_fifo_rdata[24] (+)
|-- (1)top.u_cxs_if.flit_fifo_rdata[25] (+)
|-- (1)top.u_cxs_if.flit_fifo_rdata[26] (+)
|-- (1)top.u_cxs_if.flit_fifo_rdata[27] (+)
|-- (1)top.u_cxs_if.flit_fifo_rdata[28] (+)
|-- (1)top.u_cxs_if.flit_fifo_rdata[29] (+)
|-- (1)top.u_cxs_if.flit_fifo_rdata[30] (+)
|-- (1)top.u_cxs_if.flit_fifo_rdata[31] (+)
|-- (1)top.u_cxs_if.flit_fifo_rdata[32] (+)
|-- (1)top.u_cxs_if.flit_fifo_rdata[33] (+)
|-- (1)top.u_cxs_if.flit_fifo_rdata[34] (+)
|-- (1)top.u_cxs_if.flit_fifo_rdata[35] (+)
|-- (1)top.u_cxs_if.flit_fifo_rdata[36] (+)
|-- (1)top.u_cxs_if.flit_fifo_rdata[37] (+)
|-- (1)top.u_cxs_if.flit_fifo_rdata[38] (+)
|-- (1)top.u_cxs_if.flit_fifo_rdata[39] (+)
|-- (1)top.u_cxs_if.flit_fifo_rdata[40] (+)
|-- (1)top.u_cxs_if.flit_fifo_rdata[41] (+)
|-- (1)top.u_cxs_if.flit_fifo_rdata[42] (+)
|-- (1)top.u_cxs_if.flit_fifo_rdata[43] (+)
|-- (1)top.u_cxs_if.flit_fifo_rdata[44] (+)
|-- (1)top.u_cxs_if.flit_fifo_rdata[45] (+)
|-- (1)top.u_cxs_if.flit_fifo_rdata[46] (+)
|-- (1)top.u_cxs_if.flit_fifo_rdata[47] (+)
|-- (1)top.u_cxs_if.flit_fifo_rdata[48] (+)
|-- (1)top.u_cxs_if.flit_fifo_rdata[49] (+)
|-- (1)top.u_cxs_if.flit_fifo_rdata[50] (+)
|-- (1)top.u_cxs_if.flit_fifo_rdata[51] (+)
|-- (1)top.u_cxs_if.flit_fifo_rdata[52] (+)
|-- (1)top.u_cxs_if.flit_fifo_rdata[53] (+)
|-- (1)top.u_cxs_if.flit_fifo_rdata[54] (+)
|-- (1)top.u_cxs_if.flit_fifo_rdata[55] (+)
|-- (1)top.u_cxs_if.flit_fifo_rdata[56] (+)
|-- (1)top.u_cxs_if.flit_fifo_rdata[57] (+)
|-- (1)top.u_cxs_if.flit_fifo_rdata[58] (+)
|-- (1)top.u_cxs_if.flit_fifo_rdata[59] (+)
|-- (1)top.u_cxs_if.flit_fifo_rdata[60] (+)
|-- (1)top.u_cxs_if.flit_fifo_rdata[61] (+)
|-- (1)top.u_cxs_if.flit_fifo_rdata[62] (+)
|-- (1)top.u_cxs_if.flit_fifo_rdata[63] (+)
|-- (1)top.u_cxs_if.flit_fifo_rdata[64] (+)
|-- (1)top.u_cxs_if.flit_fifo_rdata[65] (+)
|-- (1)top.u_cxs_if.flit_fifo_rdata[66] (+)
|-- (1)top.u_cxs_if.flit_fifo_rdata[67] (+)
|-- (1)top.u_cxs_if.flit_fifo_rdata[68] (+)
|-- (1)top.u_cxs_if.flit_fifo_rdata[69] (+)
|-- (1)top.u_cxs_if.flit_fifo_rdata[70] (+)
|-- (1)top.u_cxs_if.flit_fifo_rdata[71] (+)
|-- (1)top.u_cxs_if.flit_fifo_rdata[72] (+)
|-- (1)top.u_cxs_if.flit_fifo_rdata[73] (+)
|-- (1)top.u_cxs_if.flit_fifo_rdata[74] (+)
|-- (1)top.u_cxs_if.flit_fifo_rdata[75] (+)
|-- (1)top.u_cxs_if.flit_fifo_rdata[76] (+)
|-- (1)top.u_cxs_if.flit_fifo_rdata[77] (+)
|-- (1)top.u_cxs_if.flit_fifo_rdata[78] (+)
|-- (1)top.u_cxs_if.flit_fifo_rdata[79] (+)
|-- (1)top.u_cxs_if.flit_fifo_rdata[80] (+)
|-- (1)top.u_cxs_if.flit_fifo_rdata[81] (+)
|-- (1)top.u_cxs_if.flit_fifo_rdata[82] (+)
|-- (1)top.u_cxs_if.flit_fifo_rdata[83] (+)
|-- (1)top.u_cxs_if.flit_fifo_rdata[84] (+)
|-- (1)top.u_cxs_if.flit_fifo_rdata[85] (+)
|-- (1)top.u_cxs_if.flit_fifo_rdata[86] (+)
|-- (1)top.u_cxs_if.flit_fifo_rdata[87] (+)
|-- (1)top.u_cxs_if.flit_fifo_rdata[88] (+)
|-- (1)top.u_cxs_if.flit_fifo_rdata[89] (+)
|-- (1)top.u_cxs_if.flit_fifo_rdata[90] (+)
|-- (1)top.u_cxs_if.flit_fifo_rdata[91] (+)
|-- (1)top.u_cxs_if.flit_fifo_rdata[92] (+)
|-- (1)top.u_cxs_if.flit_fifo_rdata[93] (+)
|-- (1)top.u_cxs_if.flit_fifo_rdata[94] (+)
|-- (1)top.u_cxs_if.flit_fifo_rdata[95] (+)
|-- (1)top.u_cxs_if.flit_fifo_rdata[96] (+)
|-- (1)top.u_cxs_if.flit_fifo_rdata[97] (+)
|-- (1)top.u_cxs_if.flit_fifo_rdata[98] (+)
|-- (1)top.u_cxs_if.flit_fifo_rdata[99] (+)
|-- (1)top.u_cxs_if.flit_fifo_rdata[100] (+)
|-- (1)top.u_cxs_if.flit_fifo_rdata[101] (+)
|-- (1)top.u_cxs_if.flit_fifo_rdata[102] (+)
|-- (1)top.u_cxs_if.flit_fifo_rdata[103] (+)
|-- (1)top.u_cxs_if.flit_fifo_rdata[104] (+)
|-- (1)top.u_cxs_if.flit_fifo_rdata[105] (+)
|-- (1)top.u_cxs_if.flit_fifo_rdata[106] (+)
|-- (1)top.u_cxs_if.flit_fifo_rdata[107] (+)
|-- (1)top.u_cxs_if.flit_fifo_rdata[108] (+)
|-- (1)top.u_cxs_if.flit_fifo_rdata[109] (+)
|-- (1)top.u_cxs_if.flit_fifo_rdata[110] (+)
|-- (1)top.u_cxs_if.flit_fifo_rdata[111] (+)
|-- (1)top.u_cxs_if.flit_fifo_rdata[112] (+)
|-- (1)top.u_cxs_if.flit_fifo_rdata[113] (+)
|-- (1)top.u_cxs_if.flit_fifo_rdata[114] (+)
|-- (1)top.u_cxs_if.flit_fifo_rdata[115] (+)
|-- (1)top.u_cxs_if.flit_fifo_rdata[116] (+)
|-- (1)top.u_cxs_if.flit_fifo_rdata[117] (+)
|-- (1)top.u_cxs_if.flit_fifo_rdata[118] (+)
|-- (1)top.u_cxs_if.flit_fifo_rdata[119] (+)
|-- (1)top.u_cxs_if.flit_fifo_rdata[120] (+)
|-- (1)top.u_cxs_if.flit_fifo_rdata[121] (+)
|-- (1)top.u_cxs_if.flit_fifo_rdata[122] (+)
|-- (1)top.u_cxs_if.flit_fifo_rdata[123] (+)
|-- (1)top.u_cxs_if.flit_fifo_rdata[124] (+)
|-- (1)top.u_cxs_if.flit_fifo_rdata[125] (+)
|-- (1)top.u_cxs_if.flit_fifo_rdata[126] (+)
|-- (1)top.u_cxs_if.flit_fifo_rdata[127] (+)
|-- (1)top.u_cxs_if.flit_fifo_rdata[128] (+)
|-- (1)top.u_cxs_if.flit_fifo_rdata[129] (+)
|-- (1)top.u_cxs_if.flit_fifo_rdata[130] (+)
|-- (1)top.u_cxs_if.flit_fifo_rdata[131] (+)
|-- (1)top.u_cxs_if.flit_fifo_rdata[132] (+)
|-- (1)top.u_cxs_if.flit_fifo_rdata[133] (+)
|-- (1)top.u_cxs_if.flit_fifo_rdata[134] (+)
|-- (1)top.u_cxs_if.flit_fifo_rdata[135] (+)
|-- (1)top.u_cxs_if.flit_fifo_rdata[136] (+)
|-- (1)top.u_cxs_if.flit_fifo_rdata[137] (+)
|-- (1)top.u_cxs_if.flit_fifo_rdata[138] (+)
|-- (1)top.u_cxs_if.flit_fifo_rdata[139] (+)
|-- (1)top.u_cxs_if.flit_fifo_rdata[140] (+)
|-- (1)top.u_cxs_if.flit_fifo_rdata[141] (+)
|-- (1)top.u_cxs_if.flit_fifo_rdata[142] (+)
|-- (1)top.u_cxs_if.flit_fifo_rdata[143] (+)
|-- (1)top.u_cxs_if.flit_fifo_rdata[144] (+)
|-- (1)top.u_cxs_if.flit_fifo_rdata[145] (+)
|-- (1)top.u_cxs_if.flit_fifo_rdata[146] (+)
|-- (1)top.u_cxs_if.flit_fifo_rdata[147] (+)
|-- (1)top.u_cxs_if.flit_fifo_rdata[148] (+)
|-- (1)top.u_cxs_if.flit_fifo_rdata[149] (+)
|-- (1)top.u_cxs_if.flit_fifo_rdata[150] (+)
|-- (1)top.u_cxs_if.flit_fifo_rdata[151] (+)
|-- (1)top.u_cxs_if.flit_fifo_rdata[152] (+)
|-- (1)top.u_cxs_if.flit_fifo_rdata[153] (+)
|-- (1)top.u_cxs_if.flit_fifo_rdata[154] (+)
|-- (1)top.u_cxs_if.flit_fifo_rdata[155] (+)
|-- (1)top.u_cxs_if.flit_fifo_rdata[156] (+)
|-- (1)top.u_cxs_if.flit_fifo_rdata[157] (+)
|-- (1)top.u_cxs_if.flit_fifo_rdata[158] (+)
|-- (1)top.u_cxs_if.flit_fifo_rdata[159] (+)
|-- (1)top.u_cxs_if.flit_fifo_rdata[160] (+)
|-- (1)top.u_cxs_if.flit_fifo_rdata[161] (+)
|-- (1)top.u_cxs_if.flit_fifo_rdata[162] (+)
|-- (1)top.u_cxs_if.flit_fifo_rdata[163] (+)
|-- (1)top.u_cxs_if.flit_fifo_rdata[164] (+)
|-- (1)top.u_cxs_if.flit_fifo_rdata[165] (+)
|-- (1)top.u_cxs_if.flit_fifo_rdata[166] (+)
|-- (1)top.u_cxs_if.flit_fifo_rdata[167] (+)
|-- (1)top.u_cxs_if.flit_fifo_rdata[168] (+)
|-- (1)top.u_cxs_if.flit_fifo_rdata[169] (+)
|-- (1)top.u_cxs_if.flit_fifo_rdata[170] (+)
|-- (1)top.u_cxs_if.flit_fifo_rdata[171] (+)
|-- (1)top.u_cxs_if.flit_fifo_rdata[172] (+)
|-- (1)top.u_cxs_if.flit_fifo_rdata[173] (+)
|-- (1)top.u_cxs_if.flit_fifo_rdata[174] (+)
|-- (1)top.u_cxs_if.flit_fifo_rdata[175] (+)
|-- (1)top.u_cxs_if.flit_fifo_rdata[176] (+)
|-- (1)top.u_cxs_if.flit_fifo_rdata[177] (+)
|-- (1)top.u_cxs_if.flit_fifo_rdata[178] (+)
|-- (1)top.u_cxs_if.flit_fifo_rdata[179] (+)
|-- (1)top.u_cxs_if.flit_fifo_rdata[180] (+)
|-- (1)top.u_cxs_if.flit_fifo_rdata[181] (+)
|-- (1)top.u_cxs_if.flit_fifo_rdata[182] (+)
|-- (1)top.u_cxs_if.flit_fifo_rdata[183] (+)
|-- (1)top.u_cxs_if.flit_fifo_rdata[184] (+)
|-- (1)top.u_cxs_if.flit_fifo_rdata[185] (+)
|-- (1)top.u_cxs_if.flit_fifo_rdata[186] (+)
|-- (1)top.u_cxs_if.flit_fifo_rdata[187] (+)
|-- (1)top.u_cxs_if.flit_fifo_rdata[188] (+)
|-- (1)top.u_cxs_if.flit_fifo_rdata[189] (+)
|-- (1)top.u_cxs_if.flit_fifo_rdata[190] (+)
|-- (1)top.u_cxs_if.flit_fifo_rdata[191] (+)
|-- (1)top.u_cxs_if.flit_fifo_rdata[192] (+)
|-- (1)top.u_cxs_if.flit_fifo_rdata[193] (+)
|-- (1)top.u_cxs_if.flit_fifo_rdata[194] (+)
|-- (1)top.u_cxs_if.flit_fifo_rdata[195] (+)
|-- (1)top.u_cxs_if.flit_fifo_rdata[196] (+)
|-- (1)top.u_cxs_if.flit_fifo_rdata[197] (+)
|-- (1)top.u_cxs_if.flit_fifo_rdata[198] (+)
|-- (1)top.u_cxs_if.flit_fifo_rdata[199] (+)
|-- (1)top.u_cxs_if.flit_fifo_rdata[200] (+)
|-- (1)top.u_cxs_if.flit_fifo_rdata[201] (+)
|-- (1)top.u_cxs_if.flit_fifo_rdata[202] (+)
|-- (1)top.u_cxs_if.flit_fifo_rdata[203] (+)
|-- (1)top.u_cxs_if.flit_fifo_rdata[204] (+)
|-- (1)top.u_cxs_if.flit_fifo_rdata[205] (+)
|-- (1)top.u_cxs_if.flit_fifo_rdata[206] (+)
|-- (1)top.u_cxs_if.flit_fifo_rdata[207] (+)
|-- (1)top.u_cxs_if.flit_fifo_rdata[208] (+)
|-- (1)top.u_cxs_if.flit_fifo_rdata[209] (+)
|-- (1)top.u_cxs_if.flit_fifo_rdata[210] (+)
|-- (1)top.u_cxs_if.flit_fifo_rdata[211] (+)
|-- (1)top.u_cxs_if.flit_fifo_rdata[212] (+)
|-- (1)top.u_cxs_if.flit_fifo_rdata[213] (+)
|-- (1)top.u_cxs_if.flit_fifo_rdata[214] (+)
|-- (1)top.u_cxs_if.flit_fifo_rdata[215] (+)
|-- (1)top.u_cxs_if.flit_fifo_rdata[216] (+)
|-- (1)top.u_cxs_if.flit_fifo_rdata[217] (+)
|-- (1)top.u_cxs_if.flit_fifo_rdata[218] (+)
|-- (1)top.u_cxs_if.flit_fifo_rdata[219] (+)
|-- (1)top.u_cxs_if.flit_fifo_rdata[220] (+)
|-- (1)top.u_cxs_if.flit_fifo_rdata[221] (+)
|-- (1)top.u_cxs_if.flit_fifo_rdata[222] (+)
|-- (1)top.u_cxs_if.flit_fifo_rdata[223] (+)
|-- (1)top.u_cxs_if.flit_fifo_rdata[224] (+)
|-- (1)top.u_cxs_if.flit_fifo_rdata[225] (+)
|-- (1)top.u_cxs_if.flit_fifo_rdata[226] (+)
|-- (1)top.u_cxs_if.flit_fifo_rdata[227] (+)
|-- (1)top.u_cxs_if.flit_fifo_rdata[228] (+)
|-- (1)top.u_cxs_if.flit_fifo_rdata[229] (+)
|-- (1)top.u_cxs_if.flit_fifo_rdata[230] (+)
|-- (1)top.u_cxs_if.flit_fifo_rdata[231] (+)
|-- (1)top.u_cxs_if.flit_fifo_rdata[232] (+)
|-- (1)top.u_cxs_if.flit_fifo_rdata[233] (+)
|-- (1)top.u_cxs_if.flit_fifo_rdata[234] (+)
|-- (1)top.u_cxs_if.flit_fifo_rdata[235] (+)
|-- (1)top.u_cxs_if.flit_fifo_rdata[236] (+)
|-- (1)top.u_cxs_if.flit_fifo_rdata[237] (+)
|-- (1)top.u_cxs_if.flit_fifo_rdata[238] (+)
|-- (1)top.u_cxs_if.flit_fifo_rdata[239] (+)
|-- (1)top.u_cxs_if.flit_fifo_rdata[240] (+)
|-- (1)top.u_cxs_if.flit_fifo_rdata[241] (+)
|-- (1)top.u_cxs_if.flit_fifo_rdata[242] (+)
|-- (1)top.u_cxs_if.flit_fifo_rdata[243] (+)
|-- (1)top.u_cxs_if.flit_fifo_rdata[244] (+)
|-- (1)top.u_cxs_if.flit_fifo_rdata[245] (+)
|-- (1)top.u_cxs_if.flit_fifo_rdata[246] (+)
|-- (1)top.u_cxs_if.flit_fifo_rdata[247] (+)
|-- (1)top.u_cxs_if.flit_fifo_rdata[248] (+)
|-- (1)top.u_cxs_if.flit_fifo_rdata[249] (+)
|-- (1)top.u_cxs_if.flit_fifo_rdata[250] (+)
|-- (1)top.u_cxs_if.flit_fifo_rdata[251] (+)
|-- (1)top.u_cxs_if.flit_fifo_rdata[252] (+)
|-- (1)top.u_cxs_if.flit_fifo_rdata[253] (+)
|-- (1)top.u_cxs_if.flit_fifo_rdata[254] (+)
|-- (1)top.u_cxs_if.flit_fifo_rdata[255] (+)
|-- (1)top.u_cxs_if.flit_fifo_rdata[256] (+)
|-- (1)top.u_cxs_if.flit_fifo_rdata[257] (+)
|-- (1)top.u_cxs_if.flit_fifo_rdata[258] (+)
|-- (1)top.u_cxs_if.flit_fifo_rdata[259] (+)
|-- (1)top.u_cxs_if.flit_fifo_rdata[260] (+)
|-- (1)top.u_cxs_if.flit_fifo_rdata[261] (+)
|-- (1)top.u_cxs_if.flit_fifo_rdata[262] (+)
|-- (1)top.u_cxs_if.flit_fifo_rdata[263] (+)
|-- (1)top.u_cxs_if.flit_fifo_rdata[264] (+)
|-- (1)top.u_cxs_if.flit_fifo_rdata[265] (+)
|-- (1)top.u_cxs_if.flit_fifo_rdata[266] (+)
|-- (1)top.u_cxs_if.flit_fifo_rdata[267] (+)
|-- (1)top.u_cxs_if.flit_fifo_rdata[268] (+)
|-- (1)top.u_cxs_if.flit_fifo_rdata[269] (+)
|-- (1)top.o_top_cxs_rx_crdgnt (+)
|-- (1)top.u_cxs_if.u_credit_manager.credit_counter[0] (+)
|-- (1)top.u_cxs_if.u_credit_manager.credit_counter[1] (+)
|-- (1)top.u_cxs_if.u_credit_manager.credit_counter[2] (+)
|-- (1)top.u_cxs_if.u_credit_manager.credit_counter[3] (+)
|-- (1)top.u_cxs_if.u_credit_manager.credit_counter[4] (+)
|-- (1)top.u_cxs_if.u_packet_formatter.current_flit_data[0] (+)
|-- (1)top.u_cxs_if.u_packet_formatter.current_flit_data[1] (+)
|-- (1)top.u_cxs_if.u_packet_formatter.current_flit_data[2] (+)
|-- (1)top.u_cxs_if.u_packet_formatter.current_flit_data[3] (+)
|-- (1)top.u_cxs_if.u_packet_formatter.current_flit_data[4] (+)
|-- (1)top.u_cxs_if.u_packet_formatter.current_flit_data[5] (+)
|-- (1)top.u_cxs_if.u_packet_formatter.current_flit_data[6] (+)
|-- (1)top.u_cxs_if.u_packet_formatter.current_flit_data[7] (+)
|-- (1)top.u_cxs_if.u_packet_formatter.current_flit_data[8] (+)
|-- (1)top.u_cxs_if.u_packet_formatter.current_flit_data[9] (+)
|-- (1)top.u_cxs_if.u_packet_formatter.current_flit_data[10] (+)
|-- (1)top.u_cxs_if.u_packet_formatter.current_flit_data[11] (+)
|-- (1)top.u_cxs_if.u_packet_formatter.current_flit_data[12] (+)
|-- (1)top.u_cxs_if.u_packet_formatter.current_flit_data[13] (+)
|-- (1)top.u_cxs_if.u_packet_formatter.current_flit_data[14] (+)
|-- (1)top.u_cxs_if.u_packet_formatter.current_flit_data[15] (+)
|-- (1)top.u_cxs_if.u_packet_formatter.current_flit_data[16] (+)
|-- (1)top.u_cxs_if.u_packet_formatter.current_flit_data[17] (+)
|-- (1)top.u_cxs_if.u_packet_formatter.current_flit_data[18] (+)
|-- (1)top.u_cxs_if.u_packet_formatter.current_flit_data[19] (+)
|-- (1)top.u_cxs_if.u_packet_formatter.current_flit_data[20] (+)
|-- (1)top.u_cxs_if.u_packet_formatter.current_flit_data[21] (+)
|-- (1)top.u_cxs_if.u_packet_formatter.current_flit_data[22] (+)
|-- (1)top.u_cxs_if.u_packet_formatter.current_flit_data[23] (+)
|-- (1)top.u_cxs_if.u_packet_formatter.current_flit_data[24] (+)
|-- (1)top.u_cxs_if.u_packet_formatter.current_flit_data[25] (+)
|-- (1)top.u_cxs_if.u_packet_formatter.current_flit_data[26] (+)
|-- (1)top.u_cxs_if.u_packet_formatter.current_flit_data[27] (+)
|-- (1)top.u_cxs_if.u_packet_formatter.current_flit_data[28] (+)
|-- (1)top.u_cxs_if.u_packet_formatter.current_flit_data[29] (+)
|-- (1)top.u_cxs_if.u_packet_formatter.current_flit_data[30] (+)
|-- (1)top.u_cxs_if.u_packet_formatter.current_flit_data[31] (+)
|-- (1)top.u_cxs_if.u_packet_formatter.current_flit_data[32] (+)
|-- (1)top.u_cxs_if.u_packet_formatter.current_flit_data[33] (+)
|-- (1)top.u_cxs_if.u_packet_formatter.current_flit_data[34] (+)
|-- (1)top.u_cxs_if.u_packet_formatter.current_flit_data[35] (+)
|-- (1)top.u_cxs_if.u_packet_formatter.current_flit_data[36] (+)
|-- (1)top.u_cxs_if.u_packet_formatter.current_flit_data[37] (+)
|-- (1)top.u_cxs_if.u_packet_formatter.current_flit_data[38] (+)
|-- (1)top.u_cxs_if.u_packet_formatter.current_flit_data[39] (+)
|-- (1)top.u_cxs_if.u_packet_formatter.current_flit_data[40] (+)
|-- (1)top.u_cxs_if.u_packet_formatter.current_flit_data[41] (+)
|-- (1)top.u_cxs_if.u_packet_formatter.current_flit_data[42] (+)
|-- (1)top.u_cxs_if.u_packet_formatter.current_flit_data[43] (+)
|-- (1)top.u_cxs_if.u_packet_formatter.current_flit_data[44] (+)
|-- (1)top.u_cxs_if.u_packet_formatter.current_flit_data[45] (+)
|-- (1)top.u_cxs_if.u_packet_formatter.current_flit_data[46] (+)
|-- (1)top.u_cxs_if.u_packet_formatter.current_flit_data[47] (+)
|-- (1)top.u_cxs_if.u_packet_formatter.current_flit_data[48] (+)
|-- (1)top.u_cxs_if.u_packet_formatter.current_flit_data[49] (+)
|-- (1)top.u_cxs_if.u_packet_formatter.current_flit_data[50] (+)
|-- (1)top.u_cxs_if.u_packet_formatter.current_flit_data[51] (+)
|-- (1)top.u_cxs_if.u_packet_formatter.current_flit_data[52] (+)
|-- (1)top.u_cxs_if.u_packet_formatter.current_flit_data[53] (+)
|-- (1)top.u_cxs_if.u_packet_formatter.current_flit_data[54] (+)
|-- (1)top.u_cxs_if.u_packet_formatter.current_flit_data[55] (+)
|-- (1)top.u_cxs_if.u_packet_formatter.current_flit_data[56] (+)
|-- (1)top.u_cxs_if.u_packet_formatter.current_flit_data[57] (+)
|-- (1)top.u_cxs_if.u_packet_formatter.current_flit_data[58] (+)
|-- (1)top.u_cxs_if.u_packet_formatter.current_flit_data[59] (+)
|-- (1)top.u_cxs_if.u_packet_formatter.current_flit_data[60] (+)
|-- (1)top.u_cxs_if.u_packet_formatter.current_flit_data[61] (+)
|-- (1)top.u_cxs_if.u_packet_formatter.current_flit_data[62] (+)
|-- (1)top.u_cxs_if.u_packet_formatter.current_flit_data[63] (+)
|-- (1)top.u_cxs_if.u_packet_formatter.current_flit_data[64] (+)
|-- (1)top.u_cxs_if.u_packet_formatter.current_flit_data[65] (+)
|-- (1)top.u_cxs_if.u_packet_formatter.current_flit_data[66] (+)
|-- (1)top.u_cxs_if.u_packet_formatter.current_flit_data[67] (+)
|-- (1)top.u_cxs_if.u_packet_formatter.current_flit_data[68] (+)
|-- (1)top.u_cxs_if.u_packet_formatter.current_flit_data[69] (+)
|-- (1)top.u_cxs_if.u_packet_formatter.current_flit_data[70] (+)
|-- (1)top.u_cxs_if.u_packet_formatter.current_flit_data[71] (+)
|-- (1)top.u_cxs_if.u_packet_formatter.current_flit_data[72] (+)
|-- (1)top.u_cxs_if.u_packet_formatter.current_flit_data[73] (+)
|-- (1)top.u_cxs_if.u_packet_formatter.current_flit_data[74] (+)
|-- (1)top.u_cxs_if.u_packet_formatter.current_flit_data[75] (+)
|-- (1)top.u_cxs_if.u_packet_formatter.current_flit_data[76] (+)
|-- (1)top.u_cxs_if.u_packet_formatter.current_flit_data[77] (+)
|-- (1)top.u_cxs_if.u_packet_formatter.current_flit_data[78] (+)
|-- (1)top.u_cxs_if.u_packet_formatter.current_flit_data[79] (+)
|-- (1)top.u_cxs_if.u_packet_formatter.current_flit_data[80] (+)
|-- (1)top.u_cxs_if.u_packet_formatter.current_flit_data[81] (+)
|-- (1)top.u_cxs_if.u_packet_formatter.current_flit_data[82] (+)
|-- (1)top.u_cxs_if.u_packet_formatter.current_flit_data[83] (+)
|-- (1)top.u_cxs_if.u_packet_formatter.current_flit_data[84] (+)
|-- (1)top.u_cxs_if.u_packet_formatter.current_flit_data[85] (+)
|-- (1)top.u_cxs_if.u_packet_formatter.current_flit_data[86] (+)
|-- (1)top.u_cxs_if.u_packet_formatter.current_flit_data[87] (+)
|-- (1)top.u_cxs_if.u_packet_formatter.current_flit_data[88] (+)
|-- (1)top.u_cxs_if.u_packet_formatter.current_flit_data[89] (+)
|-- (1)top.u_cxs_if.u_packet_formatter.current_flit_data[90] (+)
|-- (1)top.u_cxs_if.u_packet_formatter.current_flit_data[91] (+)
|-- (1)top.u_cxs_if.u_packet_formatter.current_flit_data[92] (+)
|-- (1)top.u_cxs_if.u_packet_formatter.current_flit_data[93] (+)
|-- (1)top.u_cxs_if.u_packet_formatter.current_flit_data[94] (+)
|-- (1)top.u_cxs_if.u_packet_formatter.current_flit_data[95] (+)
|-- (1)top.u_cxs_if.u_packet_formatter.current_flit_data[96] (+)
|-- (1)top.u_cxs_if.u_packet_formatter.current_flit_data[97] (+)
|-- (1)top.u_cxs_if.u_packet_formatter.current_flit_data[98] (+)
|-- (1)top.u_cxs_if.u_packet_formatter.current_flit_data[99] (+)
|-- (1)top.u_cxs_if.u_packet_formatter.current_flit_data[100] (+)
|-- (1)top.u_cxs_if.u_packet_formatter.current_flit_data[101] (+)
|-- (1)top.u_cxs_if.u_packet_formatter.current_flit_data[102] (+)
|-- (1)top.u_cxs_if.u_packet_formatter.current_flit_data[103] (+)
|-- (1)top.u_cxs_if.u_packet_formatter.current_flit_data[104] (+)
|-- (1)top.u_cxs_if.u_packet_formatter.current_flit_data[105] (+)
|-- (1)top.u_cxs_if.u_packet_formatter.current_flit_data[106] (+)
|-- (1)top.u_cxs_if.u_packet_formatter.current_flit_data[107] (+)
|-- (1)top.u_cxs_if.u_packet_formatter.current_flit_data[108] (+)
|-- (1)top.u_cxs_if.u_packet_formatter.current_flit_data[109] (+)
|-- (1)top.u_cxs_if.u_packet_formatter.current_flit_data[110] (+)
|-- (1)top.u_cxs_if.u_packet_formatter.current_flit_data[111] (+)
|-- (1)top.u_cxs_if.u_packet_formatter.current_flit_data[112] (+)
|-- (1)top.u_cxs_if.u_packet_formatter.current_flit_data[113] (+)
|-- (1)top.u_cxs_if.u_packet_formatter.current_flit_data[114] (+)
|-- (1)top.u_cxs_if.u_packet_formatter.current_flit_data[115] (+)
|-- (1)top.u_cxs_if.u_packet_formatter.current_flit_data[116] (+)
|-- (1)top.u_cxs_if.u_packet_formatter.current_flit_data[117] (+)
|-- (1)top.u_cxs_if.u_packet_formatter.current_flit_data[118] (+)
|-- (1)top.u_cxs_if.u_packet_formatter.current_flit_data[119] (+)
|-- (1)top.u_cxs_if.u_packet_formatter.current_flit_data[120] (+)
|-- (1)top.u_cxs_if.u_packet_formatter.current_flit_data[121] (+)
|-- (1)top.u_cxs_if.u_packet_formatter.current_flit_data[122] (+)
|-- (1)top.u_cxs_if.u_packet_formatter.current_flit_data[123] (+)
|-- (1)top.u_cxs_if.u_packet_formatter.current_flit_data[124] (+)
|-- (1)top.u_cxs_if.u_packet_formatter.current_flit_data[125] (+)
|-- (1)top.u_cxs_if.u_packet_formatter.current_flit_data[126] (+)
|-- (1)top.u_cxs_if.u_packet_formatter.current_flit_data[127] (+)
|-- (1)top.u_cxs_if.u_packet_formatter.current_flit_data[128] (+)
|-- (1)top.u_cxs_if.u_packet_formatter.current_flit_data[129] (+)
|-- (1)top.u_cxs_if.u_packet_formatter.current_flit_data[130] (+)
|-- (1)top.u_cxs_if.u_packet_formatter.current_flit_data[131] (+)
|-- (1)top.u_cxs_if.u_packet_formatter.current_flit_data[132] (+)
|-- (1)top.u_cxs_if.u_packet_formatter.current_flit_data[133] (+)
|-- (1)top.u_cxs_if.u_packet_formatter.current_flit_data[134] (+)
|-- (1)top.u_cxs_if.u_packet_formatter.current_flit_data[135] (+)
|-- (1)top.u_cxs_if.u_packet_formatter.current_flit_data[136] (+)
|-- (1)top.u_cxs_if.u_packet_formatter.current_flit_data[137] (+)
|-- (1)top.u_cxs_if.u_packet_formatter.current_flit_data[138] (+)
|-- (1)top.u_cxs_if.u_packet_formatter.current_flit_data[139] (+)
|-- (1)top.u_cxs_if.u_packet_formatter.current_flit_data[140] (+)
|-- (1)top.u_cxs_if.u_packet_formatter.current_flit_data[141] (+)
|-- (1)top.u_cxs_if.u_packet_formatter.current_flit_data[142] (+)
|-- (1)top.u_cxs_if.u_packet_formatter.current_flit_data[143] (+)
|-- (1)top.u_cxs_if.u_packet_formatter.current_flit_data[144] (+)
|-- (1)top.u_cxs_if.u_packet_formatter.current_flit_data[145] (+)
|-- (1)top.u_cxs_if.u_packet_formatter.current_flit_data[146] (+)
|-- (1)top.u_cxs_if.u_packet_formatter.current_flit_data[147] (+)
|-- (1)top.u_cxs_if.u_packet_formatter.current_flit_data[148] (+)
|-- (1)top.u_cxs_if.u_packet_formatter.current_flit_data[149] (+)
|-- (1)top.u_cxs_if.u_packet_formatter.current_flit_data[150] (+)
|-- (1)top.u_cxs_if.u_packet_formatter.current_flit_data[151] (+)
|-- (1)top.u_cxs_if.u_packet_formatter.current_flit_data[152] (+)
|-- (1)top.u_cxs_if.u_packet_formatter.current_flit_data[153] (+)
|-- (1)top.u_cxs_if.u_packet_formatter.current_flit_data[154] (+)
|-- (1)top.u_cxs_if.u_packet_formatter.current_flit_data[155] (+)
|-- (1)top.u_cxs_if.u_packet_formatter.current_flit_data[156] (+)
|-- (1)top.u_cxs_if.u_packet_formatter.current_flit_data[157] (+)
|-- (1)top.u_cxs_if.u_packet_formatter.current_flit_data[158] (+)
|-- (1)top.u_cxs_if.u_packet_formatter.current_flit_data[159] (+)
|-- (1)top.u_cxs_if.u_packet_formatter.current_flit_data[160] (+)
|-- (1)top.u_cxs_if.u_packet_formatter.current_flit_data[161] (+)
|-- (1)top.u_cxs_if.u_packet_formatter.current_flit_data[162] (+)
|-- (1)top.u_cxs_if.u_packet_formatter.current_flit_data[163] (+)
|-- (1)top.u_cxs_if.u_packet_formatter.current_flit_data[164] (+)
|-- (1)top.u_cxs_if.u_packet_formatter.current_flit_data[165] (+)
|-- (1)top.u_cxs_if.u_packet_formatter.current_flit_data[166] (+)
|-- (1)top.u_cxs_if.u_packet_formatter.current_flit_data[167] (+)
|-- (1)top.u_cxs_if.u_packet_formatter.current_flit_data[168] (+)
|-- (1)top.u_cxs_if.u_packet_formatter.current_flit_data[169] (+)
|-- (1)top.u_cxs_if.u_packet_formatter.current_flit_data[170] (+)
|-- (1)top.u_cxs_if.u_packet_formatter.current_flit_data[171] (+)
|-- (1)top.u_cxs_if.u_packet_formatter.current_flit_data[172] (+)
|-- (1)top.u_cxs_if.u_packet_formatter.current_flit_data[173] (+)
|-- (1)top.u_cxs_if.u_packet_formatter.current_flit_data[174] (+)
|-- (1)top.u_cxs_if.u_packet_formatter.current_flit_data[175] (+)
|-- (1)top.u_cxs_if.u_packet_formatter.current_flit_data[176] (+)
|-- (1)top.u_cxs_if.u_packet_formatter.current_flit_data[177] (+)
|-- (1)top.u_cxs_if.u_packet_formatter.current_flit_data[178] (+)
|-- (1)top.u_cxs_if.u_packet_formatter.current_flit_data[179] (+)
|-- (1)top.u_cxs_if.u_packet_formatter.current_flit_data[180] (+)
|-- (1)top.u_cxs_if.u_packet_formatter.current_flit_data[181] (+)
|-- (1)top.u_cxs_if.u_packet_formatter.current_flit_data[182] (+)
|-- (1)top.u_cxs_if.u_packet_formatter.current_flit_data[183] (+)
|-- (1)top.u_cxs_if.u_packet_formatter.current_flit_data[184] (+)
|-- (1)top.u_cxs_if.u_packet_formatter.current_flit_data[185] (+)
|-- (1)top.u_cxs_if.u_packet_formatter.current_flit_data[186] (+)
|-- (1)top.u_cxs_if.u_packet_formatter.current_flit_data[187] (+)
|-- (1)top.u_cxs_if.u_packet_formatter.current_flit_data[188] (+)
|-- (1)top.u_cxs_if.u_packet_formatter.current_flit_data[189] (+)
|-- (1)top.u_cxs_if.u_packet_formatter.current_flit_data[190] (+)
|-- (1)top.u_cxs_if.u_packet_formatter.current_flit_data[191] (+)
|-- (1)top.u_cxs_if.u_packet_formatter.current_flit_data[192] (+)
|-- (1)top.u_cxs_if.u_packet_formatter.current_flit_data[193] (+)
|-- (1)top.u_cxs_if.u_packet_formatter.current_flit_data[194] (+)
|-- (1)top.u_cxs_if.u_packet_formatter.current_flit_data[195] (+)
|-- (1)top.u_cxs_if.u_packet_formatter.current_flit_data[196] (+)
|-- (1)top.u_cxs_if.u_packet_formatter.current_flit_data[197] (+)
|-- (1)top.u_cxs_if.u_packet_formatter.current_flit_data[198] (+)
|-- (1)top.u_cxs_if.u_packet_formatter.current_flit_data[199] (+)
|-- (1)top.u_cxs_if.u_packet_formatter.current_flit_data[200] (+)
|-- (1)top.u_cxs_if.u_packet_formatter.current_flit_data[201] (+)
|-- (1)top.u_cxs_if.u_packet_formatter.current_flit_data[202] (+)
|-- (1)top.u_cxs_if.u_packet_formatter.current_flit_data[203] (+)
|-- (1)top.u_cxs_if.u_packet_formatter.current_flit_data[204] (+)
|-- (1)top.u_cxs_if.u_packet_formatter.current_flit_data[205] (+)
|-- (1)top.u_cxs_if.u_packet_formatter.current_flit_data[206] (+)
|-- (1)top.u_cxs_if.u_packet_formatter.current_flit_data[207] (+)
|-- (1)top.u_cxs_if.u_packet_formatter.current_flit_data[208] (+)
|-- (1)top.u_cxs_if.u_packet_formatter.current_flit_data[209] (+)
|-- (1)top.u_cxs_if.u_packet_formatter.current_flit_data[210] (+)
|-- (1)top.u_cxs_if.u_packet_formatter.current_flit_data[211] (+)
|-- (1)top.u_cxs_if.u_packet_formatter.current_flit_data[212] (+)
|-- (1)top.u_cxs_if.u_packet_formatter.current_flit_data[213] (+)
|-- (1)top.u_cxs_if.u_packet_formatter.current_flit_data[214] (+)
|-- (1)top.u_cxs_if.u_packet_formatter.current_flit_data[215] (+)
|-- (1)top.u_cxs_if.u_packet_formatter.current_flit_data[216] (+)
|-- (1)top.u_cxs_if.u_packet_formatter.current_flit_data[217] (+)
|-- (1)top.u_cxs_if.u_packet_formatter.current_flit_data[218] (+)
|-- (1)top.u_cxs_if.u_packet_formatter.current_flit_data[219] (+)
|-- (1)top.u_cxs_if.u_packet_formatter.current_flit_data[220] (+)
|-- (1)top.u_cxs_if.u_packet_formatter.current_flit_data[221] (+)
|-- (1)top.u_cxs_if.u_packet_formatter.current_flit_data[222] (+)
|-- (1)top.u_cxs_if.u_packet_formatter.current_flit_data[223] (+)
|-- (1)top.u_cxs_if.u_packet_formatter.current_flit_data[224] (+)
|-- (1)top.u_cxs_if.u_packet_formatter.current_flit_data[225] (+)
|-- (1)top.u_cxs_if.u_packet_formatter.current_flit_data[226] (+)
|-- (1)top.u_cxs_if.u_packet_formatter.current_flit_data[227] (+)
|-- (1)top.u_cxs_if.u_packet_formatter.current_flit_data[228] (+)
|-- (1)top.u_cxs_if.u_packet_formatter.current_flit_data[229] (+)
|-- (1)top.u_cxs_if.u_packet_formatter.current_flit_data[230] (+)
|-- (1)top.u_cxs_if.u_packet_formatter.current_flit_data[231] (+)
|-- (1)top.u_cxs_if.u_packet_formatter.current_flit_data[232] (+)
|-- (1)top.u_cxs_if.u_packet_formatter.current_flit_data[233] (+)
|-- (1)top.u_cxs_if.u_packet_formatter.current_flit_data[234] (+)
|-- (1)top.u_cxs_if.u_packet_formatter.current_flit_data[235] (+)
|-- (1)top.u_cxs_if.u_packet_formatter.current_flit_data[236] (+)
|-- (1)top.u_cxs_if.u_packet_formatter.current_flit_data[237] (+)
|-- (1)top.u_cxs_if.u_packet_formatter.current_flit_data[238] (+)
|-- (1)top.u_cxs_if.u_packet_formatter.current_flit_data[239] (+)
|-- (1)top.u_cxs_if.u_packet_formatter.current_flit_data[240] (+)
|-- (1)top.u_cxs_if.u_packet_formatter.current_flit_data[241] (+)
|-- (1)top.u_cxs_if.u_packet_formatter.current_flit_data[242] (+)
|-- (1)top.u_cxs_if.u_packet_formatter.current_flit_data[243] (+)
|-- (1)top.u_cxs_if.u_packet_formatter.current_flit_data[244] (+)
|-- (1)top.u_cxs_if.u_packet_formatter.current_flit_data[245] (+)
|-- (1)top.u_cxs_if.u_packet_formatter.current_flit_data[246] (+)
|-- (1)top.u_cxs_if.u_packet_formatter.current_flit_data[247] (+)
|-- (1)top.u_cxs_if.u_packet_formatter.current_flit_data[248] (+)
|-- (1)top.u_cxs_if.u_packet_formatter.current_flit_data[249] (+)
|-- (1)top.u_cxs_if.u_packet_formatter.current_flit_data[250] (+)
|-- (1)top.u_cxs_if.u_packet_formatter.current_flit_data[251] (+)
|-- (1)top.u_cxs_if.u_packet_formatter.current_flit_data[252] (+)
|-- (1)top.u_cxs_if.u_packet_formatter.current_flit_data[253] (+)
|-- (1)top.u_cxs_if.u_packet_formatter.current_flit_data[254] (+)
|-- (1)top.u_cxs_if.u_packet_formatter.current_flit_data[255] (+)
|-- (1)top.u_cxs_if.u_packet_formatter.cxs_ctrl[0] (+)
|-- (1)top.u_cxs_if.u_packet_formatter.cxs_ctrl[1] (+)
|-- (1)top.u_cxs_if.u_packet_formatter.cxs_ctrl[2] (+)
|-- (1)top.u_cxs_if.u_packet_formatter.cxs_ctrl[3] (+)
|-- (1)top.u_cxs_if.u_packet_formatter.cxs_ctrl[4] (+)
|-- (1)top.u_cxs_if.u_packet_formatter.cxs_ctrl[5] (+)
|-- (1)top.u_cxs_if.u_packet_formatter.cxs_ctrl[6] (+)
|-- (1)top.u_cxs_if.u_packet_formatter.cxs_ctrl[7] (+)
|-- (1)top.u_cxs_if.u_packet_formatter.cxs_ctrl[8] (+)
|-- (1)top.u_cxs_if.u_packet_formatter.cxs_ctrl[9] (+)
|-- (1)top.u_cxs_if.u_packet_formatter.cxs_ctrl[10] (+)
|-- (1)top.u_cxs_if.u_packet_formatter.cxs_ctrl[11] (+)
|-- (1)top.u_cxs_if.u_packet_formatter.cxs_ctrl[12] (+)
|-- (1)top.u_cxs_if.u_packet_formatter.cxs_ctrl[13] (+)
|-- (1)top.u_cxs_if.u_packet_formatter.current_state[0] (+)
|-- (1)top.u_cxs_if.u_packet_formatter.current_state[1] (+)
|-- (1)top.u_cxs_if.u_packet_formatter.word_count[0] (+)
|-- (1)top.u_cxs_if.u_packet_formatter.word_count[1] (+)
|-- (1)top.u_cxs_if.u_packet_formatter.word_count[2] (+)
|-- (1)top.u_cxs_if.u_packet_encoder.error_valid_sync_d0 (+)
|-- (1)top.u_cxs_if.flit_tx[0] (+)
|-- (1)top.u_cxs_if.flit_tx[1] (+)
|-- (1)top.u_cxs_if.flit_tx[13] (+)
|-- (1)top.u_cxs_if.flit_tx[14] (+)
|-- (1)top.u_cxs_if.flit_tx[15] (+)
|-- (1)top.u_cxs_if.flit_cntrl[0] (+)
|-- (1)top.u_cxs_if.flit_cntrl[4] (+)
|-- (1)top.u_cxs_if.flit_valid (+)
|-- (1)top.u_cxs_if.u_tx_interface.flit_pending (+)
|-- (1)top.o_top_cxs_tx_valid (+)
|-- (1)top.o_top_cxs_tx_data[0] (+)
|-- (1)top.o_top_cxs_tx_data[1] (+)
|-- (1)top.o_top_cxs_tx_data[13] (+)
|-- (1)top.o_top_cxs_tx_data[14] (+)
|-- (1)top.o_top_cxs_tx_data[15] (+)
|-- (1)top.o_top_cxs_tx_cntl[0] (+)
|-- (1)top.o_top_cxs_tx_cntl[4] (+)
|-- (1)top.u_cxs_if.u_tx_interface.credit_counter[0] (+)
|-- (1)top.u_cxs_if.u_tx_interface.credit_counter[1] (+)
|-- (1)top.u_cxs_if.u_tx_interface.credit_counter[2] (+)
|-- (1)top.u_cxs_if.u_tx_interface.credit_counter[3] (+)
|-- (1)top.u_cxs_if.u_tx_interface.credit_counter[4] (+)
|-- (1)top.u_cxs_if.u_tx_interface.flit_reg[0] (+)
|-- (1)top.u_cxs_if.u_tx_interface.flit_reg[1] (+)
|-- (1)top.u_cxs_if.u_tx_interface.flit_reg[13] (+)
|-- (1)top.u_cxs_if.u_tx_interface.flit_reg[14] (+)
|-- (1)top.u_cxs_if.u_tx_interface.flit_reg[15] (+)
|-- (1)top.u_cxs_if.u_tx_interface.flit_reg[256] (+)
|-- (1)top.u_cxs_if.u_tx_interface.flit_reg[260] (+)
|-- (1)top.u_async_fifo.g_rptr_sync[0] (+)
|-- (1)top.u_async_fifo.g_rptr_sync[1] (+)
|-- (1)top.u_async_fifo.g_rptr_sync[2] (+)
|-- (1)top.u_async_fifo.g_rptr_sync[3] (+)
|-- (1)top.u_async_fifo.u_sync_rptr.d_in_d0[0] (+)
|-- (1)top.u_async_fifo.u_sync_rptr.d_in_d0[1] (+)
|-- (1)top.u_async_fifo.u_sync_rptr.d_in_d0[2] (+)
|-- (1)top.u_async_fifo.u_sync_rptr.d_in_d0[3] (+)
|-- (1)top.u_async_fifo.b_wptr[0] (+)
|-- (1)top.u_async_fifo.b_wptr[1] (+)
|-- (1)top.u_async_fifo.b_wptr[2] (+)
|-- (1)top.u_async_fifo.b_wptr[3] (+)
|-- (1)top.u_async_fifo.g_wptr[0] (+)
|-- (1)top.u_async_fifo.g_wptr[1] (+)
|-- (1)top.u_async_fifo.g_wptr[2] (+)
|-- (1)top.u_async_fifo.g_wptr[3] (+)
|-- (1)top.async_fifo_full (+)
|-- (1)top.u_async_fifo.u_fifo_mem.fifo[7][0] (+)
|-- (1)top.u_async_fifo.u_fifo_mem.fifo[7][1] (+)
|-- (1)top.u_async_fifo.u_fifo_mem.fifo[7][2] (+)
|-- (1)top.u_async_fifo.u_fifo_mem.fifo[7][3] (+)
|-- (1)top.u_async_fifo.u_fifo_mem.fifo[7][4] (+)
|-- (1)top.u_async_fifo.u_fifo_mem.fifo[7][5] (+)
|-- (1)top.u_async_fifo.u_fifo_mem.fifo[7][6] (+)
|-- (1)top.u_async_fifo.u_fifo_mem.fifo[7][7] (+)
|-- (1)top.u_async_fifo.u_fifo_mem.fifo[7][8] (+)
|-- (1)top.u_async_fifo.u_fifo_mem.fifo[7][9] (+)
|-- (1)top.u_async_fifo.u_fifo_mem.fifo[7][10] (+)
|-- (1)top.u_async_fifo.u_fifo_mem.fifo[7][11] (+)
|-- (1)top.u_async_fifo.u_fifo_mem.fifo[7][12] (+)
|-- (1)top.u_async_fifo.u_fifo_mem.fifo[7][13] (+)
|-- (1)top.u_async_fifo.u_fifo_mem.fifo[7][14] (+)
|-- (1)top.u_async_fifo.u_fifo_mem.fifo[7][15] (+)
|-- (1)top.u_async_fifo.u_fifo_mem.fifo[7][16] (+)
|-- (1)top.u_async_fifo.u_fifo_mem.fifo[7][17] (+)
|-- (1)top.u_async_fifo.u_fifo_mem.fifo[7][18] (+)
|-- (1)top.u_async_fifo.u_fifo_mem.fifo[7][19] (+)
|-- (1)top.u_async_fifo.u_fifo_mem.fifo[7][20] (+)
|-- (1)top.u_async_fifo.u_fifo_mem.fifo[7][21] (+)
|-- (1)top.u_async_fifo.u_fifo_mem.fifo[7][22] (+)
|-- (1)top.u_async_fifo.u_fifo_mem.fifo[7][23] (+)
|-- (1)top.u_async_fifo.u_fifo_mem.fifo[7][24] (+)
|-- (1)top.u_async_fifo.u_fifo_mem.fifo[7][25] (+)
|-- (1)top.u_async_fifo.u_fifo_mem.fifo[7][26] (+)
|-- (1)top.u_async_fifo.u_fifo_mem.fifo[7][27] (+)
|-- (1)top.u_async_fifo.u_fifo_mem.fifo[7][28] (+)
|-- (1)top.u_async_fifo.u_fifo_mem.fifo[7][29] (+)
|-- (1)top.u_async_fifo.u_fifo_mem.fifo[7][30] (+)
|-- (1)top.u_async_fifo.u_fifo_mem.fifo[7][31] (+)
|-- (1)top.u_async_fifo.u_fifo_mem.fifo[6][0] (+)
|-- (1)top.u_async_fifo.u_fifo_mem.fifo[6][1] (+)
|-- (1)top.u_async_fifo.u_fifo_mem.fifo[6][2] (+)
|-- (1)top.u_async_fifo.u_fifo_mem.fifo[6][3] (+)
|-- (1)top.u_async_fifo.u_fifo_mem.fifo[6][4] (+)
|-- (1)top.u_async_fifo.u_fifo_mem.fifo[6][5] (+)
|-- (1)top.u_async_fifo.u_fifo_mem.fifo[6][6] (+)
|-- (1)top.u_async_fifo.u_fifo_mem.fifo[6][7] (+)
|-- (1)top.u_async_fifo.u_fifo_mem.fifo[6][8] (+)
|-- (1)top.u_async_fifo.u_fifo_mem.fifo[6][9] (+)
|-- (1)top.u_async_fifo.u_fifo_mem.fifo[6][10] (+)
|-- (1)top.u_async_fifo.u_fifo_mem.fifo[6][11] (+)
|-- (1)top.u_async_fifo.u_fifo_mem.fifo[6][12] (+)
|-- (1)top.u_async_fifo.u_fifo_mem.fifo[6][13] (+)
|-- (1)top.u_async_fifo.u_fifo_mem.fifo[6][14] (+)
|-- (1)top.u_async_fifo.u_fifo_mem.fifo[6][15] (+)
|-- (1)top.u_async_fifo.u_fifo_mem.fifo[6][16] (+)
|-- (1)top.u_async_fifo.u_fifo_mem.fifo[6][17] (+)
|-- (1)top.u_async_fifo.u_fifo_mem.fifo[6][18] (+)
|-- (1)top.u_async_fifo.u_fifo_mem.fifo[6][19] (+)
|-- (1)top.u_async_fifo.u_fifo_mem.fifo[6][20] (+)
|-- (1)top.u_async_fifo.u_fifo_mem.fifo[6][21] (+)
|-- (1)top.u_async_fifo.u_fifo_mem.fifo[6][22] (+)
|-- (1)top.u_async_fifo.u_fifo_mem.fifo[6][23] (+)
|-- (1)top.u_async_fifo.u_fifo_mem.fifo[6][24] (+)
|-- (1)top.u_async_fifo.u_fifo_mem.fifo[6][25] (+)
|-- (1)top.u_async_fifo.u_fifo_mem.fifo[6][26] (+)
|-- (1)top.u_async_fifo.u_fifo_mem.fifo[6][27] (+)
|-- (1)top.u_async_fifo.u_fifo_mem.fifo[6][28] (+)
|-- (1)top.u_async_fifo.u_fifo_mem.fifo[6][29] (+)
|-- (1)top.u_async_fifo.u_fifo_mem.fifo[6][30] (+)
|-- (1)top.u_async_fifo.u_fifo_mem.fifo[6][31] (+)
|-- (1)top.u_async_fifo.u_fifo_mem.fifo[5][0] (+)
|-- (1)top.u_async_fifo.u_fifo_mem.fifo[5][1] (+)
|-- (1)top.u_async_fifo.u_fifo_mem.fifo[5][2] (+)
|-- (1)top.u_async_fifo.u_fifo_mem.fifo[5][3] (+)
|-- (1)top.u_async_fifo.u_fifo_mem.fifo[5][4] (+)
|-- (1)top.u_async_fifo.u_fifo_mem.fifo[5][5] (+)
|-- (1)top.u_async_fifo.u_fifo_mem.fifo[5][6] (+)
|-- (1)top.u_async_fifo.u_fifo_mem.fifo[5][7] (+)
|-- (1)top.u_async_fifo.u_fifo_mem.fifo[5][8] (+)
|-- (1)top.u_async_fifo.u_fifo_mem.fifo[5][9] (+)
|-- (1)top.u_async_fifo.u_fifo_mem.fifo[5][10] (+)
|-- (1)top.u_async_fifo.u_fifo_mem.fifo[5][11] (+)
|-- (1)top.u_async_fifo.u_fifo_mem.fifo[5][12] (+)
|-- (1)top.u_async_fifo.u_fifo_mem.fifo[5][13] (+)
|-- (1)top.u_async_fifo.u_fifo_mem.fifo[5][14] (+)
|-- (1)top.u_async_fifo.u_fifo_mem.fifo[5][15] (+)
|-- (1)top.u_async_fifo.u_fifo_mem.fifo[5][16] (+)
|-- (1)top.u_async_fifo.u_fifo_mem.fifo[5][17] (+)
|-- (1)top.u_async_fifo.u_fifo_mem.fifo[5][18] (+)
|-- (1)top.u_async_fifo.u_fifo_mem.fifo[5][19] (+)
|-- (1)top.u_async_fifo.u_fifo_mem.fifo[5][20] (+)
|-- (1)top.u_async_fifo.u_fifo_mem.fifo[5][21] (+)
|-- (1)top.u_async_fifo.u_fifo_mem.fifo[5][22] (+)
|-- (1)top.u_async_fifo.u_fifo_mem.fifo[5][23] (+)
|-- (1)top.u_async_fifo.u_fifo_mem.fifo[5][24] (+)
|-- (1)top.u_async_fifo.u_fifo_mem.fifo[5][25] (+)
|-- (1)top.u_async_fifo.u_fifo_mem.fifo[5][26] (+)
|-- (1)top.u_async_fifo.u_fifo_mem.fifo[5][27] (+)
|-- (1)top.u_async_fifo.u_fifo_mem.fifo[5][28] (+)
|-- (1)top.u_async_fifo.u_fifo_mem.fifo[5][29] (+)
|-- (1)top.u_async_fifo.u_fifo_mem.fifo[5][30] (+)
|-- (1)top.u_async_fifo.u_fifo_mem.fifo[5][31] (+)
|-- (1)top.u_async_fifo.u_fifo_mem.fifo[4][0] (+)
|-- (1)top.u_async_fifo.u_fifo_mem.fifo[4][1] (+)
|-- (1)top.u_async_fifo.u_fifo_mem.fifo[4][2] (+)
|-- (1)top.u_async_fifo.u_fifo_mem.fifo[4][3] (+)
|-- (1)top.u_async_fifo.u_fifo_mem.fifo[4][4] (+)
|-- (1)top.u_async_fifo.u_fifo_mem.fifo[4][5] (+)
|-- (1)top.u_async_fifo.u_fifo_mem.fifo[4][6] (+)
|-- (1)top.u_async_fifo.u_fifo_mem.fifo[4][7] (+)
|-- (1)top.u_async_fifo.u_fifo_mem.fifo[4][8] (+)
|-- (1)top.u_async_fifo.u_fifo_mem.fifo[4][9] (+)
|-- (1)top.u_async_fifo.u_fifo_mem.fifo[4][10] (+)
|-- (1)top.u_async_fifo.u_fifo_mem.fifo[4][11] (+)
|-- (1)top.u_async_fifo.u_fifo_mem.fifo[4][12] (+)
|-- (1)top.u_async_fifo.u_fifo_mem.fifo[4][13] (+)
|-- (1)top.u_async_fifo.u_fifo_mem.fifo[4][14] (+)
|-- (1)top.u_async_fifo.u_fifo_mem.fifo[4][15] (+)
|-- (1)top.u_async_fifo.u_fifo_mem.fifo[4][16] (+)
|-- (1)top.u_async_fifo.u_fifo_mem.fifo[4][17] (+)
|-- (1)top.u_async_fifo.u_fifo_mem.fifo[4][18] (+)
|-- (1)top.u_async_fifo.u_fifo_mem.fifo[4][19] (+)
|-- (1)top.u_async_fifo.u_fifo_mem.fifo[4][20] (+)
|-- (1)top.u_async_fifo.u_fifo_mem.fifo[4][21] (+)
|-- (1)top.u_async_fifo.u_fifo_mem.fifo[4][22] (+)
|-- (1)top.u_async_fifo.u_fifo_mem.fifo[4][23] (+)
|-- (1)top.u_async_fifo.u_fifo_mem.fifo[4][24] (+)
|-- (1)top.u_async_fifo.u_fifo_mem.fifo[4][25] (+)
|-- (1)top.u_async_fifo.u_fifo_mem.fifo[4][26] (+)
|-- (1)top.u_async_fifo.u_fifo_mem.fifo[4][27] (+)
|-- (1)top.u_async_fifo.u_fifo_mem.fifo[4][28] (+)
|-- (1)top.u_async_fifo.u_fifo_mem.fifo[4][29] (+)
|-- (1)top.u_async_fifo.u_fifo_mem.fifo[4][30] (+)
|-- (1)top.u_async_fifo.u_fifo_mem.fifo[4][31] (+)
|-- (1)top.u_async_fifo.u_fifo_mem.fifo[3][0] (+)
|-- (1)top.u_async_fifo.u_fifo_mem.fifo[3][1] (+)
|-- (1)top.u_async_fifo.u_fifo_mem.fifo[3][2] (+)
|-- (1)top.u_async_fifo.u_fifo_mem.fifo[3][3] (+)
|-- (1)top.u_async_fifo.u_fifo_mem.fifo[3][4] (+)
|-- (1)top.u_async_fifo.u_fifo_mem.fifo[3][5] (+)
|-- (1)top.u_async_fifo.u_fifo_mem.fifo[3][6] (+)
|-- (1)top.u_async_fifo.u_fifo_mem.fifo[3][7] (+)
|-- (1)top.u_async_fifo.u_fifo_mem.fifo[3][8] (+)
|-- (1)top.u_async_fifo.u_fifo_mem.fifo[3][9] (+)
|-- (1)top.u_async_fifo.u_fifo_mem.fifo[3][10] (+)
|-- (1)top.u_async_fifo.u_fifo_mem.fifo[3][11] (+)
|-- (1)top.u_async_fifo.u_fifo_mem.fifo[3][12] (+)
|-- (1)top.u_async_fifo.u_fifo_mem.fifo[3][13] (+)
|-- (1)top.u_async_fifo.u_fifo_mem.fifo[3][14] (+)
|-- (1)top.u_async_fifo.u_fifo_mem.fifo[3][15] (+)
|-- (1)top.u_async_fifo.u_fifo_mem.fifo[3][16] (+)
|-- (1)top.u_async_fifo.u_fifo_mem.fifo[3][17] (+)
|-- (1)top.u_async_fifo.u_fifo_mem.fifo[3][18] (+)
|-- (1)top.u_async_fifo.u_fifo_mem.fifo[3][19] (+)
|-- (1)top.u_async_fifo.u_fifo_mem.fifo[3][20] (+)
|-- (1)top.u_async_fifo.u_fifo_mem.fifo[3][21] (+)
|-- (1)top.u_async_fifo.u_fifo_mem.fifo[3][22] (+)
|-- (1)top.u_async_fifo.u_fifo_mem.fifo[3][23] (+)
|-- (1)top.u_async_fifo.u_fifo_mem.fifo[3][24] (+)
|-- (1)top.u_async_fifo.u_fifo_mem.fifo[3][25] (+)
|-- (1)top.u_async_fifo.u_fifo_mem.fifo[3][26] (+)
|-- (1)top.u_async_fifo.u_fifo_mem.fifo[3][27] (+)
|-- (1)top.u_async_fifo.u_fifo_mem.fifo[3][28] (+)
|-- (1)top.u_async_fifo.u_fifo_mem.fifo[3][29] (+)
|-- (1)top.u_async_fifo.u_fifo_mem.fifo[3][30] (+)
|-- (1)top.u_async_fifo.u_fifo_mem.fifo[3][31] (+)
|-- (1)top.u_async_fifo.u_fifo_mem.fifo[2][0] (+)
|-- (1)top.u_async_fifo.u_fifo_mem.fifo[2][1] (+)
|-- (1)top.u_async_fifo.u_fifo_mem.fifo[2][2] (+)
|-- (1)top.u_async_fifo.u_fifo_mem.fifo[2][3] (+)
|-- (1)top.u_async_fifo.u_fifo_mem.fifo[2][4] (+)
|-- (1)top.u_async_fifo.u_fifo_mem.fifo[2][5] (+)
|-- (1)top.u_async_fifo.u_fifo_mem.fifo[2][6] (+)
|-- (1)top.u_async_fifo.u_fifo_mem.fifo[2][7] (+)
|-- (1)top.u_async_fifo.u_fifo_mem.fifo[2][8] (+)
|-- (1)top.u_async_fifo.u_fifo_mem.fifo[2][9] (+)
|-- (1)top.u_async_fifo.u_fifo_mem.fifo[2][10] (+)
|-- (1)top.u_async_fifo.u_fifo_mem.fifo[2][11] (+)
|-- (1)top.u_async_fifo.u_fifo_mem.fifo[2][12] (+)
|-- (1)top.u_async_fifo.u_fifo_mem.fifo[2][13] (+)
|-- (1)top.u_async_fifo.u_fifo_mem.fifo[2][14] (+)
|-- (1)top.u_async_fifo.u_fifo_mem.fifo[2][15] (+)
|-- (1)top.u_async_fifo.u_fifo_mem.fifo[2][16] (+)
|-- (1)top.u_async_fifo.u_fifo_mem.fifo[2][17] (+)
|-- (1)top.u_async_fifo.u_fifo_mem.fifo[2][18] (+)
|-- (1)top.u_async_fifo.u_fifo_mem.fifo[2][19] (+)
|-- (1)top.u_async_fifo.u_fifo_mem.fifo[2][20] (+)
|-- (1)top.u_async_fifo.u_fifo_mem.fifo[2][21] (+)
|-- (1)top.u_async_fifo.u_fifo_mem.fifo[2][22] (+)
|-- (1)top.u_async_fifo.u_fifo_mem.fifo[2][23] (+)
|-- (1)top.u_async_fifo.u_fifo_mem.fifo[2][24] (+)
|-- (1)top.u_async_fifo.u_fifo_mem.fifo[2][25] (+)
|-- (1)top.u_async_fifo.u_fifo_mem.fifo[2][26] (+)
|-- (1)top.u_async_fifo.u_fifo_mem.fifo[2][27] (+)
|-- (1)top.u_async_fifo.u_fifo_mem.fifo[2][28] (+)
|-- (1)top.u_async_fifo.u_fifo_mem.fifo[2][29] (+)
|-- (1)top.u_async_fifo.u_fifo_mem.fifo[2][30] (+)
|-- (1)top.u_async_fifo.u_fifo_mem.fifo[2][31] (+)
|-- (1)top.u_async_fifo.u_fifo_mem.fifo[1][0] (+)
|-- (1)top.u_async_fifo.u_fifo_mem.fifo[1][1] (+)
|-- (1)top.u_async_fifo.u_fifo_mem.fifo[1][2] (+)
|-- (1)top.u_async_fifo.u_fifo_mem.fifo[1][3] (+)
|-- (1)top.u_async_fifo.u_fifo_mem.fifo[1][4] (+)
|-- (1)top.u_async_fifo.u_fifo_mem.fifo[1][5] (+)
|-- (1)top.u_async_fifo.u_fifo_mem.fifo[1][6] (+)
|-- (1)top.u_async_fifo.u_fifo_mem.fifo[1][7] (+)
|-- (1)top.u_async_fifo.u_fifo_mem.fifo[1][8] (+)
|-- (1)top.u_async_fifo.u_fifo_mem.fifo[1][9] (+)
|-- (1)top.u_async_fifo.u_fifo_mem.fifo[1][10] (+)
|-- (1)top.u_async_fifo.u_fifo_mem.fifo[1][11] (+)
|-- (1)top.u_async_fifo.u_fifo_mem.fifo[1][12] (+)
|-- (1)top.u_async_fifo.u_fifo_mem.fifo[1][13] (+)
|-- (1)top.u_async_fifo.u_fifo_mem.fifo[1][14] (+)
|-- (1)top.u_async_fifo.u_fifo_mem.fifo[1][15] (+)
|-- (1)top.u_async_fifo.u_fifo_mem.fifo[1][16] (+)
|-- (1)top.u_async_fifo.u_fifo_mem.fifo[1][17] (+)
|-- (1)top.u_async_fifo.u_fifo_mem.fifo[1][18] (+)
|-- (1)top.u_async_fifo.u_fifo_mem.fifo[1][19] (+)
|-- (1)top.u_async_fifo.u_fifo_mem.fifo[1][20] (+)
|-- (1)top.u_async_fifo.u_fifo_mem.fifo[1][21] (+)
|-- (1)top.u_async_fifo.u_fifo_mem.fifo[1][22] (+)
|-- (1)top.u_async_fifo.u_fifo_mem.fifo[1][23] (+)
|-- (1)top.u_async_fifo.u_fifo_mem.fifo[1][24] (+)
|-- (1)top.u_async_fifo.u_fifo_mem.fifo[1][25] (+)
|-- (1)top.u_async_fifo.u_fifo_mem.fifo[1][26] (+)
|-- (1)top.u_async_fifo.u_fifo_mem.fifo[1][27] (+)
|-- (1)top.u_async_fifo.u_fifo_mem.fifo[1][28] (+)
|-- (1)top.u_async_fifo.u_fifo_mem.fifo[1][29] (+)
|-- (1)top.u_async_fifo.u_fifo_mem.fifo[1][30] (+)
|-- (1)top.u_async_fifo.u_fifo_mem.fifo[1][31] (+)
|-- (1)top.u_async_fifo.u_fifo_mem.fifo[0][0] (+)
|-- (1)top.u_async_fifo.u_fifo_mem.fifo[0][1] (+)
|-- (1)top.u_async_fifo.u_fifo_mem.fifo[0][2] (+)
|-- (1)top.u_async_fifo.u_fifo_mem.fifo[0][3] (+)
|-- (1)top.u_async_fifo.u_fifo_mem.fifo[0][4] (+)
|-- (1)top.u_async_fifo.u_fifo_mem.fifo[0][5] (+)
|-- (1)top.u_async_fifo.u_fifo_mem.fifo[0][6] (+)
|-- (1)top.u_async_fifo.u_fifo_mem.fifo[0][7] (+)
|-- (1)top.u_async_fifo.u_fifo_mem.fifo[0][8] (+)
|-- (1)top.u_async_fifo.u_fifo_mem.fifo[0][9] (+)
|-- (1)top.u_async_fifo.u_fifo_mem.fifo[0][10] (+)
|-- (1)top.u_async_fifo.u_fifo_mem.fifo[0][11] (+)
|-- (1)top.u_async_fifo.u_fifo_mem.fifo[0][12] (+)
|-- (1)top.u_async_fifo.u_fifo_mem.fifo[0][13] (+)
|-- (1)top.u_async_fifo.u_fifo_mem.fifo[0][14] (+)
|-- (1)top.u_async_fifo.u_fifo_mem.fifo[0][15] (+)
|-- (1)top.u_async_fifo.u_fifo_mem.fifo[0][16] (+)
|-- (1)top.u_async_fifo.u_fifo_mem.fifo[0][17] (+)
|-- (1)top.u_async_fifo.u_fifo_mem.fifo[0][18] (+)
|-- (1)top.u_async_fifo.u_fifo_mem.fifo[0][19] (+)
|-- (1)top.u_async_fifo.u_fifo_mem.fifo[0][20] (+)
|-- (1)top.u_async_fifo.u_fifo_mem.fifo[0][21] (+)
|-- (1)top.u_async_fifo.u_fifo_mem.fifo[0][22] (+)
|-- (1)top.u_async_fifo.u_fifo_mem.fifo[0][23] (+)
|-- (1)top.u_async_fifo.u_fifo_mem.fifo[0][24] (+)
|-- (1)top.u_async_fifo.u_fifo_mem.fifo[0][25] (+)
|-- (1)top.u_async_fifo.u_fifo_mem.fifo[0][26] (+)
|-- (1)top.u_async_fifo.u_fifo_mem.fifo[0][27] (+)
|-- (1)top.u_async_fifo.u_fifo_mem.fifo[0][28] (+)
|-- (1)top.u_async_fifo.u_fifo_mem.fifo[0][29] (+)
|-- (1)top.u_async_fifo.u_fifo_mem.fifo[0][30] (+)
|-- (1)top.u_async_fifo.u_fifo_mem.fifo[0][31] (+)
|-- (1)top.err_toggle_sync (+)
|-- (1)top.u_err_sync.d_in_d0[0] (+)
`-- (1)top.err_toggle_sync_d0 (+)
