open_project: warning: vdb file ./lint/top/lint/lint_rtl/spyglass.vdb is not present or has changed after goal run, results might be inconsistent
Detailed Error Trace
--------------------

  option top can not be done in goal scope, please select current_goal none first
      while executing
  "set_option top top"
      (file "lint.tcl" line 3)
      invoked from within
  "source lint.tcl"

Error: option top can not be done in goal scope, please select current_goal none firstcurrent_goal: warning: goal `lint/lint_rtl' is already selected with top `top' - ignoring this command

INFO:    SpyGlass will run goal(s) 'lint/lint_rtl'.


RULE-CHECKING IN MIXED MODE
Loading spyglass (SpyGlass_vL-2016.06) ... (picked from /home/synopsys/SpyGlass-L2016.06/SPYGLASS_HOME/policies/spyglass)
Loading openmore (SpyGlass_vL-2016.06) ... (picked from /home/synopsys/SpyGlass-L2016.06/SPYGLASS_HOME/policies/openmore)
Loading starc (SpyGlass_vL-2016.06) ... (picked from /home/synopsys/SpyGlass-L2016.06/SPYGLASS_HOME/policies/starc)
Loading starc2005 (SpyGlass_vL-2016.06) ... (picked from /home/synopsys/SpyGlass-L2016.06/SPYGLASS_HOME/policies/starc2005)
Loading erc (SpyGlass_vL-2016.06) ... (picked from /home/synopsys/SpyGlass-L2016.06/SPYGLASS_HOME/policies/erc)
Loading simulation (SpyGlass_vL-2016.06) ... (picked from /home/synopsys/SpyGlass-L2016.06/SPYGLASS_HOME/policies/simulation)
Loading lint (SpyGlass_vL-2016.06) ... (picked from /home/synopsys/SpyGlass-L2016.06/SPYGLASS_HOME/policies/lint)
Loading latch (SpyGlass_vL-2016.06) ... (picked from /home/synopsys/SpyGlass-L2016.06/SPYGLASS_HOME/policies/latch)
Loading morelint (SpyGlass_vL-2016.06) ... (picked from /home/synopsys/SpyGlass-L2016.06/SPYGLASS_HOME/policies/morelint)
Loading timing (SpyGlass_vL-2016.06) ... (picked from /home/synopsys/SpyGlass-L2016.06/SPYGLASS_HOME/policies/timing)
Loading starc2002 (SpyGlass_vL-2016.06) ... (picked from /home/synopsys/SpyGlass-L2016.06/SPYGLASS_HOME/policies/starc2002)

INFO [326]    SpyGlass Design Database './lint/top/.SG_SaveRestoreDB' can not be restored because:
              Following Design related options differ from that specified
              during design save.
-------------------------------------------------------------------------------
Options              Save Value                     Restore Value                 
-------------------------------------------------------------------------------
-mthresh             4096                           16384                         
                                                                                  
-------------------------------------------------------------------------------

              Saving Database again
Loading Audits (SpyGlass_vL-2016.06) ... (picked from /home/synopsys/SpyGlass-L2016.06/SPYGLASS_HOME/policies/Audits)
Loading area (SpyGlass_vL-2016.06) ... (picked from /home/synopsys/SpyGlass-L2016.06/SPYGLASS_HOME/policies/area)
Loading miscellaneous (SpyGlass_vL-2016.06) ... (picked from /home/synopsys/SpyGlass-L2016.06/SPYGLASS_HOME/policies/miscellaneous)
Loading starcad-21 (SpyGlass_vL-2016.06) ... (picked from /home/synopsys/SpyGlass-L2016.06/SPYGLASS_HOME/policies/starcad-21)
Loading txv (SpyGlass_vL-2016.06) ... (picked from /home/synopsys/SpyGlass-L2016.06/SPYGLASS_HOME/policies/txv)

TXV_INFO Parameter txv_extract_domain will be renamed to txv_domain_mode in future!

Loading power_est (SpyGlass_vL-2016.06) ... (picked from /home/synopsys/SpyGlass-L2016.06/SPYGLASS_HOME/policies/power_est)
Loading lowpower (SpyGlass_vL-2016.06) ... (picked from /home/synopsys/SpyGlass-L2016.06/SPYGLASS_HOME/policies/lowpower)
Loading dft_dsm (SpyGlass_vL-2016.06) ... (picked from /home/synopsys/SpyGlass-L2016.06/SPYGLASS_HOME/policies/dft_dsm)
Loading dft (SpyGlass_vL-2016.06) ... (picked from /home/synopsys/SpyGlass-L2016.06/SPYGLASS_HOME/policies/dft)
Loading constraints (SpyGlass_vL-2016.06) ... (picked from /home/synopsys/SpyGlass-L2016.06/SPYGLASS_HOME/policies/constraints)
Loading const_intern1 (SpyGlass_vL-2016.06) ... (picked from /home/synopsys/SpyGlass-L2016.06/SPYGLASS_HOME/policies/constraints)
Loading clock-reset (SpyGlass_vL-2016.06) ... (picked from /home/synopsys/SpyGlass-L2016.06/SPYGLASS_HOME/policies/clock)

INFO [76]    Using `./WORK/64' as the Work Directory for 64bit precompiled dump.
Checking Rule SGDC_power_est29 (Rule 1 of total 260) .... done (Time = 0.00s, Memory = -32.0K)
Checking Rule PECHECK04 (Rule 2 of total 260) .... done (Time = 0.04s, Memory = 19.7K)
Checking Rule PECHECK18 (Rule 3 of total 260) .... done (Time = 0.00s, Memory = 0.0K)
Checking Rule PEMVDD01 (Rule 4 of total 260) .... done (Time = 0.00s, Memory = 24.0K)
Checking Rule PrecompileLibCheck01 (Rule 5 of total 260) .... done (Time = 0.00s, Memory = 0.0K)
Checking Rule PrecompileLibCheck02 (Rule 6 of total 260) .... done (Time = 0.00s, Memory = 0.0K)
Checking Rule PrecompileLibCheck03 (Rule 7 of total 260) .... done (Time = 0.00s, Memory = 0.0K)
Checking Rule PrecompileLibCheck04 (Rule 8 of total 260) .... done (Time = 0.00s, Memory = 0.0K)
Checking Rule SGDC_assume_path01 (Rule 9 of total 260) .... done (Time = 0.00s, Memory = 0.0K)
Checking Rule SGDC_sdcschema02 (Rule 10 of total 260) .... done (Time = 0.00s, Memory = -29.9K)
Checking Rule SGDC_clock05 (Rule 11 of total 260) .... done (Time = 0.00s, Memory = 0.0K)
Checking Rule SGDC_clock09 (Rule 12 of total 260) .... done (Time = 0.00s, Memory = 0.0K)
Checking Rule SGDC_force_ta05 (Rule 13 of total 260) .... done (Time = 0.00s, Memory = 32.0K)
Checking Rule SGDC_require_path03 (Rule 14 of total 260) .... done (Time = 0.00s, Memory = 29.7K)
Checking Rule SGDC_require_value03 (Rule 15 of total 260) .... done (Time = 0.00s, Memory = 7.5K)
Checking Rule SGDC_voltagedomain05 (Rule 16 of total 260) .... done (Time = 0.00s, Memory = 7.5K)
Checking Rule SGDC_voltagedomain06 (Rule 17 of total 260) .... done (Time = 0.00s, Memory = -4.0K)
Checking Rule SGDC_voltagedomain07 (Rule 18 of total 260) .... done (Time = 0.00s, Memory = 0.0K)
Checking Rule SGDC_powerdomainoutputs02 (Rule 19 of total 260) .... done (Time = 0.00s, Memory = 4.0K)
Checking Rule SGDC_supply01 (Rule 20 of total 260) .... done (Time = 0.00s, Memory = 7.5K)
Checking Rule SGDC_waive01 (Rule 21 of total 260) .... done (Time = 0.00s, Memory = 0.0K)
Checking Rule SGDC_waive02 (Rule 22 of total 260) .... done (Time = 0.00s, Memory = -2.4K)
Checking Rule SGDC_waive03 (Rule 23 of total 260) .... done (Time = 0.00s, Memory = 0.0K)
Checking Rule SGDC_waive04 (Rule 24 of total 260) .... done (Time = 0.00s, Memory = 0.0K)
Checking Rule SGDC_waive05 (Rule 25 of total 260) .... done (Time = 0.00s, Memory = 0.0K)
Checking Rule SGDC_waive06 (Rule 26 of total 260) .... done (Time = 0.00s, Memory = 0.0K)
Checking Rule SGDC_waive07 (Rule 27 of total 260) .... done (Time = 0.00s, Memory = 0.0K)
Checking Rule SGDC_waive08 (Rule 28 of total 260) .... done (Time = 0.00s, Memory = 0.0K)
Checking Rule SGDC_waive09 (Rule 29 of total 260) .... done (Time = 0.00s, Memory = 0.0K)
Checking Rule SGDC_waive10 (Rule 30 of total 260) .... done (Time = 0.00s, Memory = 0.0K)
Checking Rule SGDC_waive11 (Rule 31 of total 260) .... done (Time = 0.00s, Memory = 0.0K)
Checking Rule SGDC_waive12 (Rule 32 of total 260) .... done (Time = 0.00s, Memory = 0.0K)
Checking Rule SGDC_waive13 (Rule 33 of total 260) .... done (Time = 0.00s, Memory = 0.0K)
Checking Rule SGDC_waive21 (Rule 34 of total 260) .... done (Time = 0.00s, Memory = 0.0K)
Checking Rule SGDC_waive22 (Rule 35 of total 260) .... done (Time = 0.00s, Memory = -0.1K)
Checking Rule SGDC_waive30 (Rule 36 of total 260) .... done (Time = 0.00s, Memory = 0.0K)
Checking Rule SGDC_waive32 (Rule 37 of total 260) .... done (Time = 0.00s, Memory = 0.0K)
Checking Rule SGDC_waive33 (Rule 38 of total 260) .... done (Time = 0.00s, Memory = 0.0K)
Checking Rule SGDC_waive36 (Rule 39 of total 260) .... done (Time = 0.00s, Memory = 2.0K)
Checking Rule SGDC_waive38 (Rule 40 of total 260) .... done (Time = 0.00s, Memory = 32.0K)
Checking Rule SGDC_fifo01 (Rule 41 of total 260) .... done (Time = 0.00s, Memory = 7.5K)
Checking Rule SGDC_libgroup01 (Rule 42 of total 260) .... done (Time = 0.00s, Memory = -6.1K)
Checking Rule SGDC_libgroup02 (Rule 43 of total 260) .... done (Time = 0.00s, Memory = 0.0K)
Checking Rule SGDC_libgroup04 (Rule 44 of total 260) .... done (Time = 0.00s, Memory = 39.5K)
Checking Rule SGDC_power_data01 (Rule 45 of total 260) .... done (Time = 0.00s, Memory = 0.0K)
Checking Rule SGDC_ungroup01 (Rule 46 of total 260) .... done (Time = 0.00s, Memory = 8.3K)
Checking Rule SGDC_abstract_port06 (Rule 47 of total 260) .... done (Time = 0.00s, Memory = 47.8K)
Checking Rule SGDC_abstract_port14 (Rule 48 of total 260) .... done (Time = 0.00s, Memory = 7.5K)
Checking Rule SGDC_abstract_port15 (Rule 49 of total 260) .... done (Time = 0.00s, Memory = 4.0K)
Checking Rule SGDC_abstract_port18 (Rule 50 of total 260) .... done (Time = 0.00s, Memory = 7.5K)
Checking Rule sdc_init_rule (Rule 51 of total 260) .... done (Time = 0.00s, Memory = 3.8K)
Checking Rule CMD_ignorelibs01 (Rule 52 of total 260) .... done (Time = 0.00s, Memory = -32.0K)
Checking Rule ReportRuleNotRun (Rule 53 of total 260) .... done (Time = 0.02s, Memory = -39.5K)
Checking Rule STARC05-2.3.1.2c (Rule 54 of total 260) .... done (Time = 0.00s, Memory = 0.0K)
Checking Rule W442a (Rule 55 of total 260) .... done (Time = 0.00s, Memory = 0.0K)
Checking Rule W442b (Rule 56 of total 260) .... done (Time = 0.00s, Memory = 0.0K)
Checking Rule W442c (Rule 57 of total 260) .... done (Time = 0.00s, Memory = 0.0K)
Checking Rule W442f (Rule 58 of total 260) .... done (Time = 0.00s, Memory = -3.5K)
Checking Rule badimplicitSM1 (Rule 59 of total 260) .... done (Time = 0.00s, Memory = 0.0K)
Checking Rule badimplicitSM2 (Rule 60 of total 260) .... done (Time = 0.00s, Memory = 0.0K)
Checking Rule badimplicitSM4 (Rule 61 of total 260) .... done (Time = 0.00s, Memory = 32.0K)
Checking Rule bothedges (Rule 62 of total 260) .... done (Time = 0.00s, Memory = 32.0K)
Checking Rule BlockHeader (Rule 63 of total 260) .... done (Time = 0.00s, Memory = 0.0K)
Checking Rule W421 (Rule 64 of total 260) .... done (Time = 0.00s, Memory = 0.0K)
Checking Rule STARC05-2.1.6.5 (Rule 65 of total 260) .... done (Time = 0.00s, Memory = 0.0K)
Checking Rule ReportStopSummary (Rule 66 of total 260) .... done (Time = 0.00s, Memory = 0.0K)
Checking Rule ReportIgnoreSummary (Rule 67 of total 260) .... done (Time = 0.00s, Memory = 0.0K)
 Analyzing source file "../top.sv" ....
 Analyzing source file "../async_fifo/asynchronous_fifo.sv" ....
 Analyzing source file "../async_fifo/fifo_mem.sv" ....
 Analyzing source file "../async_fifo/rptr_handler.sv" ....
 Analyzing source file "../async_fifo/synchronizer.sv" ....
 Analyzing source file "../async_fifo/wptr_handler.sv" ....
 Analyzing source file "../cxs_if/credit_manager.sv" ....
 Analyzing source file "../cxs_if/cxs_if.sv" ....
 Analyzing source file "../cxs_if/flit_fifo.sv" ....
 Analyzing source file "../cxs_if/packet_encoder.sv" ....
 Analyzing source file "../cxs_if/packet_formatter.sv" ....
 Analyzing source file "../cxs_if/rx_interface.sv" ....
 Analyzing source file "../cxs_if/tx_interface.sv" ....
 Analyzing source file "../system/atu.sv" ....
 Analyzing source file "../system/cdm.sv" ....
 Analyzing source file "../system/control_unit.sv" ....
 Analyzing source file "../system/encryption_unit.sv" ....
 Analyzing source file "../system/parity_unit.sv" ....
 Analyzing source file "../system/system_wrapper.sv" ....
 Elaborating Top Verilog Design Unit 'top' ..... done
Checking Rule ElabSummary (Rule 68 of total 260) .... done (Time = 0.01s, Memory = -12.4K)
Checking Rule ReportCheckDataSummary (Rule 69 of total 260) .... done (Time = 0.00s, Memory = 0.0K)
 Reading waiver file "./lint/top/lint/lint_rtl/spyglass_spysch/constraint/spg_autogenerated_waivers.sgdc" ...
 Generating SGDC file "./lint/top/lint/lint_rtl/spyglass_spysch/constraint/pragma2Constraint.sgdc" from pragmas in HDL source files ....
 Generating WAIVER file "./lint/top/lint/lint_rtl/spyglass_spysch/waiver/pragma2Waiver.swl" from pragmas in HDL source files ....
Checking Rule DetectTopDesignUnits (Rule 70 of total 260)
 Detected 1 top level design units:
     top
 .... done (Time = 0.00s, Memory = -0.9K)
Performing semantic checks on SGDC contents
Checking Rule SGDC_testmode03 (Rule 71 of total 260) .... done (Time = 0.00s, Memory = 0.0K)
Checking Rule PECHECK09 (Rule 72 of total 260) .... done (Time = 0.00s, Memory = 2.6K)
Checking Rule Ac_multitop01 (Rule 73 of total 260) .... done (Time = 0.00s, Memory = 0.0K)
Checking Rule ReportObsoletePragmas (Rule 74 of total 260) .... done (Time = 0.00s, Memory = 0.0K)
Checking Rule GenerateConfMap (Rule 75 of total 260) .... done (Time = 0.00s, Memory = 0.2K)
Checking Rule HdlLibDuCheck (Rule 76 of total 260) .... done (Time = 0.00s, Memory = 0.0K)
Checking Rule RtlDesignInfo (Rule 77 of total 260) .... done (Time = 0.00s, Memory = 7.1K)
Checking Rule sim_race02 (Rule 78 of total 260) .... done (Time = 0.00s, Memory = 31.1K)
Checking Rule W416 (Rule 79 of total 260) .... done (Time = 0.00s, Memory = 0.0K)
Checking Rule W110a (Rule 80 of total 260) .... done (Time = 0.00s, Memory = 0.0K)
Checking Rule Pragma_setupa (Rule 81 of total 260) .... done (Time = 0.00s, Memory = 0.0K)
Checking Rule _deltaDelay (Rule 82 of total 260) .... done (Time = 0.00s, Memory = 3.8K)
Checking Rule _deltaDelay (Rule 83 of total 260) .... done (Time = 0.00s, Memory = 0.0K)
Checking Rule preReq_ConsCase2 (Rule 84 of total 260) .... done (Time = 0.00s, Memory = 0.0K)
Checking Rule preReq_ConsCase (Rule 85 of total 260) .... done (Time = 0.00s, Memory = 0.0K)
Checking Rule STARC05-AlwaysParamSetup (Rule 86 of total 260) .... done (Time = 0.00s, Memory = -0.3K)
Checking Rule STARC05-ProcessParamSetup (Rule 87 of total 260) .... done (Time = 0.00s, Memory = 0.0K)
Checking Rule Latch_VePreReqRule (Rule 88 of total 260) .... done (Time = 0.01s, Memory = 16.0K)
Checking Rule CheckCelldefine (Rule 89 of total 260) .... done (Time = 0.00s, Memory = 0.0K)
Checking Rule Prereqs_RegOutputs (Rule 90 of total 260) .... done (Time = 0.00s, Memory = -32.0K)
Checking Rule STARC05-2.1.4.5 (Rule 91 of total 260) .... done (Time = 0.00s, Memory = 0.2K)
Checking Rule STARC05-2.3.1.5b (Rule 92 of total 260) .... done (Time = 0.00s, Memory = -32.0K)
Checking Rule STARC05-2.11.3.1 (Rule 93 of total 260) .... done (Time = 0.00s, Memory = 0.0K)
Checking Rule Prereqs_STARC05-1.6.2.1 (Rule 94 of total 260) .... done (Time = 0.00s, Memory = -32.0K)
Checking Rule Prereqs_STARC-1.6.2.1 (Rule 95 of total 260) .... done (Time = 0.00s, Memory = 0.0K)
Checking Rule W496b (Rule 96 of total 260) .... done (Time = 0.01s, Memory = 0.9K)
Checking Rule W317 (Rule 97 of total 260) .... done (Time = 0.00s, Memory = 0.0K)
Checking Rule W422 (Rule 98 of total 260) .... done (Time = 0.00s, Memory = 5.9K)
Checking Rule W426 (Rule 99 of total 260) .... done (Time = 0.00s, Memory = -0.6K)
Checking Rule W480 (Rule 100 of total 260) .... done (Time = 0.00s, Memory = 5.2K)
Checking Rule W481a (Rule 101 of total 260) .... done (Time = 0.00s, Memory = 3.1K)
Checking Rule W481b (Rule 102 of total 260) .... done (Time = 0.00s, Memory = -7.6K)
Checking Rule W422 (Rule 103 of total 260) .... done (Time = 0.00s, Memory = 0.0K)
Checking Rule W292 (Rule 104 of total 260) .... done (Time = 0.00s, Memory = 0.0K)
Checking Rule W71 (Rule 105 of total 260) .... done (Time = 0.00s, Memory = 0.0K)
Checking Rule W293 (Rule 106 of total 260) .... done (Time = 0.00s, Memory = 0.0K)
Checking Rule W398 (Rule 107 of total 260) .... done (Time = 0.00s, Memory = 0.0K)
Checking Rule W421 (Rule 108 of total 260) .... done (Time = 0.00s, Memory = -2.1K)
Checking Rule W424 (Rule 109 of total 260) .... done (Time = 0.00s, Memory = 0.0K)
Checking Rule W467 (Rule 110 of total 260) .... done (Time = 0.00s, Memory = 0.0K)
Checking Rule Prereqs_RegInputOutputs (Rule 111 of total 260) .... done (Time = 0.00s, Memory = 0.4K)
Checking Rule PragmaComments-ML (Rule 112 of total 260) .... done (Time = 0.01s, Memory = 47.3K)
Checking Rule PragmaComments-ML (Rule 113 of total 260) .... done (Time = 0.01s, Memory = -0.5K)
Checking Rule CheckDelayTimescale-ML (Rule 114 of total 260) .... done (Time = 0.00s, Memory = 28.2K)
Checking Rule Prereqs_InclFileSetup-ML (Rule 115 of total 260) .... done (Time = 0.00s, Memory = 0.0K)
Checking ELABDU Rules for designUnit top
    Checking Rule syncRstReq (Rule 116 of total 260) .... done (Time = 0.01s, Memory = -30.6K)
    Checking Rule syncRstReq (Rule 117 of total 260) .... done (Time = 0.00s, Memory = 0.0K)
    Checking Rule AcOvlRtl (Rule 118 of total 260) .... done (Time = 0.00s, Memory = 0.5K)
    Checking Rule AcOvlRtl (Rule 119 of total 260) .... done (Time = 0.00s, Memory = 0.2K)
    Checking Rule Prereqs_STARC-2.3.6.1 (Rule 120 of total 260) .... done (Time = 0.00s, Memory = 0.0K)
    Checking Rule GenTopLevelBlocksForAutoSoc (Rule 121 of total 260) .... done (Time = 0.01s, Memory = 162.6K)
    Checking Rule STARC05-2.1.5.3 (Rule 122 of total 260) .... done (Time = 0.00s, Memory = 0.0K)
    Checking Rule STARC05-2.2.3.3 (Rule 123 of total 260) .... done (Time = 0.00s, Memory = 4.9K)
    Checking Rule STARC05-2.3.1.6 (Rule 124 of total 260) .... done (Time = 0.00s, Memory = 0.0K)
    Checking Rule STARC05-2.10.2.3 (Rule 125 of total 260) .... done (Time = 0.00s, Memory = -32.0K)
    Checking Rule STARC05-2.11.3.1 (Rule 126 of total 260) .... done (Time = 0.01s, Memory = 30.0K)
    Checking Rule STARC05-2.1.3.1 (Rule 127 of total 260) .... done (Time = 0.00s, Memory = 1.4K)
    Checking Rule W110 (Rule 128 of total 260) .... done (Time = 0.00s, Memory = -1.8K)
    Checking Rule W122 (Rule 129 of total 260) .... done (Time = 0.00s, Memory = -0.3K)
    Checking Rule W496a (Rule 130 of total 260) .... done (Time = 0.00s, Memory = 0.0K)
    Checking Rule W19 (Rule 131 of total 260) .... done (Time = 0.00s, Memory = 3.2K)
    Checking Rule W66 (Rule 132 of total 260) .... done (Time = 0.00s, Memory = 0.0K)
    Checking Rule W116 (Rule 133 of total 260) .... done (Time = 0.00s, Memory = 0.2K)
    Checking Rule W123 (Rule 134 of total 260) .... done (Time = 0.00s, Memory = 21.3K)
    Checking Rule W215 (Rule 135 of total 260) .... done (Time = 0.00s, Memory = 0.0K)
    Checking Rule W216 (Rule 136 of total 260) .... done (Time = 0.00s, Memory = -32.0K)
    Checking Rule W218 (Rule 137 of total 260) .... done (Time = 0.00s, Memory = 8.0K)
    Checking Rule W263 (Rule 138 of total 260) .... done (Time = 0.00s, Memory = 1.5K)
    Checking Rule W289 (Rule 139 of total 260) .... done (Time = 0.01s, Memory = 0.0K)
    Checking Rule W337 (Rule 140 of total 260) .... done (Time = 0.00s, Memory = 0.0K)
    Checking Rule W352 (Rule 141 of total 260) .... done (Time = 0.00s, Memory = 0.0K)
    Checking Rule W362 (Rule 142 of total 260) .... done (Time = 0.00s, Memory = 0.0K)
    Checking Rule W486 (Rule 143 of total 260) .... done (Time = 0.00s, Memory = 0.0K)
    Checking Rule W499 (Rule 144 of total 260) .... done (Time = 0.00s, Memory = 3.9K)
    Checking Rule W502 (Rule 145 of total 260) .... done (Time = 0.00s, Memory = 0.0K)
    Checking Rule W116 (Rule 146 of total 260) .... done (Time = 0.00s, Memory = 0.2K)
    Checking Rule W122 (Rule 147 of total 260) .... done (Time = 0.00s, Memory = 0.2K)
    Checking Rule W123 (Rule 148 of total 260) .... done (Time = 0.00s, Memory = 0.6K)
    Checking Rule W71 (Rule 149 of total 260) .... done (Time = 0.00s, Memory = 0.9K)
    Checking Rule W240 (Rule 150 of total 260) .... done (Time = 0.00s, Memory = 4.0K)
    Checking Rule W240 (Rule 151 of total 260) .... done (Time = 0.00s, Memory = 0.2K)
    Checking Rule W293 (Rule 152 of total 260) .... done (Time = 0.00s, Memory = 32.0K)
    Checking Rule W398 (Rule 153 of total 260) .... done (Time = 0.00s, Memory = -32.0K)
    Checking Rule W424 (Rule 154 of total 260) .... done (Time = 0.00s, Memory = 0.0K)
    Checking Rule W467 (Rule 155 of total 260) .... done (Time = 0.00s, Memory = -31.8K)
    Checking Rule W505 (Rule 156 of total 260) .... done (Time = 0.00s, Memory = 0.0K)
    Checking Rule W505 (Rule 157 of total 260) .... done (Time = 0.00s, Memory = 0.0K)
    Checking Rule Prereqs_Usage (Rule 158 of total 260) .... done (Time = 0.00s, Memory = -16.0K)
    Checking Rule Postreqs_CheckFuncTask (Rule 159 of total 260) .... done (Time = 0.00s, Memory = 0.0K)
    Checking Rule Prereqs_ConstantInput-ML (Rule 160 of total 260) .... done (Time = 0.00s, Memory = 0.0K)
    Checking Rule Prereqs_ConstantInput-ML (Rule 161 of total 260) .... done (Time = 0.00s, Memory = 0.0K)
    Checking Rule ReportPortInfo-ML (Rule 162 of total 260) .... done (Time = 0.00s, Memory = -40.4K)
    Checking Rule NoAssignX-ML (Rule 163 of total 260) .... done (Time = 0.00s, Memory = -32.0K)
    Checking Rule ParamWidthMismatch-ML (Rule 164 of total 260) .... done (Time = 0.00s, Memory = 0.0K)
    Checking Rule DuplicateCaseLabel-ML (Rule 165 of total 260) .... done (Time = 0.00s, Memory = 0.0K)
    Checking Rule Postreqs_Usage_ML (Rule 166 of total 260) .... done (Time = 0.00s, Memory = 0.0K)
    Checking Rule NoXInCase-ML (Rule 167 of total 260) .... done (Time = 0.00s, Memory = 0.0K)
Checking ELABDU Rules for designUnit cxs_if
    Checking Rule syncRstReq (Rule 116 of total 260) .... done (Time = 0.00s, Memory = 0.0K)
    Checking Rule syncRstReq (Rule 117 of total 260) .... done (Time = 0.00s, Memory = 0.0K)
    Checking Rule AcOvlRtl (Rule 118 of total 260) .... done (Time = 0.00s, Memory = 0.0K)
    Checking Rule AcOvlRtl (Rule 119 of total 260) .... done (Time = 0.00s, Memory = 0.2K)
    Checking Rule Prereqs_STARC-2.3.6.1 (Rule 120 of total 260) .... done (Time = 0.00s, Memory = 0.0K)
    Checking Rule GenTopLevelBlocksForAutoSoc (Rule 121 of total 260) .... done (Time = 0.00s, Memory = 0.0K)
    Checking Rule STARC05-2.1.5.3 (Rule 122 of total 260) .... done (Time = 0.00s, Memory = 0.0K)
    Checking Rule STARC05-2.2.3.3 (Rule 123 of total 260) .... done (Time = 0.00s, Memory = 0.0K)
    Checking Rule STARC05-2.3.1.6 (Rule 124 of total 260) .... done (Time = 0.00s, Memory = 0.0K)
    Checking Rule STARC05-2.10.2.3 (Rule 125 of total 260) .... done (Time = 0.00s, Memory = 32.0K)
    Checking Rule STARC05-2.11.3.1 (Rule 126 of total 260) .... done (Time = 0.00s, Memory = 0.0K)
    Checking Rule STARC05-2.1.3.1 (Rule 127 of total 260) .... done (Time = 0.00s, Memory = 32.0K)
    Checking Rule W110 (Rule 128 of total 260) .... done (Time = 0.00s, Memory = -32.0K)
    Checking Rule W122 (Rule 129 of total 260) .... done (Time = 0.00s, Memory = 0.4K)
    Checking Rule W496a (Rule 130 of total 260) .... done (Time = 0.00s, Memory = -9.0K)
    Checking Rule W19 (Rule 131 of total 260) .... done (Time = 0.00s, Memory = 11.6K)
    Checking Rule W66 (Rule 132 of total 260) .... done (Time = 0.00s, Memory = 8.0K)
    Checking Rule W116 (Rule 133 of total 260) .... done (Time = 0.00s, Memory = 24.0K)
    Checking Rule W123 (Rule 134 of total 260) .... done (Time = 0.00s, Memory = 21.3K)
    Checking Rule W215 (Rule 135 of total 260) .... done (Time = 0.00s, Memory = -0.9K)
    Checking Rule W216 (Rule 136 of total 260) .... done (Time = 0.00s, Memory = -0.2K)
    Checking Rule W218 (Rule 137 of total 260) .... done (Time = 0.00s, Memory = 0.0K)
    Checking Rule W263 (Rule 138 of total 260) .... done (Time = 0.00s, Memory = 0.0K)
    Checking Rule W289 (Rule 139 of total 260) .... done (Time = 0.00s, Memory = 0.0K)
    Checking Rule W337 (Rule 140 of total 260) .... done (Time = 0.00s, Memory = 0.0K)
    Checking Rule W352 (Rule 141 of total 260) .... done (Time = 0.00s, Memory = 0.0K)
    Checking Rule W362 (Rule 142 of total 260) .... done (Time = 0.00s, Memory = 1.0K)
    Checking Rule W486 (Rule 143 of total 260) .... done (Time = 0.00s, Memory = -32.0K)
    Checking Rule W499 (Rule 144 of total 260) .... done (Time = 0.00s, Memory = 0.0K)
    Checking Rule W502 (Rule 145 of total 260) .... done (Time = 0.00s, Memory = 0.0K)
    Checking Rule W116 (Rule 146 of total 260) .... done (Time = 0.00s, Memory = 0.2K)
    Checking Rule W122 (Rule 147 of total 260) .... done (Time = 0.00s, Memory = 0.2K)
    Checking Rule W123 (Rule 148 of total 260) .... done (Time = 0.00s, Memory = 0.6K)
    Checking Rule W71 (Rule 149 of total 260) .... done (Time = 0.00s, Memory = 0.0K)
    Checking Rule W240 (Rule 150 of total 260) .... done (Time = 0.00s, Memory = 0.0K)
    Checking Rule W240 (Rule 151 of total 260) .... done (Time = 0.00s, Memory = 0.2K)
    Checking Rule W293 (Rule 152 of total 260) .... done (Time = 0.00s, Memory = 0.0K)
    Checking Rule W398 (Rule 153 of total 260) .... done (Time = 0.00s, Memory = 0.0K)
    Checking Rule W424 (Rule 154 of total 260) .... done (Time = 0.00s, Memory = 0.0K)
    Checking Rule W467 (Rule 155 of total 260) .... done (Time = 0.00s, Memory = 1.0K)
    Checking Rule W505 (Rule 156 of total 260) .... done (Time = 0.00s, Memory = 0.0K)
    Checking Rule W505 (Rule 157 of total 260) .... done (Time = 0.00s, Memory = 0.0K)
    Checking Rule Prereqs_Usage (Rule 158 of total 260) .... done (Time = 0.00s, Memory = -16.0K)
    Checking Rule Postreqs_CheckFuncTask (Rule 159 of total 260) .... done (Time = 0.00s, Memory = 0.0K)
    Checking Rule Prereqs_ConstantInput-ML (Rule 160 of total 260) .... done (Time = 0.00s, Memory = 0.0K)
    Checking Rule Prereqs_ConstantInput-ML (Rule 161 of total 260) .... done (Time = 0.00s, Memory = 0.0K)
    Checking Rule ReportPortInfo-ML (Rule 162 of total 260) .... done (Time = 0.00s, Memory = 0.0K)
    Checking Rule NoAssignX-ML (Rule 163 of total 260) .... done (Time = 0.00s, Memory = 0.0K)
    Checking Rule ParamWidthMismatch-ML (Rule 164 of total 260) .... done (Time = 0.00s, Memory = 0.0K)
    Checking Rule DuplicateCaseLabel-ML (Rule 165 of total 260) .... done (Time = 0.00s, Memory = 0.0K)
    Checking Rule Postreqs_Usage_ML (Rule 166 of total 260) .... done (Time = 0.00s, Memory = 0.0K)
    Checking Rule NoXInCase-ML (Rule 167 of total 260) .... done (Time = 0.00s, Memory = 0.0K)
Checking ELABDU Rules for designUnit rx_interface
    Checking Rule syncRstReq (Rule 116 of total 260) .... done (Time = 0.00s, Memory = 0.0K)
    Checking Rule syncRstReq (Rule 117 of total 260) .... done (Time = 0.00s, Memory = 0.0K)
    Checking Rule AcOvlRtl (Rule 118 of total 260) .... done (Time = 0.00s, Memory = 0.0K)
    Checking Rule AcOvlRtl (Rule 119 of total 260) .... done (Time = 0.00s, Memory = 0.2K)
    Checking Rule Prereqs_STARC-2.3.6.1 (Rule 120 of total 260) .... done (Time = 0.00s, Memory = -8.0K)
    Checking Rule GenTopLevelBlocksForAutoSoc (Rule 121 of total 260) .... done (Time = 0.00s, Memory = 0.0K)
    Checking Rule STARC05-2.1.5.3 (Rule 122 of total 260) .... done (Time = 0.00s, Memory = 0.0K)
    Checking Rule STARC05-2.2.3.3 (Rule 123 of total 260) .... done (Time = 0.00s, Memory = 0.0K)
    Checking Rule STARC05-2.3.1.6 (Rule 124 of total 260) .... done (Time = 0.00s, Memory = 0.0K)
    Checking Rule STARC05-2.10.2.3 (Rule 125 of total 260) .... done (Time = 0.00s, Memory = 0.0K)
    Checking Rule STARC05-2.11.3.1 (Rule 126 of total 260) .... done (Time = 0.00s, Memory = 0.0K)
    Checking Rule STARC05-2.1.3.1 (Rule 127 of total 260) .... done (Time = 0.00s, Memory = 0.0K)
    Checking Rule W110 (Rule 128 of total 260) .... done (Time = 0.00s, Memory = 34.6K)
    Checking Rule W122 (Rule 129 of total 260) .... done (Time = 0.00s, Memory = -8.0K)
    Checking Rule W496a (Rule 130 of total 260) .... done (Time = 0.00s, Memory = 0.0K)
    Checking Rule W19 (Rule 131 of total 260) .... done (Time = 0.00s, Memory = 0.0K)
    Checking Rule W66 (Rule 132 of total 260) .... done (Time = 0.00s, Memory = 32.0K)
    Checking Rule W116 (Rule 133 of total 260) .... done (Time = 0.00s, Memory = 0.0K)
    Checking Rule W123 (Rule 134 of total 260) .... done (Time = 0.00s, Memory = 48.0K)
    Checking Rule W215 (Rule 135 of total 260) .... done (Time = 0.00s, Memory = 0.0K)
    Checking Rule W216 (Rule 136 of total 260) .... done (Time = 0.00s, Memory = 31.6K)
    Checking Rule W218 (Rule 137 of total 260) .... done (Time = 0.00s, Memory = 32.0K)
    Checking Rule W263 (Rule 138 of total 260) .... done (Time = 0.00s, Memory = 32.0K)
    Checking Rule W289 (Rule 139 of total 260) .... done (Time = 0.00s, Memory = 32.0K)
    Checking Rule W337 (Rule 140 of total 260) .... done (Time = 0.00s, Memory = 0.0K)
    Checking Rule W352 (Rule 141 of total 260) .... done (Time = 0.00s, Memory = -0.1K)
    Checking Rule W362 (Rule 142 of total 260) .... done (Time = 0.00s, Memory = 0.0K)
    Checking Rule W486 (Rule 143 of total 260) .... done (Time = 0.00s, Memory = 0.0K)
    Checking Rule W499 (Rule 144 of total 260) .... done (Time = 0.00s, Memory = 0.0K)
    Checking Rule W502 (Rule 145 of total 260) .... done (Time = 0.00s, Memory = -32.0K)
    Checking Rule W116 (Rule 146 of total 260) .... done (Time = 0.00s, Memory = 0.2K)
    Checking Rule W122 (Rule 147 of total 260) .... done (Time = 0.00s, Memory = 0.2K)
    Checking Rule W123 (Rule 148 of total 260) .... done (Time = 0.00s, Memory = 0.6K)
    Checking Rule W71 (Rule 149 of total 260) .... done (Time = 0.00s, Memory = 32.0K)
    Checking Rule W240 (Rule 150 of total 260) .... done (Time = 0.00s, Memory = -1.4K)
    Checking Rule W240 (Rule 151 of total 260) .... done (Time = 0.00s, Memory = 0.2K)
    Checking Rule W293 (Rule 152 of total 260) .... done (Time = 0.00s, Memory = 0.0K)
    Checking Rule W398 (Rule 153 of total 260) .... done (Time = 0.00s, Memory = 0.0K)
    Checking Rule W424 (Rule 154 of total 260) .... done (Time = 0.00s, Memory = 0.0K)
    Checking Rule W467 (Rule 155 of total 260) .... done (Time = 0.00s, Memory = -2.5K)
    Checking Rule W505 (Rule 156 of total 260) .... done (Time = 0.00s, Memory = 0.0K)
    Checking Rule W505 (Rule 157 of total 260) .... done (Time = 0.00s, Memory = 0.0K)
    Checking Rule Prereqs_Usage (Rule 158 of total 260) .... done (Time = 0.00s, Memory = -16.0K)
    Checking Rule Postreqs_CheckFuncTask (Rule 159 of total 260) .... done (Time = 0.00s, Memory = 3.0K)
    Checking Rule Prereqs_ConstantInput-ML (Rule 160 of total 260) .... done (Time = 0.00s, Memory = 32.0K)
    Checking Rule Prereqs_ConstantInput-ML (Rule 161 of total 260) .... done (Time = 0.00s, Memory = 0.0K)
    Checking Rule ReportPortInfo-ML (Rule 162 of total 260) .... done (Time = 0.00s, Memory = 0.0K)
    Checking Rule NoAssignX-ML (Rule 163 of total 260) .... done (Time = 0.00s, Memory = 0.0K)
    Checking Rule ParamWidthMismatch-ML (Rule 164 of total 260) .... done (Time = 0.00s, Memory = 0.0K)
    Checking Rule DuplicateCaseLabel-ML (Rule 165 of total 260) .... done (Time = 0.00s, Memory = 32.0K)
    Checking Rule Postreqs_Usage_ML (Rule 166 of total 260) .... done (Time = 0.00s, Memory = 0.0K)
    Checking Rule NoXInCase-ML (Rule 167 of total 260) .... done (Time = 0.00s, Memory = 0.0K)
Checking ELABDU Rules for designUnit flit_fifo
    Checking Rule syncRstReq (Rule 116 of total 260) .... done (Time = 0.00s, Memory = 32.8K)
    Checking Rule syncRstReq (Rule 117 of total 260) .... done (Time = 0.00s, Memory = 0.0K)
    Checking Rule AcOvlRtl (Rule 118 of total 260) .... done (Time = 0.00s, Memory = 0.0K)
    Checking Rule AcOvlRtl (Rule 119 of total 260) .... done (Time = 0.00s, Memory = 0.2K)
    Checking Rule Prereqs_STARC-2.3.6.1 (Rule 120 of total 260) .... done (Time = 0.00s, Memory = 0.0K)
    Checking Rule GenTopLevelBlocksForAutoSoc (Rule 121 of total 260) .... done (Time = 0.00s, Memory = 0.0K)
    Checking Rule STARC05-2.1.5.3 (Rule 122 of total 260) .... done (Time = 0.00s, Memory = 0.0K)
    Checking Rule STARC05-2.2.3.3 (Rule 123 of total 260) .... done (Time = 0.00s, Memory = 12.7K)
    Checking Rule STARC05-2.3.1.6 (Rule 124 of total 260) .... done (Time = 0.00s, Memory = 0.0K)
    Checking Rule STARC05-2.10.2.3 (Rule 125 of total 260) .... done (Time = 0.00s, Memory = 7.3K)
    Checking Rule STARC05-2.11.3.1 (Rule 126 of total 260) .... done (Time = 0.00s, Memory = 32.8K)
    Checking Rule STARC05-2.1.3.1 (Rule 127 of total 260) .... done (Time = 0.00s, Memory = 38.0K)
    Checking Rule W110 (Rule 128 of total 260) .... done (Time = 0.00s, Memory = 24.0K)
    Checking Rule W122 (Rule 129 of total 260) .... done (Time = 0.00s, Memory = 0.0K)
    Checking Rule W496a (Rule 130 of total 260) .... done (Time = 0.00s, Memory = 0.0K)
    Checking Rule W19 (Rule 131 of total 260) .... done (Time = 0.00s, Memory = -32.5K)
    Checking Rule W66 (Rule 132 of total 260) .... done (Time = 0.00s, Memory = 0.0K)
    Checking Rule W116 (Rule 133 of total 260) .... done (Time = 0.00s, Memory = 0.0K)
    Checking Rule W123 (Rule 134 of total 260) .... done (Time = 0.00s, Memory = 22.2K)
    Checking Rule W215 (Rule 135 of total 260) .... done (Time = 0.00s, Memory = 0.0K)
    Checking Rule W216 (Rule 136 of total 260) .... done (Time = 0.00s, Memory = 0.0K)
    Checking Rule W218 (Rule 137 of total 260) .... done (Time = 0.01s, Memory = 0.0K)
    Checking Rule W263 (Rule 138 of total 260) .... done (Time = 0.00s, Memory = 0.0K)
    Checking Rule W289 (Rule 139 of total 260) .... done (Time = 0.00s, Memory = 0.0K)
    Checking Rule W337 (Rule 140 of total 260) .... done (Time = 0.00s, Memory = 0.0K)
    Checking Rule W352 (Rule 141 of total 260) .... done (Time = 0.00s, Memory = 0.0K)
    Checking Rule W362 (Rule 142 of total 260) .... done (Time = 0.00s, Memory = 0.5K)
    Checking Rule W486 (Rule 143 of total 260) .... done (Time = 0.00s, Memory = 0.0K)
    Checking Rule W499 (Rule 144 of total 260) .... done (Time = 0.00s, Memory = 7.5K)
    Checking Rule W502 (Rule 145 of total 260) .... done (Time = 0.00s, Memory = 0.0K)
    Checking Rule W116 (Rule 146 of total 260) .... done (Time = 0.00s, Memory = 0.2K)
    Checking Rule W122 (Rule 147 of total 260) .... done (Time = 0.00s, Memory = 0.2K)
    Checking Rule W123 (Rule 148 of total 260) .... done (Time = 0.00s, Memory = 0.6K)
    Checking Rule W71 (Rule 149 of total 260) .... done (Time = 0.00s, Memory = 0.0K)
    Checking Rule W240 (Rule 150 of total 260) .... done (Time = 0.00s, Memory = 8.0K)
    Checking Rule W240 (Rule 151 of total 260) .... done (Time = 0.00s, Memory = 0.2K)
    Checking Rule W293 (Rule 152 of total 260) .... done (Time = 0.00s, Memory = 0.0K)
    Checking Rule W398 (Rule 153 of total 260) .... done (Time = 0.00s, Memory = 0.0K)
    Checking Rule W424 (Rule 154 of total 260) .... done (Time = 0.00s, Memory = 0.0K)
    Checking Rule W467 (Rule 155 of total 260) .... done (Time = 0.00s, Memory = 0.0K)
    Checking Rule W505 (Rule 156 of total 260) .... done (Time = 0.00s, Memory = 0.0K)
    Checking Rule W505 (Rule 157 of total 260) .... done (Time = 0.00s, Memory = 0.0K)
    Checking Rule Prereqs_Usage (Rule 158 of total 260) .... done (Time = 0.00s, Memory = -16.0K)
    Checking Rule Postreqs_CheckFuncTask (Rule 159 of total 260) .... done (Time = 0.00s, Memory = 0.0K)
    Checking Rule Prereqs_ConstantInput-ML (Rule 160 of total 260) .... done (Time = 0.00s, Memory = 0.0K)
    Checking Rule Prereqs_ConstantInput-ML (Rule 161 of total 260) .... done (Time = 0.00s, Memory = 0.0K)
    Checking Rule ReportPortInfo-ML (Rule 162 of total 260) .... done (Time = 0.00s, Memory = 0.0K)
    Checking Rule NoAssignX-ML (Rule 163 of total 260) .... done (Time = 0.00s, Memory = 0.0K)
    Checking Rule ParamWidthMismatch-ML (Rule 164 of total 260) .... done (Time = 0.00s, Memory = 0.0K)
    Checking Rule DuplicateCaseLabel-ML (Rule 165 of total 260) .... done (Time = 0.00s, Memory = 0.0K)
    Checking Rule Postreqs_Usage_ML (Rule 166 of total 260) .... done (Time = 0.00s, Memory = 0.0K)
    Checking Rule NoXInCase-ML (Rule 167 of total 260) .... done (Time = 0.00s, Memory = 0.0K)
Checking ELABDU Rules for designUnit credit_manager
    Checking Rule syncRstReq (Rule 116 of total 260) .... done (Time = 0.00s, Memory = -8.0K)
    Checking Rule syncRstReq (Rule 117 of total 260) .... done (Time = 0.00s, Memory = 0.0K)
    Checking Rule AcOvlRtl (Rule 118 of total 260) .... done (Time = 0.00s, Memory = 0.0K)
    Checking Rule AcOvlRtl (Rule 119 of total 260) .... done (Time = 0.00s, Memory = 0.2K)
    Checking Rule Prereqs_STARC-2.3.6.1 (Rule 120 of total 260) .... done (Time = 0.00s, Memory = 0.0K)
    Checking Rule GenTopLevelBlocksForAutoSoc (Rule 121 of total 260) .... done (Time = 0.00s, Memory = 0.0K)
    Checking Rule STARC05-2.1.5.3 (Rule 122 of total 260) .... done (Time = 0.00s, Memory = 0.0K)
    Checking Rule STARC05-2.2.3.3 (Rule 123 of total 260) .... done (Time = 0.00s, Memory = 0.0K)
    Checking Rule STARC05-2.3.1.6 (Rule 124 of total 260) .... done (Time = 0.00s, Memory = 0.0K)
    Checking Rule STARC05-2.10.2.3 (Rule 125 of total 260) .... done (Time = 0.00s, Memory = 0.0K)
    Checking Rule STARC05-2.11.3.1 (Rule 126 of total 260) .... done (Time = 0.00s, Memory = -0.8K)
    Checking Rule STARC05-2.1.3.1 (Rule 127 of total 260) .... done (Time = 0.00s, Memory = 15.0K)
    Checking Rule W110 (Rule 128 of total 260) .... done (Time = 0.00s, Memory = 0.0K)
    Checking Rule W122 (Rule 129 of total 260) .... done (Time = 0.00s, Memory = -8.2K)
    Checking Rule W496a (Rule 130 of total 260) .... done (Time = 0.00s, Memory = 32.0K)
    Checking Rule W19 (Rule 131 of total 260) .... done (Time = 0.00s, Memory = 0.0K)
    Checking Rule W66 (Rule 132 of total 260) .... done (Time = 0.00s, Memory = 0.0K)
    Checking Rule W116 (Rule 133 of total 260) .... done (Time = 0.00s, Memory = 32.0K)
    Checking Rule W123 (Rule 134 of total 260) .... done (Time = 0.00s, Memory = 13.9K)
    Checking Rule W215 (Rule 135 of total 260) .... done (Time = 0.00s, Memory = 0.0K)
    Checking Rule W216 (Rule 136 of total 260) .... done (Time = 0.00s, Memory = 0.0K)
    Checking Rule W218 (Rule 137 of total 260) .... done (Time = 0.00s, Memory = 0.0K)
    Checking Rule W263 (Rule 138 of total 260) .... done (Time = 0.00s, Memory = 0.0K)
    Checking Rule W289 (Rule 139 of total 260) .... done (Time = 0.00s, Memory = 0.0K)
    Checking Rule W337 (Rule 140 of total 260) .... done (Time = 0.00s, Memory = 6.2K)
    Checking Rule W352 (Rule 141 of total 260) .... done (Time = 0.00s, Memory = -2.0K)
    Checking Rule W362 (Rule 142 of total 260) .... done (Time = 0.00s, Memory = 0.0K)
    Checking Rule W486 (Rule 143 of total 260) .... done (Time = 0.00s, Memory = 0.0K)
    Checking Rule W499 (Rule 144 of total 260) .... done (Time = 0.00s, Memory = 0.0K)
    Checking Rule W502 (Rule 145 of total 260) .... done (Time = 0.00s, Memory = 0.0K)
    Checking Rule W116 (Rule 146 of total 260) .... done (Time = 0.00s, Memory = 0.2K)
    Checking Rule W122 (Rule 147 of total 260) .... done (Time = 0.00s, Memory = 0.2K)
    Checking Rule W123 (Rule 148 of total 260) .... done (Time = 0.00s, Memory = 0.6K)
    Checking Rule W71 (Rule 149 of total 260) .... done (Time = 0.00s, Memory = 0.0K)
    Checking Rule W240 (Rule 150 of total 260) .... done (Time = 0.00s, Memory = -31.8K)
    Checking Rule W240 (Rule 151 of total 260) .... done (Time = 0.00s, Memory = 0.2K)
    Checking Rule W293 (Rule 152 of total 260) .... done (Time = 0.00s, Memory = -32.4K)
    Checking Rule W398 (Rule 153 of total 260) .... done (Time = 0.00s, Memory = 0.0K)
    Checking Rule W424 (Rule 154 of total 260) .... done (Time = 0.00s, Memory = 0.0K)
    Checking Rule W467 (Rule 155 of total 260) .... done (Time = 0.00s, Memory = 0.0K)
    Checking Rule W505 (Rule 156 of total 260) .... done (Time = 0.00s, Memory = 0.9K)
    Checking Rule W505 (Rule 157 of total 260) .... done (Time = 0.00s, Memory = 0.0K)
    Checking Rule Prereqs_Usage (Rule 158 of total 260) .... done (Time = 0.00s, Memory = -16.8K)
    Checking Rule Postreqs_CheckFuncTask (Rule 159 of total 260) .... done (Time = 0.00s, Memory = 0.0K)
    Checking Rule Prereqs_ConstantInput-ML (Rule 160 of total 260) .... done (Time = 0.00s, Memory = 0.0K)
    Checking Rule Prereqs_ConstantInput-ML (Rule 161 of total 260) .... done (Time = 0.00s, Memory = 0.0K)
    Checking Rule ReportPortInfo-ML (Rule 162 of total 260) .... done (Time = 0.00s, Memory = 0.0K)
    Checking Rule NoAssignX-ML (Rule 163 of total 260) .... done (Time = 0.00s, Memory = 0.0K)
    Checking Rule ParamWidthMismatch-ML (Rule 164 of total 260) .... done (Time = 0.00s, Memory = 0.0K)
    Checking Rule DuplicateCaseLabel-ML (Rule 165 of total 260) .... done (Time = 0.00s, Memory = 0.0K)
    Checking Rule Postreqs_Usage_ML (Rule 166 of total 260) .... done (Time = 0.00s, Memory = 0.0K)
    Checking Rule NoXInCase-ML (Rule 167 of total 260) .... done (Time = 0.00s, Memory = 0.0K)
Checking ELABDU Rules for designUnit packet_formatter
    Checking Rule syncRstReq (Rule 116 of total 260) .... done (Time = 0.00s, Memory = 0.0K)
    Checking Rule syncRstReq (Rule 117 of total 260) .... done (Time = 0.00s, Memory = 0.0K)
    Checking Rule AcOvlRtl (Rule 118 of total 260) .... done (Time = 0.00s, Memory = 32.0K)
    Checking Rule AcOvlRtl (Rule 119 of total 260) .... done (Time = 0.00s, Memory = 0.2K)
    Checking Rule Prereqs_STARC-2.3.6.1 (Rule 120 of total 260) .... done (Time = 0.00s, Memory = 0.0K)
    Checking Rule GenTopLevelBlocksForAutoSoc (Rule 121 of total 260) .... done (Time = 0.00s, Memory = -30.1K)
    Checking Rule STARC05-2.1.5.3 (Rule 122 of total 260) .... done (Time = 0.00s, Memory = 32.0K)
    Checking Rule STARC05-2.2.3.3 (Rule 123 of total 260) .... done (Time = 0.00s, Memory = 0.0K)
    Checking Rule STARC05-2.3.1.6 (Rule 124 of total 260) .... done (Time = 0.00s, Memory = -32.0K)
    Checking Rule STARC05-2.10.2.3 (Rule 125 of total 260) .... done (Time = 0.00s, Memory = -33.0K)
    Checking Rule STARC05-2.11.3.1 (Rule 126 of total 260) .... done (Time = 0.00s, Memory = 33.0K)
    Checking Rule STARC05-2.1.3.1 (Rule 127 of total 260) .... done (Time = 0.00s, Memory = -28.4K)
    Checking Rule W110 (Rule 128 of total 260) .... done (Time = 0.00s, Memory = 0.0K)
    Checking Rule W122 (Rule 129 of total 260) .... done (Time = 0.00s, Memory = 0.0K)
    Checking Rule W496a (Rule 130 of total 260) .... done (Time = 0.00s, Memory = 0.3K)
    Checking Rule W19 (Rule 131 of total 260) .... done (Time = 0.00s, Memory = -29.5K)
    Checking Rule W66 (Rule 132 of total 260) .... done (Time = 0.00s, Memory = 31.7K)
    Checking Rule W116 (Rule 133 of total 260) .... done (Time = 0.00s, Memory = 31.7K)
    Checking Rule W123 (Rule 134 of total 260) .... done (Time = 0.01s, Memory = -2.7K)
    Checking Rule W215 (Rule 135 of total 260) .... done (Time = 0.00s, Memory = 0.0K)
    Checking Rule W216 (Rule 136 of total 260) .... done (Time = 0.00s, Memory = 0.0K)
    Checking Rule W218 (Rule 137 of total 260) .... done (Time = 0.00s, Memory = -7.8K)
    Checking Rule W263 (Rule 138 of total 260) .... done (Time = 0.00s, Memory = 16.8K)
    Checking Rule W289 (Rule 139 of total 260) .... done (Time = 0.00s, Memory = 0.0K)
    Checking Rule W337 (Rule 140 of total 260) .... done (Time = 0.00s, Memory = 32.0K)
    Checking Rule W352 (Rule 141 of total 260) .... done (Time = 0.00s, Memory = 0.0K)
    Checking Rule W362 (Rule 142 of total 260) .... done (Time = 0.00s, Memory = 0.0K)
    Checking Rule W486 (Rule 143 of total 260) .... done (Time = 0.00s, Memory = -32.0K)
    Checking Rule W499 (Rule 144 of total 260) .... done (Time = 0.00s, Memory = -0.6K)
    Checking Rule W502 (Rule 145 of total 260) .... done (Time = 0.00s, Memory = 31.8K)
    Checking Rule W116 (Rule 146 of total 260) .... done (Time = 0.00s, Memory = 0.2K)
    Checking Rule W122 (Rule 147 of total 260) .... done (Time = 0.00s, Memory = 0.2K)
    Checking Rule W123 (Rule 148 of total 260) .... done (Time = 0.00s, Memory = 0.6K)
    Checking Rule W71 (Rule 149 of total 260) .... done (Time = 0.00s, Memory = 0.0K)
    Checking Rule W240 (Rule 150 of total 260) .... done (Time = 0.00s, Memory = 0.0K)
    Checking Rule W240 (Rule 151 of total 260) .... done (Time = 0.00s, Memory = 0.2K)
    Checking Rule W293 (Rule 152 of total 260) .... done (Time = 0.00s, Memory = 32.0K)
    Checking Rule W398 (Rule 153 of total 260) .... done (Time = 0.00s, Memory = 32.0K)
    Checking Rule W424 (Rule 154 of total 260) .... done (Time = 0.00s, Memory = -32.0K)
    Checking Rule W467 (Rule 155 of total 260) .... done (Time = 0.01s, Memory = 0.9K)
    Checking Rule W505 (Rule 156 of total 260) .... done (Time = 0.00s, Memory = 0.9K)
    Checking Rule W505 (Rule 157 of total 260) .... done (Time = 0.00s, Memory = 0.0K)
    Checking Rule Prereqs_Usage (Rule 158 of total 260) .... done (Time = 0.00s, Memory = -19.1K)
    Checking Rule Postreqs_CheckFuncTask (Rule 159 of total 260) .... done (Time = 0.00s, Memory = -32.0K)
    Checking Rule Prereqs_ConstantInput-ML (Rule 160 of total 260) .... done (Time = 0.00s, Memory = -32.0K)
    Checking Rule Prereqs_ConstantInput-ML (Rule 161 of total 260) .... done (Time = 0.00s, Memory = 0.0K)
    Checking Rule ReportPortInfo-ML (Rule 162 of total 260) .... done (Time = 0.00s, Memory = 31.6K)
    Checking Rule NoAssignX-ML (Rule 163 of total 260) .... done (Time = 0.00s, Memory = 32.0K)
    Checking Rule ParamWidthMismatch-ML (Rule 164 of total 260) .... done (Time = 0.00s, Memory = -32.0K)
    Checking Rule DuplicateCaseLabel-ML (Rule 165 of total 260) .... done (Time = 0.00s, Memory = 30.1K)
    Checking Rule Postreqs_Usage_ML (Rule 166 of total 260) .... done (Time = 0.00s, Memory = -24.0K)
    Checking Rule NoXInCase-ML (Rule 167 of total 260) .... done (Time = 0.00s, Memory = 0.0K)
Checking ELABDU Rules for designUnit packet_encoder
    Checking Rule syncRstReq (Rule 116 of total 260) .... done (Time = 0.00s, Memory = 0.0K)
    Checking Rule syncRstReq (Rule 117 of total 260) .... done (Time = 0.00s, Memory = 0.0K)
    Checking Rule AcOvlRtl (Rule 118 of total 260) .... done (Time = 0.00s, Memory = 0.0K)
    Checking Rule AcOvlRtl (Rule 119 of total 260) .... done (Time = 0.00s, Memory = 0.2K)
    Checking Rule Prereqs_STARC-2.3.6.1 (Rule 120 of total 260) .... done (Time = 0.00s, Memory = 0.0K)
    Checking Rule GenTopLevelBlocksForAutoSoc (Rule 121 of total 260) .... done (Time = 0.00s, Memory = 0.0K)
    Checking Rule STARC05-2.1.5.3 (Rule 122 of total 260) .... done (Time = 0.00s, Memory = 0.0K)
    Checking Rule STARC05-2.2.3.3 (Rule 123 of total 260) .... done (Time = 0.00s, Memory = 3.9K)
    Checking Rule STARC05-2.3.1.6 (Rule 124 of total 260) .... done (Time = 0.00s, Memory = 32.2K)
    Checking Rule STARC05-2.10.2.3 (Rule 125 of total 260) .... done (Time = 0.00s, Memory = 35.1K)
    Checking Rule STARC05-2.11.3.1 (Rule 126 of total 260) .... done (Time = 0.00s, Memory = 32.0K)
    Checking Rule STARC05-2.1.3.1 (Rule 127 of total 260) .... done (Time = 0.00s, Memory = 0.0K)
    Checking Rule W110 (Rule 128 of total 260) .... done (Time = 0.00s, Memory = 0.0K)
    Checking Rule W122 (Rule 129 of total 260) .... done (Time = 0.01s, Memory = 6.2K)
    Checking Rule W496a (Rule 130 of total 260) .... done (Time = 0.00s, Memory = 0.0K)
    Checking Rule W19 (Rule 131 of total 260) .... done (Time = 0.00s, Memory = 32.0K)
    Checking Rule W66 (Rule 132 of total 260) .... done (Time = 0.00s, Memory = -32.0K)
    Checking Rule W116 (Rule 133 of total 260) .... done (Time = 0.00s, Memory = 0.0K)
    Checking Rule W123 (Rule 134 of total 260) .... done (Time = 0.00s, Memory = -18.2K)
    Checking Rule W215 (Rule 135 of total 260) .... done (Time = 0.00s, Memory = -1.2K)
    Checking Rule W216 (Rule 136 of total 260) .... done (Time = 0.00s, Memory = 0.0K)
    Checking Rule W218 (Rule 137 of total 260) .... done (Time = 0.00s, Memory = 0.0K)
    Checking Rule W263 (Rule 138 of total 260) .... done (Time = 0.00s, Memory = 0.0K)
    Checking Rule W289 (Rule 139 of total 260) .... done (Time = 0.00s, Memory = 0.0K)
    Checking Rule W337 (Rule 140 of total 260) .... done (Time = 0.00s, Memory = 30.0K)
    Checking Rule W352 (Rule 141 of total 260) .... done (Time = 0.00s, Memory = 0.0K)
    Checking Rule W362 (Rule 142 of total 260) .... done (Time = 0.00s, Memory = -1.2K)
    Checking Rule W486 (Rule 143 of total 260) .... done (Time = 0.00s, Memory = 0.0K)
    Checking Rule W499 (Rule 144 of total 260) .... done (Time = 0.00s, Memory = 0.0K)
    Checking Rule W502 (Rule 145 of total 260) .... done (Time = 0.00s, Memory = 0.0K)
    Checking Rule W116 (Rule 146 of total 260) .... done (Time = 0.00s, Memory = 0.2K)
    Checking Rule W122 (Rule 147 of total 260) .... done (Time = 0.00s, Memory = 0.2K)
    Checking Rule W123 (Rule 148 of total 260) .... done (Time = 0.00s, Memory = 0.6K)
    Checking Rule W71 (Rule 149 of total 260) .... done (Time = 0.00s, Memory = 0.0K)
    Checking Rule W240 (Rule 150 of total 260) .... done (Time = 0.00s, Memory = -30.4K)
    Checking Rule W240 (Rule 151 of total 260) .... done (Time = 0.00s, Memory = 0.2K)
    Checking Rule W293 (Rule 152 of total 260) .... done (Time = 0.00s, Memory = 32.0K)
    Checking Rule W398 (Rule 153 of total 260) .... done (Time = 0.00s, Memory = 0.0K)
    Checking Rule W424 (Rule 154 of total 260) .... done (Time = 0.00s, Memory = 0.0K)
    Checking Rule W467 (Rule 155 of total 260) .... done (Time = 0.00s, Memory = -0.7K)
    Checking Rule W505 (Rule 156 of total 260) .... done (Time = 0.00s, Memory = 0.0K)
    Checking Rule W505 (Rule 157 of total 260) .... done (Time = 0.00s, Memory = 0.0K)
    Checking Rule Prereqs_Usage (Rule 158 of total 260) .... done (Time = 0.00s, Memory = -16.0K)
    Checking Rule Postreqs_CheckFuncTask (Rule 159 of total 260) .... done (Time = 0.00s, Memory = 0.0K)
    Checking Rule Prereqs_ConstantInput-ML (Rule 160 of total 260) .... done (Time = 0.00s, Memory = 0.0K)
    Checking Rule Prereqs_ConstantInput-ML (Rule 161 of total 260) .... done (Time = 0.00s, Memory = 0.0K)
    Checking Rule ReportPortInfo-ML (Rule 162 of total 260) .... done (Time = 0.00s, Memory = 0.0K)
    Checking Rule NoAssignX-ML (Rule 163 of total 260) .... done (Time = 0.00s, Memory = 0.0K)
    Checking Rule ParamWidthMismatch-ML (Rule 164 of total 260) .... done (Time = 0.00s, Memory = 0.0K)
    Checking Rule DuplicateCaseLabel-ML (Rule 165 of total 260) .... done (Time = 0.00s, Memory = 0.0K)
    Checking Rule Postreqs_Usage_ML (Rule 166 of total 260) .... done (Time = 0.00s, Memory = 0.0K)
    Checking Rule NoXInCase-ML (Rule 167 of total 260) .... done (Time = 0.00s, Memory = 0.0K)
Checking ELABDU Rules for designUnit tx_interface
    Checking Rule syncRstReq (Rule 116 of total 260) .... done (Time = 0.00s, Memory = 32.0K)
    Checking Rule syncRstReq (Rule 117 of total 260) .... done (Time = 0.00s, Memory = 0.0K)
    Checking Rule AcOvlRtl (Rule 118 of total 260) .... done (Time = 0.00s, Memory = 0.0K)
    Checking Rule AcOvlRtl (Rule 119 of total 260) .... done (Time = 0.00s, Memory = 0.2K)
    Checking Rule Prereqs_STARC-2.3.6.1 (Rule 120 of total 260) .... done (Time = 0.00s, Memory = 0.0K)
    Checking Rule GenTopLevelBlocksForAutoSoc (Rule 121 of total 260) .... done (Time = 0.00s, Memory = 0.0K)
    Checking Rule STARC05-2.1.5.3 (Rule 122 of total 260) .... done (Time = 0.00s, Memory = -28.2K)
    Checking Rule STARC05-2.2.3.3 (Rule 123 of total 260) .... done (Time = 0.00s, Memory = 30.3K)
    Checking Rule STARC05-2.3.1.6 (Rule 124 of total 260) .... done (Time = 0.00s, Memory = 0.0K)
    Checking Rule STARC05-2.10.2.3 (Rule 125 of total 260) .... done (Time = 0.00s, Memory = 0.0K)
    Checking Rule STARC05-2.11.3.1 (Rule 126 of total 260) .... done (Time = 0.00s, Memory = 0.0K)
    Checking Rule STARC05-2.1.3.1 (Rule 127 of total 260) .... done (Time = 0.00s, Memory = 15.0K)
    Checking Rule W110 (Rule 128 of total 260) .... done (Time = 0.00s, Memory = 0.0K)
    Checking Rule W122 (Rule 129 of total 260) .... done (Time = 0.00s, Memory = 0.0K)
    Checking Rule W496a (Rule 130 of total 260) .... done (Time = 0.00s, Memory = -32.0K)
    Checking Rule W19 (Rule 131 of total 260) .... done (Time = 0.00s, Memory = 32.9K)
    Checking Rule W66 (Rule 132 of total 260) .... done (Time = 0.00s, Memory = 4.0K)
    Checking Rule W116 (Rule 133 of total 260) .... done (Time = 0.00s, Memory = -32.0K)
    Checking Rule W123 (Rule 134 of total 260) .... done (Time = 0.00s, Memory = -12.9K)
    Checking Rule W215 (Rule 135 of total 260) .... done (Time = 0.00s, Memory = 0.0K)
    Checking Rule W216 (Rule 136 of total 260) .... done (Time = 0.00s, Memory = 0.0K)
    Checking Rule W218 (Rule 137 of total 260) .... done (Time = 0.00s, Memory = 0.0K)
    Checking Rule W263 (Rule 138 of total 260) .... done (Time = 0.00s, Memory = -0.1K)
    Checking Rule W289 (Rule 139 of total 260) .... done (Time = 0.00s, Memory = 8.0K)
    Checking Rule W337 (Rule 140 of total 260) .... done (Time = 0.00s, Memory = 0.0K)
    Checking Rule W352 (Rule 141 of total 260) .... done (Time = 0.00s, Memory = 0.0K)
    Checking Rule W362 (Rule 142 of total 260) .... done (Time = 0.00s, Memory = 0.0K)
    Checking Rule W486 (Rule 143 of total 260) .... done (Time = 0.00s, Memory = 0.0K)
    Checking Rule W499 (Rule 144 of total 260) .... done (Time = 0.00s, Memory = 0.4K)
    Checking Rule W502 (Rule 145 of total 260) .... done (Time = 0.00s, Memory = 0.0K)
    Checking Rule W116 (Rule 146 of total 260) .... done (Time = 0.00s, Memory = 0.2K)
    Checking Rule W122 (Rule 147 of total 260) .... done (Time = 0.00s, Memory = 0.2K)
    Checking Rule W123 (Rule 148 of total 260) .... done (Time = 0.00s, Memory = 0.6K)
    Checking Rule W71 (Rule 149 of total 260) .... done (Time = 0.00s, Memory = 0.0K)
    Checking Rule W240 (Rule 150 of total 260) .... done (Time = 0.00s, Memory = 0.0K)
    Checking Rule W240 (Rule 151 of total 260) .... done (Time = 0.00s, Memory = 0.2K)
    Checking Rule W293 (Rule 152 of total 260) .... done (Time = 0.00s, Memory = 0.0K)
    Checking Rule W398 (Rule 153 of total 260) .... done (Time = 0.00s, Memory = -32.0K)
    Checking Rule W424 (Rule 154 of total 260) .... done (Time = 0.00s, Memory = 0.0K)
    Checking Rule W467 (Rule 155 of total 260) .... done (Time = 0.00s, Memory = 0.4K)
    Checking Rule W505 (Rule 156 of total 260) .... done (Time = 0.00s, Memory = 32.9K)
    Checking Rule W505 (Rule 157 of total 260) .... done (Time = 0.00s, Memory = 0.0K)
    Checking Rule Prereqs_Usage (Rule 158 of total 260) .... done (Time = 0.00s, Memory = -16.0K)
    Checking Rule Postreqs_CheckFuncTask (Rule 159 of total 260) .... done (Time = 0.00s, Memory = 0.0K)
    Checking Rule Prereqs_ConstantInput-ML (Rule 160 of total 260) .... done (Time = 0.00s, Memory = 0.0K)
    Checking Rule Prereqs_ConstantInput-ML (Rule 161 of total 260) .... done (Time = 0.00s, Memory = 0.0K)
    Checking Rule ReportPortInfo-ML (Rule 162 of total 260) .... done (Time = 0.00s, Memory = 0.0K)
    Checking Rule NoAssignX-ML (Rule 163 of total 260) .... done (Time = 0.00s, Memory = 32.0K)
    Checking Rule ParamWidthMismatch-ML (Rule 164 of total 260) .... done (Time = 0.00s, Memory = 0.0K)
    Checking Rule DuplicateCaseLabel-ML (Rule 165 of total 260) .... done (Time = 0.00s, Memory = 0.0K)
    Checking Rule Postreqs_Usage_ML (Rule 166 of total 260) .... done (Time = 0.00s, Memory = 0.0K)
    Checking Rule NoXInCase-ML (Rule 167 of total 260) .... done (Time = 0.00s, Memory = 0.0K)
Checking ELABDU Rules for designUnit asynchronous_fifo
    Checking Rule syncRstReq (Rule 116 of total 260) .... done (Time = 0.00s, Memory = 0.0K)
    Checking Rule syncRstReq (Rule 117 of total 260) .... done (Time = 0.00s, Memory = 0.0K)
    Checking Rule AcOvlRtl (Rule 118 of total 260) .... done (Time = 0.00s, Memory = 0.0K)
    Checking Rule AcOvlRtl (Rule 119 of total 260) .... done (Time = 0.00s, Memory = 0.2K)
    Checking Rule Prereqs_STARC-2.3.6.1 (Rule 120 of total 260) .... done (Time = 0.00s, Memory = 0.0K)
    Checking Rule GenTopLevelBlocksForAutoSoc (Rule 121 of total 260) .... done (Time = 0.00s, Memory = 0.0K)
    Checking Rule STARC05-2.1.5.3 (Rule 122 of total 260) .... done (Time = 0.00s, Memory = 0.0K)
    Checking Rule STARC05-2.2.3.3 (Rule 123 of total 260) .... done (Time = 0.00s, Memory = 0.0K)
    Checking Rule STARC05-2.3.1.6 (Rule 124 of total 260) .... done (Time = 0.00s, Memory = 0.0K)
    Checking Rule STARC05-2.10.2.3 (Rule 125 of total 260) .... done (Time = 0.00s, Memory = 0.0K)
    Checking Rule STARC05-2.11.3.1 (Rule 126 of total 260) .... done (Time = 0.00s, Memory = 0.0K)
    Checking Rule STARC05-2.1.3.1 (Rule 127 of total 260) .... done (Time = 0.00s, Memory = 0.0K)
    Checking Rule W110 (Rule 128 of total 260) .... done (Time = 0.00s, Memory = 0.0K)
    Checking Rule W122 (Rule 129 of total 260) .... done (Time = 0.00s, Memory = 0.0K)
    Checking Rule W496a (Rule 130 of total 260) .... done (Time = 0.00s, Memory = 0.0K)
    Checking Rule W19 (Rule 131 of total 260) .... done (Time = 0.00s, Memory = 0.0K)
    Checking Rule W66 (Rule 132 of total 260) .... done (Time = 0.00s, Memory = 0.0K)
    Checking Rule W116 (Rule 133 of total 260) .... done (Time = 0.00s, Memory = 0.0K)
    Checking Rule W123 (Rule 134 of total 260) .... done (Time = 0.00s, Memory = -33.8K)
    Checking Rule W215 (Rule 135 of total 260) .... done (Time = 0.00s, Memory = 32.0K)
    Checking Rule W216 (Rule 136 of total 260) .... done (Time = 0.00s, Memory = -32.0K)
    Checking Rule W218 (Rule 137 of total 260) .... done (Time = 0.00s, Memory = 0.0K)
    Checking Rule W263 (Rule 138 of total 260) .... done (Time = 0.00s, Memory = 32.1K)
    Checking Rule W289 (Rule 139 of total 260) .... done (Time = 0.00s, Memory = 32.0K)
    Checking Rule W337 (Rule 140 of total 260) .... done (Time = 0.00s, Memory = 0.0K)
    Checking Rule W352 (Rule 141 of total 260) .... done (Time = 0.00s, Memory = 0.0K)
    Checking Rule W362 (Rule 142 of total 260) .... done (Time = 0.00s, Memory = 0.4K)
    Checking Rule W486 (Rule 143 of total 260) .... done (Time = 0.00s, Memory = 32.0K)
    Checking Rule W499 (Rule 144 of total 260) .... done (Time = 0.00s, Memory = 0.0K)
    Checking Rule W502 (Rule 145 of total 260) .... done (Time = 0.00s, Memory = 32.0K)
    Checking Rule W116 (Rule 146 of total 260) .... done (Time = 0.00s, Memory = 0.2K)
    Checking Rule W122 (Rule 147 of total 260) .... done (Time = 0.00s, Memory = 0.2K)
    Checking Rule W123 (Rule 148 of total 260) .... done (Time = 0.00s, Memory = 0.6K)
    Checking Rule W71 (Rule 149 of total 260) .... done (Time = 0.00s, Memory = -0.4K)
    Checking Rule W240 (Rule 150 of total 260) .... done (Time = 0.00s, Memory = -0.9K)
    Checking Rule W240 (Rule 151 of total 260) .... done (Time = 0.00s, Memory = 0.2K)
    Checking Rule W293 (Rule 152 of total 260) .... done (Time = 0.00s, Memory = 0.0K)
    Checking Rule W398 (Rule 153 of total 260) .... done (Time = 0.00s, Memory = 0.0K)
    Checking Rule W424 (Rule 154 of total 260) .... done (Time = 0.00s, Memory = 0.0K)
    Checking Rule W467 (Rule 155 of total 260) .... done (Time = 0.00s, Memory = -0.1K)
    Checking Rule W505 (Rule 156 of total 260) .... done (Time = 0.00s, Memory = 0.0K)
    Checking Rule W505 (Rule 157 of total 260) .... done (Time = 0.00s, Memory = 0.0K)
    Checking Rule Prereqs_Usage (Rule 158 of total 260) .... done (Time = 0.00s, Memory = -15.9K)
    Checking Rule Postreqs_CheckFuncTask (Rule 159 of total 260) .... done (Time = 0.00s, Memory = 0.0K)
    Checking Rule Prereqs_ConstantInput-ML (Rule 160 of total 260) .... done (Time = 0.00s, Memory = 6.2K)
    Checking Rule Prereqs_ConstantInput-ML (Rule 161 of total 260) .... done (Time = 0.00s, Memory = 0.0K)
    Checking Rule ReportPortInfo-ML (Rule 162 of total 260) .... done (Time = 0.00s, Memory = -32.0K)
    Checking Rule NoAssignX-ML (Rule 163 of total 260) .... done (Time = 0.00s, Memory = -32.0K)
    Checking Rule ParamWidthMismatch-ML (Rule 164 of total 260) .... done (Time = 0.00s, Memory = -32.0K)
    Checking Rule DuplicateCaseLabel-ML (Rule 165 of total 260) .... done (Time = 0.00s, Memory = -4.0K)
    Checking Rule Postreqs_Usage_ML (Rule 166 of total 260) .... done (Time = 0.00s, Memory = -32.6K)
    Checking Rule NoXInCase-ML (Rule 167 of total 260) .... done (Time = 0.00s, Memory = 0.0K)
Checking ELABDU Rules for designUnit WORK_synchronizer_3
    Checking Rule syncRstReq (Rule 116 of total 260) .... done (Time = 0.00s, Memory = 0.0K)
    Checking Rule syncRstReq (Rule 117 of total 260) .... done (Time = 0.00s, Memory = 0.0K)
    Checking Rule AcOvlRtl (Rule 118 of total 260) .... done (Time = 0.00s, Memory = 0.0K)
    Checking Rule AcOvlRtl (Rule 119 of total 260) .... done (Time = 0.00s, Memory = 0.2K)
    Checking Rule Prereqs_STARC-2.3.6.1 (Rule 120 of total 260) .... done (Time = 0.00s, Memory = 8.0K)
    Checking Rule GenTopLevelBlocksForAutoSoc (Rule 121 of total 260) .... done (Time = 0.00s, Memory = 0.0K)
    Checking Rule STARC05-2.1.5.3 (Rule 122 of total 260) .... done (Time = 0.00s, Memory = 1.1K)
    Checking Rule STARC05-2.2.3.3 (Rule 123 of total 260) .... done (Time = 0.00s, Memory = 3.8K)
    Checking Rule STARC05-2.3.1.6 (Rule 124 of total 260) .... done (Time = 0.00s, Memory = -30.1K)
    Checking Rule STARC05-2.10.2.3 (Rule 125 of total 260) .... done (Time = 0.00s, Memory = -32.0K)
    Checking Rule STARC05-2.11.3.1 (Rule 126 of total 260) .... done (Time = 0.01s, Memory = -119.0K)
    Checking Rule STARC05-2.1.3.1 (Rule 127 of total 260) .... done (Time = 0.00s, Memory = 0.0K)
    Checking Rule W110 (Rule 128 of total 260) .... done (Time = 0.00s, Memory = 0.0K)
    Checking Rule W122 (Rule 129 of total 260) .... done (Time = 0.00s, Memory = 0.8K)
    Checking Rule W496a (Rule 130 of total 260) .... done (Time = 0.00s, Memory = -8.0K)
    Checking Rule W19 (Rule 131 of total 260) .... done (Time = 0.00s, Memory = 0.0K)
    Checking Rule W66 (Rule 132 of total 260) .... done (Time = 0.00s, Memory = 31.4K)
    Checking Rule W116 (Rule 133 of total 260) .... done (Time = 0.00s, Memory = -32.0K)
    Checking Rule W123 (Rule 134 of total 260) .... done (Time = 0.00s, Memory = 48.0K)
    Checking Rule W215 (Rule 135 of total 260) .... done (Time = 0.00s, Memory = 32.0K)
    Checking Rule W216 (Rule 136 of total 260) .... done (Time = 0.00s, Memory = 0.0K)
    Checking Rule W218 (Rule 137 of total 260) .... done (Time = 0.00s, Memory = 0.0K)
    Checking Rule W263 (Rule 138 of total 260) .... done (Time = 0.00s, Memory = -0.0K)
    Checking Rule W289 (Rule 139 of total 260) .... done (Time = 0.00s, Memory = 0.0K)
    Checking Rule W337 (Rule 140 of total 260) .... done (Time = 0.00s, Memory = 0.0K)
    Checking Rule W352 (Rule 141 of total 260) .... done (Time = 0.00s, Memory = -129.0K)
    Checking Rule W362 (Rule 142 of total 260) .... done (Time = 0.00s, Memory = 0.0K)
    Checking Rule W486 (Rule 143 of total 260) .... done (Time = 0.00s, Memory = 0.0K)
    Checking Rule W499 (Rule 144 of total 260) .... done (Time = 0.00s, Memory = 0.0K)
    Checking Rule W502 (Rule 145 of total 260) .... done (Time = 0.00s, Memory = -35.1K)
    Checking Rule W116 (Rule 146 of total 260) .... done (Time = 0.00s, Memory = 0.2K)
    Checking Rule W122 (Rule 147 of total 260) .... done (Time = 0.00s, Memory = 0.2K)
    Checking Rule W123 (Rule 148 of total 260) .... done (Time = 0.00s, Memory = 0.6K)
    Checking Rule W71 (Rule 149 of total 260) .... done (Time = 0.00s, Memory = 0.0K)
    Checking Rule W240 (Rule 150 of total 260) .... done (Time = 0.00s, Memory = -32.0K)
    Checking Rule W240 (Rule 151 of total 260) .... done (Time = 0.00s, Memory = 0.2K)
    Checking Rule W293 (Rule 152 of total 260) .... done (Time = 0.00s, Memory = 32.0K)
    Checking Rule W398 (Rule 153 of total 260) .... done (Time = 0.00s, Memory = 32.0K)
    Checking Rule W424 (Rule 154 of total 260) .... done (Time = 0.00s, Memory = 0.0K)
    Checking Rule W467 (Rule 155 of total 260) .... done (Time = 0.00s, Memory = 0.0K)
    Checking Rule W505 (Rule 156 of total 260) .... done (Time = 0.00s, Memory = 0.0K)
    Checking Rule W505 (Rule 157 of total 260) .... done (Time = 0.00s, Memory = 0.0K)
    Checking Rule Prereqs_Usage (Rule 158 of total 260) .... done (Time = 0.00s, Memory = -12.9K)
    Checking Rule Postreqs_CheckFuncTask (Rule 159 of total 260) .... done (Time = 0.00s, Memory = 0.0K)
    Checking Rule Prereqs_ConstantInput-ML (Rule 160 of total 260) .... done (Time = 0.00s, Memory = 0.0K)
    Checking Rule Prereqs_ConstantInput-ML (Rule 161 of total 260) .... done (Time = 0.00s, Memory = 0.0K)
    Checking Rule ReportPortInfo-ML (Rule 162 of total 260) .... done (Time = 0.00s, Memory = 6.2K)
    Checking Rule NoAssignX-ML (Rule 163 of total 260) .... done (Time = 0.00s, Memory = 0.0K)
    Checking Rule ParamWidthMismatch-ML (Rule 164 of total 260) .... done (Time = 0.00s, Memory = 0.0K)
    Checking Rule DuplicateCaseLabel-ML (Rule 165 of total 260) .... done (Time = 0.00s, Memory = 0.0K)
    Checking Rule Postreqs_Usage_ML (Rule 166 of total 260) .... done (Time = 0.00s, Memory = 0.0K)
    Checking Rule NoXInCase-ML (Rule 167 of total 260) .... done (Time = 0.00s, Memory = 0.0K)
Checking ELABDU Rules for designUnit wptr_handler
    Checking Rule syncRstReq (Rule 116 of total 260) .... done (Time = 0.00s, Memory = 0.0K)
    Checking Rule syncRstReq (Rule 117 of total 260) .... done (Time = 0.00s, Memory = 0.0K)
    Checking Rule AcOvlRtl (Rule 118 of total 260) .... done (Time = 0.00s, Memory = 0.0K)
    Checking Rule AcOvlRtl (Rule 119 of total 260) .... done (Time = 0.00s, Memory = 0.2K)
    Checking Rule Prereqs_STARC-2.3.6.1 (Rule 120 of total 260) .... done (Time = 0.00s, Memory = 0.0K)
    Checking Rule GenTopLevelBlocksForAutoSoc (Rule 121 of total 260) .... done (Time = 0.00s, Memory = 0.0K)
    Checking Rule STARC05-2.1.5.3 (Rule 122 of total 260) .... done (Time = 0.00s, Memory = 0.0K)
    Checking Rule STARC05-2.2.3.3 (Rule 123 of total 260) .... done (Time = 0.00s, Memory = 0.0K)
    Checking Rule STARC05-2.3.1.6 (Rule 124 of total 260) .... done (Time = 0.00s, Memory = -1.3K)
    Checking Rule STARC05-2.10.2.3 (Rule 125 of total 260) .... done (Time = 0.00s, Memory = 0.0K)
    Checking Rule STARC05-2.11.3.1 (Rule 126 of total 260) .... done (Time = 0.00s, Memory = 0.0K)
    Checking Rule STARC05-2.1.3.1 (Rule 127 of total 260) .... done (Time = 0.00s, Memory = -1.5K)
    Checking Rule W110 (Rule 128 of total 260) .... done (Time = 0.00s, Memory = -8.0K)
    Checking Rule W122 (Rule 129 of total 260) .... done (Time = 0.00s, Memory = 8.0K)
    Checking Rule W496a (Rule 130 of total 260) .... done (Time = 0.00s, Memory = 8.0K)
    Checking Rule W19 (Rule 131 of total 260) .... done (Time = 0.00s, Memory = 0.0K)
    Checking Rule W66 (Rule 132 of total 260) .... done (Time = 0.00s, Memory = 32.0K)
    Checking Rule W116 (Rule 133 of total 260) .... done (Time = 0.00s, Memory = 0.3K)
    Checking Rule W123 (Rule 134 of total 260) .... done (Time = 0.00s, Memory = 15.0K)
    Checking Rule W215 (Rule 135 of total 260) .... done (Time = 0.00s, Memory = -32.0K)
    Checking Rule W216 (Rule 136 of total 260) .... done (Time = 0.00s, Memory = 0.0K)
    Checking Rule W218 (Rule 137 of total 260) .... done (Time = 0.00s, Memory = 0.0K)
    Checking Rule W263 (Rule 138 of total 260) .... done (Time = 0.00s, Memory = 0.0K)
    Checking Rule W289 (Rule 139 of total 260) .... done (Time = 0.00s, Memory = -1.1K)
    Checking Rule W337 (Rule 140 of total 260) .... done (Time = 0.00s, Memory = -8.0K)
    Checking Rule W352 (Rule 141 of total 260) .... done (Time = 0.00s, Memory = 0.0K)
    Checking Rule W362 (Rule 142 of total 260) .... done (Time = 0.00s, Memory = 0.0K)
    Checking Rule W486 (Rule 143 of total 260) .... done (Time = 0.00s, Memory = 32.0K)
    Checking Rule W499 (Rule 144 of total 260) .... done (Time = 0.00s, Memory = 32.0K)
    Checking Rule W502 (Rule 145 of total 260) .... done (Time = 0.00s, Memory = 0.0K)
    Checking Rule W116 (Rule 146 of total 260) .... done (Time = 0.00s, Memory = 0.2K)
    Checking Rule W122 (Rule 147 of total 260) .... done (Time = 0.00s, Memory = 0.2K)
    Checking Rule W123 (Rule 148 of total 260) .... done (Time = 0.00s, Memory = 0.6K)
    Checking Rule W71 (Rule 149 of total 260) .... done (Time = 0.00s, Memory = -0.7K)
    Checking Rule W240 (Rule 150 of total 260) .... done (Time = 0.00s, Memory = 0.0K)
    Checking Rule W240 (Rule 151 of total 260) .... done (Time = 0.00s, Memory = 0.2K)
    Checking Rule W293 (Rule 152 of total 260) .... done (Time = 0.00s, Memory = 0.0K)
    Checking Rule W398 (Rule 153 of total 260) .... done (Time = 0.00s, Memory = 32.0K)
    Checking Rule W424 (Rule 154 of total 260) .... done (Time = 0.00s, Memory = 32.0K)
    Checking Rule W467 (Rule 155 of total 260) .... done (Time = 0.00s, Memory = 0.0K)
    Checking Rule W505 (Rule 156 of total 260) .... done (Time = 0.00s, Memory = 0.0K)
    Checking Rule W505 (Rule 157 of total 260) .... done (Time = 0.00s, Memory = 0.0K)
    Checking Rule Prereqs_Usage (Rule 158 of total 260) .... done (Time = 0.00s, Memory = -16.0K)
    Checking Rule Postreqs_CheckFuncTask (Rule 159 of total 260) .... done (Time = 0.00s, Memory = 0.0K)
    Checking Rule Prereqs_ConstantInput-ML (Rule 160 of total 260) .... done (Time = 0.00s, Memory = 0.0K)
    Checking Rule Prereqs_ConstantInput-ML (Rule 161 of total 260) .... done (Time = 0.00s, Memory = 0.0K)
    Checking Rule ReportPortInfo-ML (Rule 162 of total 260) .... done (Time = 0.00s, Memory = 0.0K)
    Checking Rule NoAssignX-ML (Rule 163 of total 260) .... done (Time = 0.00s, Memory = 0.0K)
    Checking Rule ParamWidthMismatch-ML (Rule 164 of total 260) .... done (Time = 0.00s, Memory = 0.0K)
    Checking Rule DuplicateCaseLabel-ML (Rule 165 of total 260) .... done (Time = 0.00s, Memory = 0.0K)
    Checking Rule Postreqs_Usage_ML (Rule 166 of total 260) .... done (Time = 0.00s, Memory = 0.0K)
    Checking Rule NoXInCase-ML (Rule 167 of total 260) .... done (Time = 0.00s, Memory = 0.0K)
Checking ELABDU Rules for designUnit rptr_handler
    Checking Rule syncRstReq (Rule 116 of total 260) .... done (Time = 0.00s, Memory = 0.0K)
    Checking Rule syncRstReq (Rule 117 of total 260) .... done (Time = 0.00s, Memory = 0.0K)
    Checking Rule AcOvlRtl (Rule 118 of total 260) .... done (Time = 0.00s, Memory = 0.0K)
    Checking Rule AcOvlRtl (Rule 119 of total 260) .... done (Time = 0.00s, Memory = 0.2K)
    Checking Rule Prereqs_STARC-2.3.6.1 (Rule 120 of total 260) .... done (Time = 0.00s, Memory = 0.0K)
    Checking Rule GenTopLevelBlocksForAutoSoc (Rule 121 of total 260) .... done (Time = 0.00s, Memory = 0.0K)
    Checking Rule STARC05-2.1.5.3 (Rule 122 of total 260) .... done (Time = 0.00s, Memory = 0.0K)
    Checking Rule STARC05-2.2.3.3 (Rule 123 of total 260) .... done (Time = 0.00s, Memory = 0.0K)
    Checking Rule STARC05-2.3.1.6 (Rule 124 of total 260) .... done (Time = 0.00s, Memory = 0.0K)
    Checking Rule STARC05-2.10.2.3 (Rule 125 of total 260) .... done (Time = 0.00s, Memory = -32.0K)
    Checking Rule STARC05-2.11.3.1 (Rule 126 of total 260) .... done (Time = 0.00s, Memory = 32.0K)
    Checking Rule STARC05-2.1.3.1 (Rule 127 of total 260) .... done (Time = 0.00s, Memory = 0.0K)
    Checking Rule W110 (Rule 128 of total 260) .... done (Time = 0.00s, Memory = 0.0K)
    Checking Rule W122 (Rule 129 of total 260) .... done (Time = 0.00s, Memory = -0.6K)
    Checking Rule W496a (Rule 130 of total 260) .... done (Time = 0.00s, Memory = 4.0K)
    Checking Rule W19 (Rule 131 of total 260) .... done (Time = 0.00s, Memory = 5.0K)
    Checking Rule W66 (Rule 132 of total 260) .... done (Time = 0.00s, Memory = 0.0K)
    Checking Rule W116 (Rule 133 of total 260) .... done (Time = 0.00s, Memory = 0.0K)
    Checking Rule W123 (Rule 134 of total 260) .... done (Time = 0.00s, Memory = -16.0K)
    Checking Rule W215 (Rule 135 of total 260) .... done (Time = 0.00s, Memory = -32.0K)
    Checking Rule W216 (Rule 136 of total 260) .... done (Time = 0.00s, Memory = 0.0K)
    Checking Rule W218 (Rule 137 of total 260) .... done (Time = 0.00s, Memory = 0.0K)
    Checking Rule W263 (Rule 138 of total 260) .... done (Time = 0.00s, Memory = 0.0K)
    Checking Rule W289 (Rule 139 of total 260) .... done (Time = 0.00s, Memory = 0.0K)
    Checking Rule W337 (Rule 140 of total 260) .... done (Time = 0.00s, Memory = 0.0K)
    Checking Rule W352 (Rule 141 of total 260) .... done (Time = 0.00s, Memory = 0.0K)
    Checking Rule W362 (Rule 142 of total 260) .... done (Time = 0.00s, Memory = 0.0K)
    Checking Rule W486 (Rule 143 of total 260) .... done (Time = 0.00s, Memory = 0.0K)
    Checking Rule W499 (Rule 144 of total 260) .... done (Time = 0.00s, Memory = 0.0K)
    Checking Rule W502 (Rule 145 of total 260) .... done (Time = 0.00s, Memory = 1.0K)
    Checking Rule W116 (Rule 146 of total 260) .... done (Time = 0.00s, Memory = 0.2K)
    Checking Rule W122 (Rule 147 of total 260) .... done (Time = 0.00s, Memory = 0.2K)
    Checking Rule W123 (Rule 148 of total 260) .... done (Time = 0.00s, Memory = 0.6K)
    Checking Rule W71 (Rule 149 of total 260) .... done (Time = 0.00s, Memory = 0.0K)
    Checking Rule W240 (Rule 150 of total 260) .... done (Time = 0.00s, Memory = 0.2K)
    Checking Rule W240 (Rule 151 of total 260) .... done (Time = 0.00s, Memory = 0.2K)
    Checking Rule W293 (Rule 152 of total 260) .... done (Time = 0.00s, Memory = 0.0K)
    Checking Rule W398 (Rule 153 of total 260) .... done (Time = 0.00s, Memory = 0.0K)
    Checking Rule W424 (Rule 154 of total 260) .... done (Time = 0.00s, Memory = 0.0K)
    Checking Rule W467 (Rule 155 of total 260) .... done (Time = 0.00s, Memory = 0.0K)
    Checking Rule W505 (Rule 156 of total 260) .... done (Time = 0.00s, Memory = 0.0K)
    Checking Rule W505 (Rule 157 of total 260) .... done (Time = 0.00s, Memory = 0.0K)
    Checking Rule Prereqs_Usage (Rule 158 of total 260) .... done (Time = 0.00s, Memory = -16.0K)
    Checking Rule Postreqs_CheckFuncTask (Rule 159 of total 260) .... done (Time = 0.00s, Memory = 0.0K)
    Checking Rule Prereqs_ConstantInput-ML (Rule 160 of total 260) .... done (Time = 0.00s, Memory = 0.0K)
    Checking Rule Prereqs_ConstantInput-ML (Rule 161 of total 260) .... done (Time = 0.00s, Memory = 0.0K)
    Checking Rule ReportPortInfo-ML (Rule 162 of total 260) .... done (Time = 0.00s, Memory = 32.0K)
    Checking Rule NoAssignX-ML (Rule 163 of total 260) .... done (Time = 0.00s, Memory = 32.0K)
    Checking Rule ParamWidthMismatch-ML (Rule 164 of total 260) .... done (Time = 0.00s, Memory = 35.1K)
    Checking Rule DuplicateCaseLabel-ML (Rule 165 of total 260) .... done (Time = 0.00s, Memory = -0.0K)
    Checking Rule Postreqs_Usage_ML (Rule 166 of total 260) .... done (Time = 0.00s, Memory = 32.0K)
    Checking Rule NoXInCase-ML (Rule 167 of total 260) .... done (Time = 0.00s, Memory = 0.0K)
Checking ELABDU Rules for designUnit fifo_mem
    Checking Rule syncRstReq (Rule 116 of total 260) .... done (Time = 0.00s, Memory = 6.2K)
    Checking Rule syncRstReq (Rule 117 of total 260) .... done (Time = 0.00s, Memory = 0.0K)
    Checking Rule AcOvlRtl (Rule 118 of total 260) .... done (Time = 0.00s, Memory = 0.0K)
    Checking Rule AcOvlRtl (Rule 119 of total 260) .... done (Time = 0.00s, Memory = 0.2K)
    Checking Rule Prereqs_STARC-2.3.6.1 (Rule 120 of total 260) .... done (Time = 0.00s, Memory = -32.0K)
    Checking Rule GenTopLevelBlocksForAutoSoc (Rule 121 of total 260) .... done (Time = 0.00s, Memory = 0.0K)
    Checking Rule STARC05-2.1.5.3 (Rule 122 of total 260) .... done (Time = 0.00s, Memory = 0.0K)
    Checking Rule STARC05-2.2.3.3 (Rule 123 of total 260) .... done (Time = 0.00s, Memory = 0.0K)
    Checking Rule STARC05-2.3.1.6 (Rule 124 of total 260) .... done (Time = 0.00s, Memory = 0.0K)
    Checking Rule STARC05-2.10.2.3 (Rule 125 of total 260) .... done (Time = 0.00s, Memory = 0.0K)
    Checking Rule STARC05-2.11.3.1 (Rule 126 of total 260) .... done (Time = 0.00s, Memory = -2.3K)
    Checking Rule STARC05-2.1.3.1 (Rule 127 of total 260) .... done (Time = 0.00s, Memory = 8.0K)
    Checking Rule W110 (Rule 128 of total 260) .... done (Time = 0.00s, Memory = 0.0K)
    Checking Rule W122 (Rule 129 of total 260) .... done (Time = 0.00s, Memory = 0.0K)
    Checking Rule W496a (Rule 130 of total 260) .... done (Time = 0.00s, Memory = 0.0K)
    Checking Rule W19 (Rule 131 of total 260) .... done (Time = 0.00s, Memory = 0.1K)
    Checking Rule W66 (Rule 132 of total 260) .... done (Time = 0.00s, Memory = 0.0K)
    Checking Rule W116 (Rule 133 of total 260) .... done (Time = 0.00s, Memory = -0.3K)
    Checking Rule W123 (Rule 134 of total 260) .... done (Time = 0.00s, Memory = 16.0K)
    Checking Rule W215 (Rule 135 of total 260) .... done (Time = 0.00s, Memory = 32.0K)
    Checking Rule W216 (Rule 136 of total 260) .... done (Time = 0.00s, Memory = 0.0K)
    Checking Rule W218 (Rule 137 of total 260) .... done (Time = 0.00s, Memory = 32.0K)
    Checking Rule W263 (Rule 138 of total 260) .... done (Time = 0.00s, Memory = 0.4K)
    Checking Rule W289 (Rule 139 of total 260) .... done (Time = 0.00s, Memory = 11.8K)
    Checking Rule W337 (Rule 140 of total 260) .... done (Time = 0.00s, Memory = 8.0K)
    Checking Rule W352 (Rule 141 of total 260) .... done (Time = 0.00s, Memory = 0.0K)
    Checking Rule W362 (Rule 142 of total 260) .... done (Time = 0.00s, Memory = -0.4K)
    Checking Rule W486 (Rule 143 of total 260) .... done (Time = 0.00s, Memory = 32.0K)
    Checking Rule W499 (Rule 144 of total 260) .... done (Time = 0.00s, Memory = -0.1K)
    Checking Rule W502 (Rule 145 of total 260) .... done (Time = 0.00s, Memory = 0.0K)
    Checking Rule W116 (Rule 146 of total 260) .... done (Time = 0.00s, Memory = 0.2K)
    Checking Rule W122 (Rule 147 of total 260) .... done (Time = 0.00s, Memory = 0.2K)
    Checking Rule W123 (Rule 148 of total 260) .... done (Time = 0.00s, Memory = 0.6K)
    Checking Rule W71 (Rule 149 of total 260) .... done (Time = 0.00s, Memory = 0.0K)
    Checking Rule W240 (Rule 150 of total 260) .... done (Time = 0.00s, Memory = -0.7K)
    Checking Rule W240 (Rule 151 of total 260) .... done (Time = 0.00s, Memory = 0.2K)
    Checking Rule W293 (Rule 152 of total 260) .... done (Time = 0.00s, Memory = 0.0K)
    Checking Rule W398 (Rule 153 of total 260) .... done (Time = 0.00s, Memory = 0.0K)
    Checking Rule W424 (Rule 154 of total 260) .... done (Time = 0.00s, Memory = 0.0K)
    Checking Rule W467 (Rule 155 of total 260) .... done (Time = 0.00s, Memory = 0.0K)
    Checking Rule W505 (Rule 156 of total 260) .... done (Time = 0.00s, Memory = 0.0K)
    Checking Rule W505 (Rule 157 of total 260) .... done (Time = 0.00s, Memory = 0.0K)
    Checking Rule Prereqs_Usage (Rule 158 of total 260) .... done (Time = 0.00s, Memory = -16.0K)
    Checking Rule Postreqs_CheckFuncTask (Rule 159 of total 260) .... done (Time = 0.00s, Memory = 0.0K)
    Checking Rule Prereqs_ConstantInput-ML (Rule 160 of total 260) .... done (Time = 0.00s, Memory = 0.0K)
    Checking Rule Prereqs_ConstantInput-ML (Rule 161 of total 260) .... done (Time = 0.00s, Memory = 0.0K)
    Checking Rule ReportPortInfo-ML (Rule 162 of total 260) .... done (Time = 0.00s, Memory = 0.0K)
    Checking Rule NoAssignX-ML (Rule 163 of total 260) .... done (Time = 0.00s, Memory = 0.0K)
    Checking Rule ParamWidthMismatch-ML (Rule 164 of total 260) .... done (Time = 0.00s, Memory = 0.0K)
    Checking Rule DuplicateCaseLabel-ML (Rule 165 of total 260) .... done (Time = 0.00s, Memory = 0.0K)
    Checking Rule Postreqs_Usage_ML (Rule 166 of total 260) .... done (Time = 0.00s, Memory = 0.0K)
    Checking Rule NoXInCase-ML (Rule 167 of total 260) .... done (Time = 0.00s, Memory = 0.0K)
Checking ELABDU Rules for designUnit WORK_synchronizer_0
    Checking Rule syncRstReq (Rule 116 of total 260) .... done (Time = 0.00s, Memory = -8.0K)
    Checking Rule syncRstReq (Rule 117 of total 260) .... done (Time = 0.00s, Memory = 0.0K)
    Checking Rule AcOvlRtl (Rule 118 of total 260) .... done (Time = 0.00s, Memory = 0.0K)
    Checking Rule AcOvlRtl (Rule 119 of total 260) .... done (Time = 0.00s, Memory = 0.2K)
    Checking Rule Prereqs_STARC-2.3.6.1 (Rule 120 of total 260) .... done (Time = 0.00s, Memory = 0.0K)
    Checking Rule GenTopLevelBlocksForAutoSoc (Rule 121 of total 260) .... done (Time = 0.00s, Memory = 0.0K)
    Checking Rule STARC05-2.1.5.3 (Rule 122 of total 260) .... done (Time = 0.00s, Memory = 0.0K)
    Checking Rule STARC05-2.2.3.3 (Rule 123 of total 260) .... done (Time = 0.00s, Memory = 8.0K)
    Checking Rule STARC05-2.3.1.6 (Rule 124 of total 260) .... done (Time = 0.00s, Memory = -8.0K)
    Checking Rule STARC05-2.10.2.3 (Rule 125 of total 260) .... done (Time = 0.00s, Memory = 0.0K)
    Checking Rule STARC05-2.11.3.1 (Rule 126 of total 260) .... done (Time = 0.00s, Memory = 0.0K)
    Checking Rule STARC05-2.1.3.1 (Rule 127 of total 260) .... done (Time = 0.00s, Memory = 0.0K)
    Checking Rule W110 (Rule 128 of total 260) .... done (Time = 0.00s, Memory = 32.0K)
    Checking Rule W122 (Rule 129 of total 260) .... done (Time = 0.00s, Memory = -31.6K)
    Checking Rule W496a (Rule 130 of total 260) .... done (Time = 0.00s, Memory = -0.7K)
    Checking Rule W19 (Rule 131 of total 260) .... done (Time = 0.00s, Memory = 0.0K)
    Checking Rule W66 (Rule 132 of total 260) .... done (Time = 0.00s, Memory = 0.0K)
    Checking Rule W116 (Rule 133 of total 260) .... done (Time = 0.00s, Memory = 0.0K)
    Checking Rule W123 (Rule 134 of total 260) .... done (Time = 0.00s, Memory = 16.0K)
    Checking Rule W215 (Rule 135 of total 260) .... done (Time = 0.00s, Memory = 8.0K)
    Checking Rule W216 (Rule 136 of total 260) .... done (Time = 0.00s, Memory = 0.0K)
    Checking Rule W218 (Rule 137 of total 260) .... done (Time = 0.00s, Memory = 0.0K)
    Checking Rule W263 (Rule 138 of total 260) .... done (Time = 0.00s, Memory = 0.0K)
    Checking Rule W289 (Rule 139 of total 260) .... done (Time = 0.00s, Memory = 0.0K)
    Checking Rule W337 (Rule 140 of total 260) .... done (Time = 0.00s, Memory = 0.0K)
    Checking Rule W352 (Rule 141 of total 260) .... done (Time = 0.00s, Memory = 0.0K)
    Checking Rule W362 (Rule 142 of total 260) .... done (Time = 0.00s, Memory = 0.0K)
    Checking Rule W486 (Rule 143 of total 260) .... done (Time = 0.00s, Memory = 0.0K)
    Checking Rule W499 (Rule 144 of total 260) .... done (Time = 0.00s, Memory = 0.0K)
    Checking Rule W502 (Rule 145 of total 260) .... done (Time = 0.00s, Memory = 0.0K)
    Checking Rule W116 (Rule 146 of total 260) .... done (Time = 0.00s, Memory = 0.2K)
    Checking Rule W122 (Rule 147 of total 260) .... done (Time = 0.00s, Memory = 0.2K)
    Checking Rule W123 (Rule 148 of total 260) .... done (Time = 0.00s, Memory = 0.6K)
    Checking Rule W71 (Rule 149 of total 260) .... done (Time = 0.00s, Memory = 0.0K)
    Checking Rule W240 (Rule 150 of total 260) .... done (Time = 0.00s, Memory = 0.0K)
    Checking Rule W240 (Rule 151 of total 260) .... done (Time = 0.00s, Memory = 0.2K)
    Checking Rule W293 (Rule 152 of total 260) .... done (Time = 0.00s, Memory = 0.0K)
    Checking Rule W398 (Rule 153 of total 260) .... done (Time = 0.00s, Memory = 0.0K)
    Checking Rule W424 (Rule 154 of total 260) .... done (Time = 0.00s, Memory = 0.0K)
    Checking Rule W467 (Rule 155 of total 260) .... done (Time = 0.00s, Memory = -0.1K)
    Checking Rule W505 (Rule 156 of total 260) .... done (Time = 0.00s, Memory = 0.0K)
    Checking Rule W505 (Rule 157 of total 260) .... done (Time = 0.00s, Memory = 0.0K)
    Checking Rule Prereqs_Usage (Rule 158 of total 260) .... done (Time = 0.01s, Memory = -16.0K)
    Checking Rule Postreqs_CheckFuncTask (Rule 159 of total 260) .... done (Time = 0.00s, Memory = 0.0K)
    Checking Rule Prereqs_ConstantInput-ML (Rule 160 of total 260) .... done (Time = 0.00s, Memory = 12.0K)
    Checking Rule Prereqs_ConstantInput-ML (Rule 161 of total 260) .... done (Time = 0.00s, Memory = 0.0K)
    Checking Rule ReportPortInfo-ML (Rule 162 of total 260) .... done (Time = 0.00s, Memory = -32.7K)
    Checking Rule NoAssignX-ML (Rule 163 of total 260) .... done (Time = 0.00s, Memory = 0.2K)
    Checking Rule ParamWidthMismatch-ML (Rule 164 of total 260) .... done (Time = 0.00s, Memory = 32.0K)
    Checking Rule DuplicateCaseLabel-ML (Rule 165 of total 260) .... done (Time = 0.00s, Memory = 0.0K)
    Checking Rule Postreqs_Usage_ML (Rule 166 of total 260) .... done (Time = 0.00s, Memory = 0.0K)
    Checking Rule NoXInCase-ML (Rule 167 of total 260) .... done (Time = 0.00s, Memory = 0.0K)
Checking ELABDU Rules for designUnit system_wrapper
    Checking Rule syncRstReq (Rule 116 of total 260) .... done (Time = 0.00s, Memory = 0.0K)
    Checking Rule syncRstReq (Rule 117 of total 260) .... done (Time = 0.00s, Memory = 0.0K)
    Checking Rule AcOvlRtl (Rule 118 of total 260) .... done (Time = 0.00s, Memory = -0.4K)
    Checking Rule AcOvlRtl (Rule 119 of total 260) .... done (Time = 0.00s, Memory = 0.2K)
    Checking Rule Prereqs_STARC-2.3.6.1 (Rule 120 of total 260) .... done (Time = 0.00s, Memory = 0.0K)
    Checking Rule GenTopLevelBlocksForAutoSoc (Rule 121 of total 260) .... done (Time = 0.00s, Memory = 0.0K)
    Checking Rule STARC05-2.1.5.3 (Rule 122 of total 260) .... done (Time = 0.00s, Memory = 0.0K)
    Checking Rule STARC05-2.2.3.3 (Rule 123 of total 260) .... done (Time = 0.00s, Memory = 0.0K)
    Checking Rule STARC05-2.3.1.6 (Rule 124 of total 260) .... done (Time = 0.00s, Memory = 0.0K)
    Checking Rule STARC05-2.10.2.3 (Rule 125 of total 260) .... done (Time = 0.00s, Memory = -0.1K)
    Checking Rule STARC05-2.11.3.1 (Rule 126 of total 260) .... done (Time = 0.00s, Memory = 0.0K)
    Checking Rule STARC05-2.1.3.1 (Rule 127 of total 260) .... done (Time = 0.00s, Memory = 0.0K)
    Checking Rule W110 (Rule 128 of total 260) .... done (Time = 0.00s, Memory = 0.9K)
    Checking Rule W122 (Rule 129 of total 260) .... done (Time = 0.00s, Memory = 0.0K)
    Checking Rule W496a (Rule 130 of total 260) .... done (Time = 0.00s, Memory = 0.0K)
    Checking Rule W19 (Rule 131 of total 260) .... done (Time = 0.00s, Memory = 0.2K)
    Checking Rule W66 (Rule 132 of total 260) .... done (Time = 0.00s, Memory = 0.0K)
    Checking Rule W116 (Rule 133 of total 260) .... done (Time = 0.00s, Memory = 0.0K)
    Checking Rule W123 (Rule 134 of total 260) .... done (Time = 0.00s, Memory = 17.5K)
    Checking Rule W215 (Rule 135 of total 260) .... done (Time = 0.00s, Memory = 0.0K)
    Checking Rule W216 (Rule 136 of total 260) .... done (Time = 0.00s, Memory = -3.0K)
    Checking Rule W218 (Rule 137 of total 260) .... done (Time = 0.00s, Memory = 0.0K)
    Checking Rule W263 (Rule 138 of total 260) .... done (Time = 0.00s, Memory = 0.0K)
    Checking Rule W289 (Rule 139 of total 260) .... done (Time = 0.00s, Memory = 0.0K)
    Checking Rule W337 (Rule 140 of total 260) .... done (Time = 0.00s, Memory = 0.0K)
    Checking Rule W352 (Rule 141 of total 260) .... done (Time = 0.00s, Memory = 32.0K)
    Checking Rule W362 (Rule 142 of total 260) .... done (Time = 0.00s, Memory = 0.4K)
    Checking Rule W486 (Rule 143 of total 260) .... done (Time = 0.00s, Memory = -32.0K)
    Checking Rule W499 (Rule 144 of total 260) .... done (Time = 0.00s, Memory = -31.4K)
    Checking Rule W502 (Rule 145 of total 260) .... done (Time = 0.00s, Memory = 0.0K)
    Checking Rule W116 (Rule 146 of total 260) .... done (Time = 0.00s, Memory = 0.2K)
    Checking Rule W122 (Rule 147 of total 260) .... done (Time = 0.00s, Memory = 0.2K)
    Checking Rule W123 (Rule 148 of total 260) .... done (Time = 0.00s, Memory = 0.6K)
    Checking Rule W71 (Rule 149 of total 260) .... done (Time = 0.00s, Memory = 0.0K)
    Checking Rule W240 (Rule 150 of total 260) .... done (Time = 0.00s, Memory = 0.2K)
    Checking Rule W240 (Rule 151 of total 260) .... done (Time = 0.00s, Memory = 0.2K)
    Checking Rule W293 (Rule 152 of total 260) .... done (Time = 0.00s, Memory = 0.0K)
    Checking Rule W398 (Rule 153 of total 260) .... done (Time = 0.00s, Memory = -0.3K)
    Checking Rule W424 (Rule 154 of total 260) .... done (Time = 0.00s, Memory = 0.0K)
    Checking Rule W467 (Rule 155 of total 260) .... done (Time = 0.00s, Memory = 3.0K)
    Checking Rule W505 (Rule 156 of total 260) .... done (Time = 0.00s, Memory = 0.0K)
    Checking Rule W505 (Rule 157 of total 260) .... done (Time = 0.00s, Memory = 0.0K)
    Checking Rule Prereqs_Usage (Rule 158 of total 260) .... done (Time = 0.00s, Memory = -48.0K)
    Checking Rule Postreqs_CheckFuncTask (Rule 159 of total 260) .... done (Time = 0.00s, Memory = -25.8K)
    Checking Rule Prereqs_ConstantInput-ML (Rule 160 of total 260) .... done (Time = 0.00s, Memory = 0.0K)
    Checking Rule Prereqs_ConstantInput-ML (Rule 161 of total 260) .... done (Time = 0.00s, Memory = 0.0K)
    Checking Rule ReportPortInfo-ML (Rule 162 of total 260) .... done (Time = 0.00s, Memory = 0.0K)
    Checking Rule NoAssignX-ML (Rule 163 of total 260) .... done (Time = 0.00s, Memory = 0.0K)
    Checking Rule ParamWidthMismatch-ML (Rule 164 of total 260) .... done (Time = 0.00s, Memory = 0.0K)
    Checking Rule DuplicateCaseLabel-ML (Rule 165 of total 260) .... done (Time = 0.00s, Memory = 0.0K)
    Checking Rule Postreqs_Usage_ML (Rule 166 of total 260) .... done (Time = 0.00s, Memory = 0.0K)
    Checking Rule NoXInCase-ML (Rule 167 of total 260) .... done (Time = 0.00s, Memory = 0.0K)
Checking ELABDU Rules for designUnit control_unit
    Checking Rule syncRstReq (Rule 116 of total 260) .... done (Time = 0.00s, Memory = 32.0K)
    Checking Rule syncRstReq (Rule 117 of total 260) .... done (Time = 0.00s, Memory = 0.0K)
    Checking Rule AcOvlRtl (Rule 118 of total 260) .... done (Time = 0.00s, Memory = -32.0K)
    Checking Rule AcOvlRtl (Rule 119 of total 260) .... done (Time = 0.00s, Memory = 0.2K)
    Checking Rule Prereqs_STARC-2.3.6.1 (Rule 120 of total 260) .... done (Time = 0.00s, Memory = 0.0K)
    Checking Rule GenTopLevelBlocksForAutoSoc (Rule 121 of total 260) .... done (Time = 0.00s, Memory = 0.0K)
    Checking Rule STARC05-2.1.5.3 (Rule 122 of total 260) .... done (Time = 0.00s, Memory = -1.5K)
    Checking Rule STARC05-2.2.3.3 (Rule 123 of total 260) .... done (Time = 0.00s, Memory = 0.0K)
    Checking Rule STARC05-2.3.1.6 (Rule 124 of total 260) .... done (Time = 0.00s, Memory = 0.0K)
    Checking Rule STARC05-2.10.2.3 (Rule 125 of total 260) .... done (Time = 0.00s, Memory = -3.4K)
    Checking Rule STARC05-2.11.3.1 (Rule 126 of total 260) .... done (Time = 0.00s, Memory = 9.7K)
    Checking Rule STARC05-2.1.3.1 (Rule 127 of total 260) .... done (Time = 0.00s, Memory = 4.0K)
    Checking Rule W110 (Rule 128 of total 260) .... done (Time = 0.00s, Memory = -32.0K)
    Checking Rule W122 (Rule 129 of total 260) .... done (Time = 0.00s, Memory = 0.0K)
    Checking Rule W496a (Rule 130 of total 260) .... done (Time = 0.01s, Memory = -0.0K)
    Checking Rule W19 (Rule 131 of total 260) .... done (Time = 0.00s, Memory = 0.4K)
    Checking Rule W66 (Rule 132 of total 260) .... done (Time = 0.00s, Memory = 0.0K)
    Checking Rule W116 (Rule 133 of total 260) .... done (Time = 0.00s, Memory = 0.0K)
    Checking Rule W123 (Rule 134 of total 260) .... done (Time = 0.00s, Memory = -13.5K)
    Checking Rule W215 (Rule 135 of total 260) .... done (Time = 0.01s, Memory = 0.0K)
    Checking Rule W216 (Rule 136 of total 260) .... done (Time = 0.00s, Memory = 0.0K)
    Checking Rule W218 (Rule 137 of total 260) .... done (Time = 0.00s, Memory = 0.0K)
    Checking Rule W263 (Rule 138 of total 260) .... done (Time = 0.00s, Memory = -0.7K)
    Checking Rule W289 (Rule 139 of total 260) .... done (Time = 0.00s, Memory = 0.0K)
    Checking Rule W337 (Rule 140 of total 260) .... done (Time = 0.00s, Memory = 0.0K)
    Checking Rule W352 (Rule 141 of total 260) .... done (Time = 0.00s, Memory = 0.0K)
    Checking Rule W362 (Rule 142 of total 260) .... done (Time = 0.00s, Memory = 0.4K)
    Checking Rule W486 (Rule 143 of total 260) .... done (Time = 0.00s, Memory = 0.0K)
    Checking Rule W499 (Rule 144 of total 260) .... done (Time = 0.00s, Memory = 1.6K)
    Checking Rule W502 (Rule 145 of total 260) .... done (Time = 0.00s, Memory = -32.0K)
    Checking Rule W116 (Rule 146 of total 260) .... done (Time = 0.00s, Memory = 0.2K)
    Checking Rule W122 (Rule 147 of total 260) .... done (Time = 0.00s, Memory = 0.2K)
    Checking Rule W123 (Rule 148 of total 260) .... done (Time = 0.00s, Memory = 0.6K)
    Checking Rule W71 (Rule 149 of total 260) .... done (Time = 0.00s, Memory = -8.9K)
    Checking Rule W240 (Rule 150 of total 260) .... done (Time = 0.00s, Memory = 0.1K)
    Checking Rule W240 (Rule 151 of total 260) .... done (Time = 0.00s, Memory = 0.2K)
    Checking Rule W293 (Rule 152 of total 260) .... done (Time = 0.00s, Memory = 0.0K)
    Checking Rule W398 (Rule 153 of total 260) .... done (Time = 0.00s, Memory = 0.0K)
    Checking Rule W424 (Rule 154 of total 260) .... done (Time = 0.00s, Memory = 0.0K)
    Checking Rule W467 (Rule 155 of total 260) .... done (Time = 0.00s, Memory = -2.3K)
    Checking Rule W505 (Rule 156 of total 260) .... done (Time = 0.00s, Memory = 3.8K)
    Checking Rule W505 (Rule 157 of total 260) .... done (Time = 0.00s, Memory = 0.0K)
    Checking Rule Prereqs_Usage (Rule 158 of total 260) .... done (Time = 0.00s, Memory = -16.0K)
    Checking Rule Postreqs_CheckFuncTask (Rule 159 of total 260) .... done (Time = 0.00s, Memory = 11.1K)
    Checking Rule Prereqs_ConstantInput-ML (Rule 160 of total 260) .... done (Time = 0.00s, Memory = 0.0K)
    Checking Rule Prereqs_ConstantInput-ML (Rule 161 of total 260) .... done (Time = 0.00s, Memory = 0.0K)
    Checking Rule ReportPortInfo-ML (Rule 162 of total 260) .... done (Time = 0.00s, Memory = 0.0K)
    Checking Rule NoAssignX-ML (Rule 163 of total 260) .... done (Time = 0.00s, Memory = -24.8K)
    Checking Rule ParamWidthMismatch-ML (Rule 164 of total 260) .... done (Time = 0.00s, Memory = 0.0K)
    Checking Rule DuplicateCaseLabel-ML (Rule 165 of total 260) .... done (Time = 0.01s, Memory = 29.2K)
    Checking Rule Postreqs_Usage_ML (Rule 166 of total 260) .... done (Time = 0.00s, Memory = -32.0K)
    Checking Rule NoXInCase-ML (Rule 167 of total 260) .... done (Time = 0.00s, Memory = 0.0K)
Checking ELABDU Rules for designUnit atu
    Checking Rule syncRstReq (Rule 116 of total 260) .... done (Time = 0.00s, Memory = 0.0K)
    Checking Rule syncRstReq (Rule 117 of total 260) .... done (Time = 0.00s, Memory = 0.0K)
    Checking Rule AcOvlRtl (Rule 118 of total 260) .... done (Time = 0.01s, Memory = -35.5K)
    Checking Rule AcOvlRtl (Rule 119 of total 260) .... done (Time = 0.00s, Memory = 0.2K)
    Checking Rule Prereqs_STARC-2.3.6.1 (Rule 120 of total 260) .... done (Time = 0.00s, Memory = 8.0K)
    Checking Rule GenTopLevelBlocksForAutoSoc (Rule 121 of total 260) .... done (Time = 0.00s, Memory = 0.0K)
    Checking Rule STARC05-2.1.5.3 (Rule 122 of total 260) .... done (Time = 0.00s, Memory = 0.0K)
    Checking Rule STARC05-2.2.3.3 (Rule 123 of total 260) .... done (Time = 0.00s, Memory = 3.9K)
    Checking Rule STARC05-2.3.1.6 (Rule 124 of total 260) .... done (Time = 0.00s, Memory = 0.0K)
    Checking Rule STARC05-2.10.2.3 (Rule 125 of total 260) .... done (Time = 0.00s, Memory = 0.0K)
    Checking Rule STARC05-2.11.3.1 (Rule 126 of total 260) .... done (Time = 0.00s, Memory = -30.5K)
    Checking Rule STARC05-2.1.3.1 (Rule 127 of total 260) .... done (Time = 0.00s, Memory = -21.0K)
    Checking Rule W110 (Rule 128 of total 260) .... done (Time = 0.00s, Memory = 0.0K)
    Checking Rule W122 (Rule 129 of total 260) .... done (Time = 0.00s, Memory = 0.0K)
    Checking Rule W496a (Rule 130 of total 260) .... done (Time = 0.00s, Memory = -0.6K)
    Checking Rule W19 (Rule 131 of total 260) .... done (Time = 0.00s, Memory = -32.1K)
    Checking Rule W66 (Rule 132 of total 260) .... done (Time = 0.00s, Memory = 0.0K)
    Checking Rule W116 (Rule 133 of total 260) .... done (Time = 0.00s, Memory = 0.0K)
    Checking Rule W123 (Rule 134 of total 260) .... done (Time = 0.00s, Memory = 16.0K)
    Checking Rule W215 (Rule 135 of total 260) .... done (Time = 0.00s, Memory = 0.0K)
    Checking Rule W216 (Rule 136 of total 260) .... done (Time = 0.00s, Memory = -32.0K)
    Checking Rule W218 (Rule 137 of total 260) .... done (Time = 0.00s, Memory = 0.0K)
    Checking Rule W263 (Rule 138 of total 260) .... done (Time = 0.00s, Memory = -0.6K)
    Checking Rule W289 (Rule 139 of total 260) .... done (Time = 0.00s, Memory = 32.0K)
    Checking Rule W337 (Rule 140 of total 260) .... done (Time = 0.00s, Memory = -32.0K)
    Checking Rule W352 (Rule 141 of total 260) .... done (Time = 0.00s, Memory = 0.0K)
    Checking Rule W362 (Rule 142 of total 260) .... done (Time = 0.00s, Memory = 0.0K)
    Checking Rule W486 (Rule 143 of total 260) .... done (Time = 0.00s, Memory = 0.0K)
    Checking Rule W499 (Rule 144 of total 260) .... done (Time = 0.00s, Memory = 32.0K)
    Checking Rule W502 (Rule 145 of total 260) .... done (Time = 0.00s, Memory = 0.0K)
    Checking Rule W116 (Rule 146 of total 260) .... done (Time = 0.00s, Memory = 0.2K)
    Checking Rule W122 (Rule 147 of total 260) .... done (Time = 0.00s, Memory = 0.2K)
    Checking Rule W123 (Rule 148 of total 260) .... done (Time = 0.00s, Memory = 0.6K)
    Checking Rule W71 (Rule 149 of total 260) .... done (Time = 0.00s, Memory = -32.0K)
    Checking Rule W240 (Rule 150 of total 260) .... done (Time = 0.00s, Memory = 0.0K)
    Checking Rule W240 (Rule 151 of total 260) .... done (Time = 0.00s, Memory = 0.2K)
    Checking Rule W293 (Rule 152 of total 260) .... done (Time = 0.00s, Memory = 0.0K)
    Checking Rule W398 (Rule 153 of total 260) .... done (Time = 0.00s, Memory = 0.0K)
    Checking Rule W424 (Rule 154 of total 260) .... done (Time = 0.00s, Memory = -0.0K)
    Checking Rule W467 (Rule 155 of total 260) .... done (Time = 0.00s, Memory = -30.0K)
    Checking Rule W505 (Rule 156 of total 260) .... done (Time = 0.00s, Memory = 6.2K)
    Checking Rule W505 (Rule 157 of total 260) .... done (Time = 0.00s, Memory = 0.0K)
    Checking Rule Prereqs_Usage (Rule 158 of total 260) .... done (Time = 0.00s, Memory = -16.0K)
    Checking Rule Postreqs_CheckFuncTask (Rule 159 of total 260) .... done (Time = 0.00s, Memory = -0.8K)
    Checking Rule Prereqs_ConstantInput-ML (Rule 160 of total 260) .... done (Time = 0.00s, Memory = 0.0K)
    Checking Rule Prereqs_ConstantInput-ML (Rule 161 of total 260) .... done (Time = 0.00s, Memory = 0.0K)
    Checking Rule ReportPortInfo-ML (Rule 162 of total 260) .... done (Time = 0.00s, Memory = 31.6K)
    Checking Rule NoAssignX-ML (Rule 163 of total 260) .... done (Time = 0.00s, Memory = -32.0K)
    Checking Rule ParamWidthMismatch-ML (Rule 164 of total 260) .... done (Time = 0.00s, Memory = 32.0K)
    Checking Rule DuplicateCaseLabel-ML (Rule 165 of total 260) .... done (Time = 0.00s, Memory = -32.0K)
    Checking Rule Postreqs_Usage_ML (Rule 166 of total 260) .... done (Time = 0.00s, Memory = 32.0K)
    Checking Rule NoXInCase-ML (Rule 167 of total 260) .... done (Time = 0.00s, Memory = 0.0K)
Checking ELABDU Rules for designUnit encryption_unit
    Checking Rule syncRstReq (Rule 116 of total 260) .... done (Time = 0.00s, Memory = -9.4K)
    Checking Rule syncRstReq (Rule 117 of total 260) .... done (Time = 0.00s, Memory = 0.0K)
    Checking Rule AcOvlRtl (Rule 118 of total 260) .... done (Time = 0.00s, Memory = 0.0K)
    Checking Rule AcOvlRtl (Rule 119 of total 260) .... done (Time = 0.00s, Memory = 0.2K)
    Checking Rule Prereqs_STARC-2.3.6.1 (Rule 120 of total 260) .... done (Time = 0.00s, Memory = -32.0K)
    Checking Rule GenTopLevelBlocksForAutoSoc (Rule 121 of total 260) .... done (Time = 0.00s, Memory = 0.0K)
    Checking Rule STARC05-2.1.5.3 (Rule 122 of total 260) .... done (Time = 0.00s, Memory = 0.0K)
    Checking Rule STARC05-2.2.3.3 (Rule 123 of total 260) .... done (Time = 0.00s, Memory = 0.0K)
    Checking Rule STARC05-2.3.1.6 (Rule 124 of total 260) .... done (Time = 0.00s, Memory = 0.0K)
    Checking Rule STARC05-2.10.2.3 (Rule 125 of total 260) .... done (Time = 0.00s, Memory = 0.0K)
    Checking Rule STARC05-2.11.3.1 (Rule 126 of total 260) .... done (Time = 0.00s, Memory = 0.0K)
    Checking Rule STARC05-2.1.3.1 (Rule 127 of total 260) .... done (Time = 0.00s, Memory = 0.0K)
    Checking Rule W110 (Rule 128 of total 260) .... done (Time = 0.00s, Memory = -4.5K)
    Checking Rule W122 (Rule 129 of total 260) .... done (Time = 0.00s, Memory = 0.0K)
    Checking Rule W496a (Rule 130 of total 260) .... done (Time = 0.00s, Memory = 32.0K)
    Checking Rule W19 (Rule 131 of total 260) .... done (Time = 0.00s, Memory = -2.5K)
    Checking Rule W66 (Rule 132 of total 260) .... done (Time = 0.00s, Memory = 0.0K)
    Checking Rule W116 (Rule 133 of total 260) .... done (Time = 0.00s, Memory = -32.6K)
    Checking Rule W123 (Rule 134 of total 260) .... done (Time = 0.00s, Memory = 26.0K)
    Checking Rule W215 (Rule 135 of total 260) .... done (Time = 0.00s, Memory = 0.0K)
    Checking Rule W216 (Rule 136 of total 260) .... done (Time = 0.00s, Memory = 32.0K)
    Checking Rule W218 (Rule 137 of total 260) .... done (Time = 0.00s, Memory = -30.0K)
    Checking Rule W263 (Rule 138 of total 260) .... done (Time = 0.00s, Memory = 32.0K)
    Checking Rule W289 (Rule 139 of total 260) .... done (Time = 0.00s, Memory = 0.0K)
    Checking Rule W337 (Rule 140 of total 260) .... done (Time = 0.00s, Memory = -32.3K)
    Checking Rule W352 (Rule 141 of total 260) .... done (Time = 0.00s, Memory = 0.0K)
    Checking Rule W362 (Rule 142 of total 260) .... done (Time = 0.00s, Memory = 0.2K)
    Checking Rule W486 (Rule 143 of total 260) .... done (Time = 0.00s, Memory = -0.4K)
    Checking Rule W499 (Rule 144 of total 260) .... done (Time = 0.00s, Memory = 0.0K)
    Checking Rule W502 (Rule 145 of total 260) .... done (Time = 0.00s, Memory = 0.4K)
    Checking Rule W116 (Rule 146 of total 260) .... done (Time = 0.00s, Memory = 0.2K)
    Checking Rule W122 (Rule 147 of total 260) .... done (Time = 0.00s, Memory = 0.2K)
    Checking Rule W123 (Rule 148 of total 260) .... done (Time = 0.00s, Memory = 0.6K)
    Checking Rule W71 (Rule 149 of total 260) .... done (Time = 0.00s, Memory = -32.0K)
    Checking Rule W240 (Rule 150 of total 260) .... done (Time = 0.00s, Memory = 32.1K)
    Checking Rule W240 (Rule 151 of total 260) .... done (Time = 0.00s, Memory = 0.2K)
    Checking Rule W293 (Rule 152 of total 260) .... done (Time = 0.00s, Memory = -32.0K)
    Checking Rule W398 (Rule 153 of total 260) .... done (Time = 0.00s, Memory = -32.0K)
    Checking Rule W424 (Rule 154 of total 260) .... done (Time = 0.01s, Memory = 0.0K)
    Checking Rule W467 (Rule 155 of total 260) .... done (Time = 0.00s, Memory = -31.5K)
    Checking Rule W505 (Rule 156 of total 260) .... done (Time = 0.00s, Memory = 0.0K)
    Checking Rule W505 (Rule 157 of total 260) .... done (Time = 0.00s, Memory = 0.0K)
    Checking Rule Prereqs_Usage (Rule 158 of total 260) .... done (Time = 0.00s, Memory = 16.0K)
    Checking Rule Postreqs_CheckFuncTask (Rule 159 of total 260) .... done (Time = 0.00s, Memory = -32.0K)
    Checking Rule Prereqs_ConstantInput-ML (Rule 160 of total 260) .... done (Time = 0.00s, Memory = -32.0K)
    Checking Rule Prereqs_ConstantInput-ML (Rule 161 of total 260) .... done (Time = 0.00s, Memory = 0.0K)
    Checking Rule ReportPortInfo-ML (Rule 162 of total 260) .... done (Time = 0.00s, Memory = 32.0K)
    Checking Rule NoAssignX-ML (Rule 163 of total 260) .... done (Time = 0.00s, Memory = -24.0K)
    Checking Rule ParamWidthMismatch-ML (Rule 164 of total 260) .... done (Time = 0.00s, Memory = -32.0K)
    Checking Rule DuplicateCaseLabel-ML (Rule 165 of total 260) .... done (Time = 0.00s, Memory = 32.0K)
    Checking Rule Postreqs_Usage_ML (Rule 166 of total 260) .... done (Time = 0.00s, Memory = -32.0K)
    Checking Rule NoXInCase-ML (Rule 167 of total 260) .... done (Time = 0.00s, Memory = 0.0K)
Checking ELABDU Rules for designUnit parity_unit
    Checking Rule syncRstReq (Rule 116 of total 260) .... done (Time = 0.00s, Memory = 8.0K)
    Checking Rule syncRstReq (Rule 117 of total 260) .... done (Time = 0.00s, Memory = 0.0K)
    Checking Rule AcOvlRtl (Rule 118 of total 260) .... done (Time = 0.00s, Memory = 32.0K)
    Checking Rule AcOvlRtl (Rule 119 of total 260) .... done (Time = 0.00s, Memory = 0.2K)
    Checking Rule Prereqs_STARC-2.3.6.1 (Rule 120 of total 260) .... done (Time = 0.00s, Memory = 0.0K)
    Checking Rule GenTopLevelBlocksForAutoSoc (Rule 121 of total 260) .... done (Time = 0.00s, Memory = 0.0K)
    Checking Rule STARC05-2.1.5.3 (Rule 122 of total 260) .... done (Time = 0.00s, Memory = 0.0K)
    Checking Rule STARC05-2.2.3.3 (Rule 123 of total 260) .... done (Time = 0.00s, Memory = 3.9K)
    Checking Rule STARC05-2.3.1.6 (Rule 124 of total 260) .... done (Time = 0.00s, Memory = -0.8K)
    Checking Rule STARC05-2.10.2.3 (Rule 125 of total 260) .... done (Time = 0.00s, Memory = 3.0K)
    Checking Rule STARC05-2.11.3.1 (Rule 126 of total 260) .... done (Time = 0.00s, Memory = 35.0K)
    Checking Rule STARC05-2.1.3.1 (Rule 127 of total 260) .... done (Time = 0.00s, Memory = 0.0K)
    Checking Rule W110 (Rule 128 of total 260) .... done (Time = 0.00s, Memory = 0.0K)
    Checking Rule W122 (Rule 129 of total 260) .... done (Time = 0.00s, Memory = -32.0K)
    Checking Rule W496a (Rule 130 of total 260) .... done (Time = 0.00s, Memory = 0.0K)
    Checking Rule W19 (Rule 131 of total 260) .... done (Time = 0.00s, Memory = 0.0K)
    Checking Rule W66 (Rule 132 of total 260) .... done (Time = 0.00s, Memory = 0.1K)
    Checking Rule W116 (Rule 133 of total 260) .... done (Time = 0.00s, Memory = 0.0K)
    Checking Rule W123 (Rule 134 of total 260) .... done (Time = 0.00s, Memory = 48.0K)
    Checking Rule W215 (Rule 135 of total 260) .... done (Time = 0.00s, Memory = 0.0K)
    Checking Rule W216 (Rule 136 of total 260) .... done (Time = 0.00s, Memory = 0.0K)
    Checking Rule W218 (Rule 137 of total 260) .... done (Time = 0.00s, Memory = -0.2K)
    Checking Rule W263 (Rule 138 of total 260) .... done (Time = 0.00s, Memory = -32.5K)
    Checking Rule W289 (Rule 139 of total 260) .... done (Time = 0.00s, Memory = 0.0K)
    Checking Rule W337 (Rule 140 of total 260) .... done (Time = 0.00s, Memory = -3.9K)
    Checking Rule W352 (Rule 141 of total 260) .... done (Time = 0.00s, Memory = 32.0K)
    Checking Rule W362 (Rule 142 of total 260) .... done (Time = 0.00s, Memory = 0.0K)
    Checking Rule W486 (Rule 143 of total 260) .... done (Time = 0.00s, Memory = 0.0K)
    Checking Rule W499 (Rule 144 of total 260) .... done (Time = 0.00s, Memory = 8.0K)
    Checking Rule W502 (Rule 145 of total 260) .... done (Time = 0.00s, Memory = -0.1K)
    Checking Rule W116 (Rule 146 of total 260) .... done (Time = 0.00s, Memory = 0.2K)
    Checking Rule W122 (Rule 147 of total 260) .... done (Time = 0.00s, Memory = 0.2K)
    Checking Rule W123 (Rule 148 of total 260) .... done (Time = 0.00s, Memory = 0.6K)
    Checking Rule W71 (Rule 149 of total 260) .... done (Time = 0.00s, Memory = -31.1K)
    Checking Rule W240 (Rule 150 of total 260) .... done (Time = 0.00s, Memory = 0.1K)
    Checking Rule W240 (Rule 151 of total 260) .... done (Time = 0.00s, Memory = 0.2K)
    Checking Rule W293 (Rule 152 of total 260) .... done (Time = 0.00s, Memory = 30.1K)
    Checking Rule W398 (Rule 153 of total 260) .... done (Time = 0.00s, Memory = 0.0K)
    Checking Rule W424 (Rule 154 of total 260) .... done (Time = 0.00s, Memory = 0.0K)
    Checking Rule W467 (Rule 155 of total 260) .... done (Time = 0.00s, Memory = 0.0K)
    Checking Rule W505 (Rule 156 of total 260) .... done (Time = 0.00s, Memory = 0.0K)
    Checking Rule W505 (Rule 157 of total 260) .... done (Time = 0.00s, Memory = 0.0K)
    Checking Rule Prereqs_Usage (Rule 158 of total 260) .... done (Time = 0.00s, Memory = -16.0K)
    Checking Rule Postreqs_CheckFuncTask (Rule 159 of total 260) .... done (Time = 0.00s, Memory = 0.0K)
    Checking Rule Prereqs_ConstantInput-ML (Rule 160 of total 260) .... done (Time = 0.00s, Memory = 0.0K)
    Checking Rule Prereqs_ConstantInput-ML (Rule 161 of total 260) .... done (Time = 0.00s, Memory = 0.0K)
    Checking Rule ReportPortInfo-ML (Rule 162 of total 260) .... done (Time = 0.00s, Memory = 0.0K)
    Checking Rule NoAssignX-ML (Rule 163 of total 260) .... done (Time = 0.00s, Memory = 0.0K)
    Checking Rule ParamWidthMismatch-ML (Rule 164 of total 260) .... done (Time = 0.00s, Memory = 0.0K)
    Checking Rule DuplicateCaseLabel-ML (Rule 165 of total 260) .... done (Time = 0.00s, Memory = 38.2K)
    Checking Rule Postreqs_Usage_ML (Rule 166 of total 260) .... done (Time = 0.00s, Memory = -31.8K)
    Checking Rule NoXInCase-ML (Rule 167 of total 260) .... done (Time = 0.00s, Memory = 0.0K)
Checking ELABDU Rules for designUnit cdm
    Checking Rule syncRstReq (Rule 116 of total 260) .... done (Time = 0.00s, Memory = 0.0K)
    Checking Rule syncRstReq (Rule 117 of total 260) .... done (Time = 0.00s, Memory = 0.0K)
    Checking Rule AcOvlRtl (Rule 118 of total 260) .... done (Time = 0.00s, Memory = 0.0K)
    Checking Rule AcOvlRtl (Rule 119 of total 260) .... done (Time = 0.00s, Memory = 0.2K)
    Checking Rule Prereqs_STARC-2.3.6.1 (Rule 120 of total 260) .... done (Time = 0.00s, Memory = 0.0K)
    Checking Rule GenTopLevelBlocksForAutoSoc (Rule 121 of total 260) .... done (Time = 0.00s, Memory = -0.1K)
    Checking Rule STARC05-2.1.5.3 (Rule 122 of total 260) .... done (Time = 0.00s, Memory = 0.0K)
    Checking Rule STARC05-2.2.3.3 (Rule 123 of total 260) .... done (Time = 0.00s, Memory = -10.5K)
    Checking Rule STARC05-2.3.1.6 (Rule 124 of total 260) .... done (Time = 0.00s, Memory = 0.0K)
    Checking Rule STARC05-2.10.2.3 (Rule 125 of total 260) .... done (Time = 0.00s, Memory = 0.0K)
    Checking Rule STARC05-2.11.3.1 (Rule 126 of total 260) .... done (Time = 0.00s, Memory = -0.2K)
    Checking Rule STARC05-2.1.3.1 (Rule 127 of total 260) .... done (Time = 0.00s, Memory = 6.0K)
    Checking Rule W110 (Rule 128 of total 260) .... done (Time = 0.00s, Memory = 0.0K)
    Checking Rule W122 (Rule 129 of total 260) .... done (Time = 0.00s, Memory = 0.0K)
    Checking Rule W496a (Rule 130 of total 260) .... done (Time = 0.00s, Memory = 0.0K)
    Checking Rule W19 (Rule 131 of total 260) .... done (Time = 0.00s, Memory = 1.7K)
    Checking Rule W66 (Rule 132 of total 260) .... done (Time = 0.00s, Memory = 4.7K)
    Checking Rule W116 (Rule 133 of total 260) .... done (Time = 0.00s, Memory = -27.8K)
    Checking Rule W123 (Rule 134 of total 260) .... done (Time = 0.01s, Memory = 21.4K)
    Checking Rule W215 (Rule 135 of total 260) .... done (Time = 0.00s, Memory = 0.0K)
    Checking Rule W216 (Rule 136 of total 260) .... done (Time = 0.00s, Memory = -33.8K)
    Checking Rule W218 (Rule 137 of total 260) .... done (Time = 0.00s, Memory = 0.0K)
    Checking Rule W263 (Rule 138 of total 260) .... done (Time = 0.00s, Memory = -0.5K)
    Checking Rule W289 (Rule 139 of total 260) .... done (Time = 0.00s, Memory = 0.0K)
    Checking Rule W337 (Rule 140 of total 260) .... done (Time = 0.00s, Memory = 0.0K)
    Checking Rule W352 (Rule 141 of total 260) .... done (Time = 0.00s, Memory = 0.0K)
    Checking Rule W362 (Rule 142 of total 260) .... done (Time = 0.00s, Memory = 0.0K)
    Checking Rule W486 (Rule 143 of total 260) .... done (Time = 0.00s, Memory = 0.0K)
    Checking Rule W499 (Rule 144 of total 260) .... done (Time = 0.00s, Memory = 0.0K)
    Checking Rule W502 (Rule 145 of total 260) .... done (Time = 0.00s, Memory = 0.0K)
    Checking Rule W116 (Rule 146 of total 260) .... done (Time = 0.00s, Memory = 0.2K)
    Checking Rule W122 (Rule 147 of total 260) .... done (Time = 0.00s, Memory = 0.2K)
    Checking Rule W123 (Rule 148 of total 260) .... done (Time = 0.00s, Memory = 0.6K)
    Checking Rule W71 (Rule 149 of total 260) .... done (Time = 0.00s, Memory = 0.0K)
    Checking Rule W240 (Rule 150 of total 260) .... done (Time = 0.00s, Memory = 0.0K)
    Checking Rule W240 (Rule 151 of total 260) .... done (Time = 0.00s, Memory = 0.2K)
    Checking Rule W293 (Rule 152 of total 260) .... done (Time = 0.00s, Memory = 8.0K)
    Checking Rule W398 (Rule 153 of total 260) .... done (Time = 0.00s, Memory = 0.0K)
    Checking Rule W424 (Rule 154 of total 260) .... done (Time = 0.00s, Memory = 0.0K)
    Checking Rule W467 (Rule 155 of total 260) .... done (Time = 0.00s, Memory = 0.0K)
    Checking Rule W505 (Rule 156 of total 260) .... done (Time = 0.00s, Memory = 0.0K)
    Checking Rule W505 (Rule 157 of total 260) .... done (Time = 0.00s, Memory = 0.0K)
    Checking Rule Prereqs_Usage (Rule 158 of total 260) .... done (Time = 0.00s, Memory = -24.0K)
    Checking Rule Postreqs_CheckFuncTask (Rule 159 of total 260) .... done (Time = 0.00s, Memory = 0.0K)
    Checking Rule Prereqs_ConstantInput-ML (Rule 160 of total 260) .... done (Time = 0.00s, Memory = 0.0K)
    Checking Rule Prereqs_ConstantInput-ML (Rule 161 of total 260) .... done (Time = 0.00s, Memory = 0.0K)
    Checking Rule ReportPortInfo-ML (Rule 162 of total 260) .... done (Time = 0.00s, Memory = 0.0K)
    Checking Rule NoAssignX-ML (Rule 163 of total 260) .... done (Time = 0.00s, Memory = -22.5K)
    Checking Rule ParamWidthMismatch-ML (Rule 164 of total 260) .... done (Time = 0.00s, Memory = 0.0K)
    Checking Rule DuplicateCaseLabel-ML (Rule 165 of total 260) .... done (Time = 0.00s, Memory = 0.0K)
    Checking Rule Postreqs_Usage_ML (Rule 166 of total 260) .... done (Time = 0.00s, Memory = 0.0K)
    Checking Rule NoXInCase-ML (Rule 167 of total 260) .... done (Time = 0.00s, Memory = 0.0K)
Checking Rule SGDC_meta_design_hier01 (Rule 168 of total 260) .... done (Time = 0.00s, Memory = 0.0K)
 Synthesizing module: cdm (elaborated name: cdm) ... (Module 1 of total 20)  done 
 Synthesizing module: parity_unit (elaborated name: parity_unit) ... (Module 2 of total 20)  done 
 Synthesizing module: encryption_unit (elaborated name: encryption_unit) ... (Module 3 of total 20)  done 
 Synthesizing module: atu (elaborated name: atu) ... (Module 4 of total 20)  done 
 Synthesizing module: control_unit (elaborated name: control_unit) ... (Module 5 of total 20)  done 
 Synthesizing module: system_wrapper (elaborated name: system_wrapper) ... (Module 6 of total 20)  done 
 Synthesizing module: synchronizer (elaborated name: WORK_synchronizer_0) ... (Module 7 of total 20)  done 
 Synthesizing module: fifo_mem (elaborated name: fifo_mem) ... (Module 8 of total 20)  done 
 Synthesizing module: rptr_handler (elaborated name: rptr_handler) ... (Module 9 of total 20)  done 
 Synthesizing module: wptr_handler (elaborated name: wptr_handler) ... (Module 10 of total 20)  done 
 Synthesizing module: synchronizer (elaborated name: WORK_synchronizer_3) ... (Module 11 of total 20)  done 
 Synthesizing module: asynchronous_fifo (elaborated name: asynchronous_fifo) ... (Module 12 of total 20)  done 
 Synthesizing module: tx_interface (elaborated name: tx_interface) ... (Module 13 of total 20)  done 
 Synthesizing module: packet_encoder (elaborated name: packet_encoder) ... (Module 14 of total 20)  done 
 Synthesizing module: packet_formatter (elaborated name: packet_formatter) ... (Module 15 of total 20)  done 
 Synthesizing module: credit_manager (elaborated name: credit_manager) ... (Module 16 of total 20)  done 
 Synthesizing module: flit_fifo (elaborated name: flit_fifo) ... (Module 17 of total 20)  done 
 Synthesizing module: rx_interface (elaborated name: rx_interface) ... (Module 18 of total 20)  done 
 Synthesizing module: cxs_if (elaborated name: cxs_if) ... (Module 19 of total 20)  done 
 Synthesizing module: top (elaborated name: top) ... (Module 20 of total 20)  done 
 Synthesis completed.
Checking Rule InferBlackBox (Rule 169 of total 260) .... done (Time = 0.01s, Memory = -20.9K)

INFO [234]    Saving design database in directory './lint/top/.SG_SaveRestoreDB/autogenerated__default_snapshot' ...
              done

Checking Rule SGDC_waive37 (Rule 170 of total 260) .... done (Time = 0.00s, Memory = 0.0K)
Checking Rule SGDC_waive24 (Rule 171 of total 260) .... done (Time = 0.00s, Memory = -32.0K)
Checking Rule SGDC_waive25 (Rule 172 of total 260) .... done (Time = 0.00s, Memory = -32.0K)
Checking Rule SGDC_waive31 (Rule 173 of total 260) .... done (Time = 0.00s, Memory = -32.0K)
Checking Rule SGDC_waive35 (Rule 174 of total 260) .... done (Time = 0.00s, Memory = 0.0K)
Checking Rule Txv_SvaSetup01 for module cdm (Rule 175 of total 260) .... done (Time = 0.00s, Memory = 0.0K)
Checking Rule PESVASETUP01 for module cdm (Rule 176 of total 260) .... done (Time = 0.00s, Memory = 0.0K)
Checking Rule _cdc_save_license01 for module cdm (Rule 177 of total 260) .... done (Time = 0.00s, Memory = 0.0K)
Checking Rule Reset_check05 for module cdm (Rule 178 of total 260) .... done (Time = 0.00s, Memory = 0.0K)
Checking Rule _syncResetStyleRTL for module cdm (Rule 179 of total 260) .... done (Time = 0.00s, Memory = 0.0K)
Checking Rule _meta_delay01 for module cdm (Rule 180 of total 260) .... done (Time = 0.00s, Memory = 0.0K)
Checking Rule Ac_svasetup01 for module cdm (Rule 181 of total 260) .... done (Time = 0.00s, Memory = 0.0K)
Checking Rule LogNMuxPrereq for module cdm (Rule 182 of total 260) .... done (Time = 0.00s, Memory = 0.0K)
Checking Rule STARC-1.3.2.2_prereq for module cdm (Rule 183 of total 260) .... done (Time = 0.00s, Memory = 0.0K)
Checking Rule W336 for module cdm (Rule 184 of total 260) .... done (Time = 0.00s, Memory = 0.0K)
Checking Rule W414 for module cdm (Rule 185 of total 260) .... done (Time = 0.00s, Memory = 0.0K)
Checking Rule W450L for module cdm (Rule 186 of total 260) .... done (Time = 0.00s, Memory = 0.0K)
Checking Rule HangingNetPreReq-ML for module cdm (Rule 187 of total 260) .... done (Time = 0.00s, Memory = 0.0K)
Checking Rule RegInputOutput-ML for module cdm (Rule 188 of total 260) .... done (Time = 0.00s, Memory = 0.0K)
Checking Rule STARC05-2.5.1.7 for module cdm (Rule 189 of total 260) .... done (Time = 0.00s, Memory = 0.0K)
Checking Rule STARC05-2.5.1.9 for module cdm (Rule 190 of total 260) .... done (Time = 0.00s, Memory = 0.0K)
Checking Rule Txv_SvaSetup01 for module parity_unit (Rule 175 of total 260) .... done (Time = 0.00s, Memory = 0.0K)
Checking Rule PESVASETUP01 for module parity_unit (Rule 176 of total 260) .... done (Time = 0.00s, Memory = 0.0K)
Checking Rule _cdc_save_license01 for module parity_unit (Rule 177 of total 260) .... done (Time = 0.00s, Memory = 0.0K)
Checking Rule Reset_check05 for module parity_unit (Rule 178 of total 260) .... done (Time = 0.00s, Memory = 0.0K)
Checking Rule _syncResetStyleRTL for module parity_unit (Rule 179 of total 260) .... done (Time = 0.00s, Memory = 0.0K)
Checking Rule _meta_delay01 for module parity_unit (Rule 180 of total 260) .... done (Time = 0.00s, Memory = 0.0K)
Checking Rule Ac_svasetup01 for module parity_unit (Rule 181 of total 260) .... done (Time = 0.00s, Memory = 0.0K)
Checking Rule LogNMuxPrereq for module parity_unit (Rule 182 of total 260) .... done (Time = 0.00s, Memory = 0.0K)
Checking Rule STARC-1.3.2.2_prereq for module parity_unit (Rule 183 of total 260) .... done (Time = 0.00s, Memory = 0.0K)
Checking Rule W336 for module parity_unit (Rule 184 of total 260) .... done (Time = 0.00s, Memory = 0.0K)
Checking Rule W414 for module parity_unit (Rule 185 of total 260) .... done (Time = 0.00s, Memory = 0.0K)
Checking Rule W450L for module parity_unit (Rule 186 of total 260) .... done (Time = 0.00s, Memory = 0.0K)
Checking Rule HangingNetPreReq-ML for module parity_unit (Rule 187 of total 260) .... done (Time = 0.00s, Memory = 0.0K)
Checking Rule RegInputOutput-ML for module parity_unit (Rule 188 of total 260) .... done (Time = 0.00s, Memory = 0.0K)
Checking Rule STARC05-2.5.1.7 for module parity_unit (Rule 189 of total 260) .... done (Time = 0.00s, Memory = 0.0K)
Checking Rule STARC05-2.5.1.9 for module parity_unit (Rule 190 of total 260) .... done (Time = 0.00s, Memory = 0.0K)
Checking Rule Txv_SvaSetup01 for module encryption_unit (Rule 175 of total 260) .... done (Time = 0.00s, Memory = 0.0K)
Checking Rule PESVASETUP01 for module encryption_unit (Rule 176 of total 260) .... done (Time = 0.00s, Memory = 0.0K)
Checking Rule _cdc_save_license01 for module encryption_unit (Rule 177 of total 260) .... done (Time = 0.00s, Memory = 0.0K)
Checking Rule Reset_check05 for module encryption_unit (Rule 178 of total 260) .... done (Time = 0.00s, Memory = 0.0K)
Checking Rule _syncResetStyleRTL for module encryption_unit (Rule 179 of total 260) .... done (Time = 0.00s, Memory = 0.0K)
Checking Rule _meta_delay01 for module encryption_unit (Rule 180 of total 260) .... done (Time = 0.00s, Memory = 0.0K)
Checking Rule Ac_svasetup01 for module encryption_unit (Rule 181 of total 260) .... done (Time = 0.00s, Memory = 0.0K)
Checking Rule LogNMuxPrereq for module encryption_unit (Rule 182 of total 260) .... done (Time = 0.00s, Memory = 0.0K)
Checking Rule STARC-1.3.2.2_prereq for module encryption_unit (Rule 183 of total 260) .... done (Time = 0.00s, Memory = 0.0K)
Checking Rule W336 for module encryption_unit (Rule 184 of total 260) .... done (Time = 0.00s, Memory = 0.0K)
Checking Rule W414 for module encryption_unit (Rule 185 of total 260) .... done (Time = 0.00s, Memory = 0.0K)
Checking Rule W450L for module encryption_unit (Rule 186 of total 260) .... done (Time = 0.00s, Memory = 0.0K)
Checking Rule HangingNetPreReq-ML for module encryption_unit (Rule 187 of total 260) .... done (Time = 0.00s, Memory = 0.0K)
Checking Rule RegInputOutput-ML for module encryption_unit (Rule 188 of total 260) .... done (Time = 0.00s, Memory = 0.0K)
Checking Rule STARC05-2.5.1.7 for module encryption_unit (Rule 189 of total 260) .... done (Time = 0.00s, Memory = 0.0K)
Checking Rule STARC05-2.5.1.9 for module encryption_unit (Rule 190 of total 260) .... done (Time = 0.00s, Memory = 0.0K)
Checking Rule Txv_SvaSetup01 for module atu (Rule 175 of total 260) .... done (Time = 0.00s, Memory = 0.0K)
Checking Rule PESVASETUP01 for module atu (Rule 176 of total 260) .... done (Time = 0.00s, Memory = 0.0K)
Checking Rule _cdc_save_license01 for module atu (Rule 177 of total 260) .... done (Time = 0.00s, Memory = 0.0K)
Checking Rule Reset_check05 for module atu (Rule 178 of total 260) .... done (Time = 0.00s, Memory = 0.0K)
Checking Rule _syncResetStyleRTL for module atu (Rule 179 of total 260) .... done (Time = 0.00s, Memory = 0.0K)
Checking Rule _meta_delay01 for module atu (Rule 180 of total 260) .... done (Time = 0.00s, Memory = 0.0K)
Checking Rule Ac_svasetup01 for module atu (Rule 181 of total 260) .... done (Time = 0.00s, Memory = 0.0K)
Checking Rule LogNMuxPrereq for module atu (Rule 182 of total 260) .... done (Time = 0.00s, Memory = 0.0K)
Checking Rule STARC-1.3.2.2_prereq for module atu (Rule 183 of total 260) .... done (Time = 0.00s, Memory = 0.0K)
Checking Rule W336 for module atu (Rule 184 of total 260) .... done (Time = 0.00s, Memory = 0.0K)
Checking Rule W414 for module atu (Rule 185 of total 260) .... done (Time = 0.00s, Memory = 0.0K)
Checking Rule W450L for module atu (Rule 186 of total 260) .... done (Time = 0.00s, Memory = 0.0K)
Checking Rule HangingNetPreReq-ML for module atu (Rule 187 of total 260) .... done (Time = 0.00s, Memory = 0.0K)
Checking Rule RegInputOutput-ML for module atu (Rule 188 of total 260) .... done (Time = 0.00s, Memory = 0.0K)
Checking Rule STARC05-2.5.1.7 for module atu (Rule 189 of total 260) .... done (Time = 0.00s, Memory = 0.0K)
Checking Rule STARC05-2.5.1.9 for module atu (Rule 190 of total 260) .... done (Time = 0.00s, Memory = 0.0K)
Checking Rule Txv_SvaSetup01 for module control_unit (Rule 175 of total 260) .... done (Time = 0.00s, Memory = 0.0K)
Checking Rule PESVASETUP01 for module control_unit (Rule 176 of total 260) .... done (Time = 0.00s, Memory = 0.0K)
Checking Rule _cdc_save_license01 for module control_unit (Rule 177 of total 260) .... done (Time = 0.00s, Memory = 0.0K)
Checking Rule Reset_check05 for module control_unit (Rule 178 of total 260) .... done (Time = 0.00s, Memory = 0.0K)
Checking Rule _syncResetStyleRTL for module control_unit (Rule 179 of total 260) .... done (Time = 0.00s, Memory = 0.0K)
Checking Rule _meta_delay01 for module control_unit (Rule 180 of total 260) .... done (Time = 0.00s, Memory = 0.0K)
Checking Rule Ac_svasetup01 for module control_unit (Rule 181 of total 260) .... done (Time = 0.00s, Memory = 0.0K)
Checking Rule LogNMuxPrereq for module control_unit (Rule 182 of total 260) .... done (Time = 0.00s, Memory = 0.0K)
Checking Rule STARC-1.3.2.2_prereq for module control_unit (Rule 183 of total 260) .... done (Time = 0.00s, Memory = 0.0K)
Checking Rule W336 for module control_unit (Rule 184 of total 260) .... done (Time = 0.00s, Memory = 0.0K)
Checking Rule W414 for module control_unit (Rule 185 of total 260) .... done (Time = 0.00s, Memory = 0.0K)
Checking Rule W450L for module control_unit (Rule 186 of total 260) .... done (Time = 0.00s, Memory = 0.0K)
Checking Rule HangingNetPreReq-ML for module control_unit (Rule 187 of total 260) .... done (Time = 0.00s, Memory = 0.0K)
Checking Rule RegInputOutput-ML for module control_unit (Rule 188 of total 260) .... done (Time = 0.00s, Memory = 0.0K)
Checking Rule STARC05-2.5.1.7 for module control_unit (Rule 189 of total 260) .... done (Time = 0.00s, Memory = 0.0K)
Checking Rule STARC05-2.5.1.9 for module control_unit (Rule 190 of total 260) .... done (Time = 0.00s, Memory = 0.0K)
Checking Rule Txv_SvaSetup01 for module system_wrapper (Rule 175 of total 260) .... done (Time = 0.00s, Memory = 0.0K)
Checking Rule PESVASETUP01 for module system_wrapper (Rule 176 of total 260) .... done (Time = 0.00s, Memory = 0.0K)
Checking Rule _cdc_save_license01 for module system_wrapper (Rule 177 of total 260) .... done (Time = 0.00s, Memory = 0.0K)
Checking Rule Reset_check05 for module system_wrapper (Rule 178 of total 260) .... done (Time = 0.00s, Memory = 0.0K)
Checking Rule _syncResetStyleRTL for module system_wrapper (Rule 179 of total 260) .... done (Time = 0.00s, Memory = 0.0K)
Checking Rule _meta_delay01 for module system_wrapper (Rule 180 of total 260) .... done (Time = 0.00s, Memory = 0.0K)
Checking Rule Ac_svasetup01 for module system_wrapper (Rule 181 of total 260) .... done (Time = 0.00s, Memory = 0.0K)
Checking Rule LogNMuxPrereq for module system_wrapper (Rule 182 of total 260) .... done (Time = 0.00s, Memory = 0.0K)
Checking Rule STARC-1.3.2.2_prereq for module system_wrapper (Rule 183 of total 260) .... done (Time = 0.00s, Memory = 0.0K)
Checking Rule W336 for module system_wrapper (Rule 184 of total 260) .... done (Time = 0.00s, Memory = 0.0K)
Checking Rule W414 for module system_wrapper (Rule 185 of total 260) .... done (Time = 0.00s, Memory = 0.0K)
Checking Rule W450L for module system_wrapper (Rule 186 of total 260) .... done (Time = 0.00s, Memory = 0.0K)
Checking Rule HangingNetPreReq-ML for module system_wrapper (Rule 187 of total 260) .... done (Time = 0.00s, Memory = 0.0K)
Checking Rule RegInputOutput-ML for module system_wrapper (Rule 188 of total 260) .... done (Time = 0.00s, Memory = 0.0K)
Checking Rule STARC05-2.5.1.7 for module system_wrapper (Rule 189 of total 260) .... done (Time = 0.00s, Memory = 0.0K)
Checking Rule STARC05-2.5.1.9 for module system_wrapper (Rule 190 of total 260) .... done (Time = 0.00s, Memory = 0.0K)
Checking Rule Txv_SvaSetup01 for module synchronizer (Rule 175 of total 260) .... done (Time = 0.00s, Memory = 0.0K)
Checking Rule PESVASETUP01 for module synchronizer (Rule 176 of total 260) .... done (Time = 0.00s, Memory = 0.0K)
Checking Rule _cdc_save_license01 for module synchronizer (Rule 177 of total 260) .... done (Time = 0.00s, Memory = 0.0K)
Checking Rule Reset_check05 for module synchronizer (Rule 178 of total 260) .... done (Time = 0.00s, Memory = 0.0K)
Checking Rule _syncResetStyleRTL for module synchronizer (Rule 179 of total 260) .... done (Time = 0.00s, Memory = 0.0K)
Checking Rule _meta_delay01 for module synchronizer (Rule 180 of total 260) .... done (Time = 0.00s, Memory = 0.0K)
Checking Rule Ac_svasetup01 for module synchronizer (Rule 181 of total 260) .... done (Time = 0.00s, Memory = 0.0K)
Checking Rule LogNMuxPrereq for module synchronizer (Rule 182 of total 260) .... done (Time = 0.00s, Memory = 0.0K)
Checking Rule STARC-1.3.2.2_prereq for module synchronizer (Rule 183 of total 260) .... done (Time = 0.00s, Memory = 0.0K)
Checking Rule W336 for module synchronizer (Rule 184 of total 260) .... done (Time = 0.00s, Memory = 0.0K)
Checking Rule W414 for module synchronizer (Rule 185 of total 260) .... done (Time = 0.00s, Memory = 0.0K)
Checking Rule W450L for module synchronizer (Rule 186 of total 260) .... done (Time = 0.00s, Memory = 0.0K)
Checking Rule HangingNetPreReq-ML for module synchronizer (Rule 187 of total 260) .... done (Time = 0.00s, Memory = 0.0K)
Checking Rule RegInputOutput-ML for module synchronizer (Rule 188 of total 260) .... done (Time = 0.00s, Memory = 0.0K)
Checking Rule STARC05-2.5.1.7 for module synchronizer (Rule 189 of total 260) .... done (Time = 0.00s, Memory = 0.0K)
Checking Rule STARC05-2.5.1.9 for module synchronizer (Rule 190 of total 260) .... done (Time = 0.00s, Memory = 0.0K)
Checking Rule Txv_SvaSetup01 for module fifo_mem (Rule 175 of total 260) .... done (Time = 0.00s, Memory = 0.0K)
Checking Rule PESVASETUP01 for module fifo_mem (Rule 176 of total 260) .... done (Time = 0.00s, Memory = 0.0K)
Checking Rule _cdc_save_license01 for module fifo_mem (Rule 177 of total 260) .... done (Time = 0.00s, Memory = 0.0K)
Checking Rule Reset_check05 for module fifo_mem (Rule 178 of total 260) .... done (Time = 0.00s, Memory = 0.0K)
Checking Rule _syncResetStyleRTL for module fifo_mem (Rule 179 of total 260) .... done (Time = 0.00s, Memory = 0.0K)
Checking Rule _meta_delay01 for module fifo_mem (Rule 180 of total 260) .... done (Time = 0.00s, Memory = 0.0K)
Checking Rule Ac_svasetup01 for module fifo_mem (Rule 181 of total 260) .... done (Time = 0.00s, Memory = 0.0K)
Checking Rule LogNMuxPrereq for module fifo_mem (Rule 182 of total 260) .... done (Time = 0.00s, Memory = 0.0K)
Checking Rule STARC-1.3.2.2_prereq for module fifo_mem (Rule 183 of total 260) .... done (Time = 0.00s, Memory = 0.0K)
Checking Rule W336 for module fifo_mem (Rule 184 of total 260) .... done (Time = 0.00s, Memory = 0.0K)
Checking Rule W414 for module fifo_mem (Rule 185 of total 260) .... done (Time = 0.00s, Memory = 0.0K)
Checking Rule W450L for module fifo_mem (Rule 186 of total 260) .... done (Time = 0.00s, Memory = 0.0K)
Checking Rule HangingNetPreReq-ML for module fifo_mem (Rule 187 of total 260) .... done (Time = 0.00s, Memory = 0.0K)
Checking Rule RegInputOutput-ML for module fifo_mem (Rule 188 of total 260) .... done (Time = 0.00s, Memory = 0.0K)
Checking Rule STARC05-2.5.1.7 for module fifo_mem (Rule 189 of total 260) .... done (Time = 0.00s, Memory = 0.0K)
Checking Rule STARC05-2.5.1.9 for module fifo_mem (Rule 190 of total 260) .... done (Time = 0.00s, Memory = 0.0K)
Checking Rule Txv_SvaSetup01 for module rptr_handler (Rule 175 of total 260) .... done (Time = 0.00s, Memory = 0.0K)
Checking Rule PESVASETUP01 for module rptr_handler (Rule 176 of total 260) .... done (Time = 0.00s, Memory = 0.0K)
Checking Rule _cdc_save_license01 for module rptr_handler (Rule 177 of total 260) .... done (Time = 0.00s, Memory = 0.0K)
Checking Rule Reset_check05 for module rptr_handler (Rule 178 of total 260) .... done (Time = 0.00s, Memory = 0.0K)
Checking Rule _syncResetStyleRTL for module rptr_handler (Rule 179 of total 260) .... done (Time = 0.00s, Memory = 0.0K)
Checking Rule _meta_delay01 for module rptr_handler (Rule 180 of total 260) .... done (Time = 0.00s, Memory = 0.0K)
Checking Rule Ac_svasetup01 for module rptr_handler (Rule 181 of total 260) .... done (Time = 0.00s, Memory = 0.0K)
Checking Rule LogNMuxPrereq for module rptr_handler (Rule 182 of total 260) .... done (Time = 0.00s, Memory = 0.0K)
Checking Rule STARC-1.3.2.2_prereq for module rptr_handler (Rule 183 of total 260) .... done (Time = 0.00s, Memory = 0.0K)
Checking Rule W336 for module rptr_handler (Rule 184 of total 260) .... done (Time = 0.00s, Memory = 0.0K)
Checking Rule W414 for module rptr_handler (Rule 185 of total 260) .... done (Time = 0.00s, Memory = 0.0K)
Checking Rule W450L for module rptr_handler (Rule 186 of total 260) .... done (Time = 0.00s, Memory = 0.0K)
Checking Rule HangingNetPreReq-ML for module rptr_handler (Rule 187 of total 260) .... done (Time = 0.00s, Memory = 0.0K)
Checking Rule RegInputOutput-ML for module rptr_handler (Rule 188 of total 260) .... done (Time = 0.00s, Memory = 0.0K)
Checking Rule STARC05-2.5.1.7 for module rptr_handler (Rule 189 of total 260) .... done (Time = 0.00s, Memory = 0.0K)
Checking Rule STARC05-2.5.1.9 for module rptr_handler (Rule 190 of total 260) .... done (Time = 0.00s, Memory = 0.0K)
Checking Rule Txv_SvaSetup01 for module wptr_handler (Rule 175 of total 260) .... done (Time = 0.00s, Memory = 0.0K)
Checking Rule PESVASETUP01 for module wptr_handler (Rule 176 of total 260) .... done (Time = 0.00s, Memory = 0.0K)
Checking Rule _cdc_save_license01 for module wptr_handler (Rule 177 of total 260) .... done (Time = 0.00s, Memory = 0.0K)
Checking Rule Reset_check05 for module wptr_handler (Rule 178 of total 260) .... done (Time = 0.00s, Memory = 0.0K)
Checking Rule _syncResetStyleRTL for module wptr_handler (Rule 179 of total 260) .... done (Time = 0.00s, Memory = 0.0K)
Checking Rule _meta_delay01 for module wptr_handler (Rule 180 of total 260) .... done (Time = 0.00s, Memory = 0.0K)
Checking Rule Ac_svasetup01 for module wptr_handler (Rule 181 of total 260) .... done (Time = 0.00s, Memory = 0.0K)
Checking Rule LogNMuxPrereq for module wptr_handler (Rule 182 of total 260) .... done (Time = 0.00s, Memory = 0.0K)
Checking Rule STARC-1.3.2.2_prereq for module wptr_handler (Rule 183 of total 260) .... done (Time = 0.00s, Memory = 0.0K)
Checking Rule W336 for module wptr_handler (Rule 184 of total 260) .... done (Time = 0.00s, Memory = 0.0K)
Checking Rule W414 for module wptr_handler (Rule 185 of total 260) .... done (Time = 0.00s, Memory = 0.0K)
Checking Rule W450L for module wptr_handler (Rule 186 of total 260) .... done (Time = 0.00s, Memory = 0.0K)
Checking Rule HangingNetPreReq-ML for module wptr_handler (Rule 187 of total 260) .... done (Time = 0.00s, Memory = 0.0K)
Checking Rule RegInputOutput-ML for module wptr_handler (Rule 188 of total 260) .... done (Time = 0.00s, Memory = 0.0K)
Checking Rule STARC05-2.5.1.7 for module wptr_handler (Rule 189 of total 260) .... done (Time = 0.00s, Memory = 0.0K)
Checking Rule STARC05-2.5.1.9 for module wptr_handler (Rule 190 of total 260) .... done (Time = 0.00s, Memory = 0.0K)
Checking Rule Txv_SvaSetup01 for module synchronizer (Rule 175 of total 260) .... done (Time = 0.00s, Memory = 0.0K)
Checking Rule PESVASETUP01 for module synchronizer (Rule 176 of total 260) .... done (Time = 0.00s, Memory = 0.0K)
Checking Rule _cdc_save_license01 for module synchronizer (Rule 177 of total 260) .... done (Time = 0.00s, Memory = 0.0K)
Checking Rule Reset_check05 for module synchronizer (Rule 178 of total 260) .... done (Time = 0.00s, Memory = 0.0K)
Checking Rule _syncResetStyleRTL for module synchronizer (Rule 179 of total 260) .... done (Time = 0.00s, Memory = 0.0K)
Checking Rule _meta_delay01 for module synchronizer (Rule 180 of total 260) .... done (Time = 0.00s, Memory = 0.0K)
Checking Rule Ac_svasetup01 for module synchronizer (Rule 181 of total 260) .... done (Time = 0.00s, Memory = 0.0K)
Checking Rule LogNMuxPrereq for module synchronizer (Rule 182 of total 260) .... done (Time = 0.00s, Memory = 0.0K)
Checking Rule STARC-1.3.2.2_prereq for module synchronizer (Rule 183 of total 260) .... done (Time = 0.00s, Memory = 0.0K)
Checking Rule W336 for module synchronizer (Rule 184 of total 260) .... done (Time = 0.00s, Memory = 0.0K)
Checking Rule W414 for module synchronizer (Rule 185 of total 260) .... done (Time = 0.00s, Memory = 0.0K)
Checking Rule W450L for module synchronizer (Rule 186 of total 260) .... done (Time = 0.00s, Memory = 0.0K)
Checking Rule HangingNetPreReq-ML for module synchronizer (Rule 187 of total 260) .... done (Time = 0.00s, Memory = 0.0K)
Checking Rule RegInputOutput-ML for module synchronizer (Rule 188 of total 260) .... done (Time = 0.00s, Memory = 0.0K)
Checking Rule STARC05-2.5.1.7 for module synchronizer (Rule 189 of total 260) .... done (Time = 0.00s, Memory = 0.0K)
Checking Rule STARC05-2.5.1.9 for module synchronizer (Rule 190 of total 260) .... done (Time = 0.00s, Memory = 0.0K)
Checking Rule Txv_SvaSetup01 for module asynchronous_fifo (Rule 175 of total 260) .... done (Time = 0.00s, Memory = 0.0K)
Checking Rule PESVASETUP01 for module asynchronous_fifo (Rule 176 of total 260) .... done (Time = 0.00s, Memory = 0.0K)
Checking Rule _cdc_save_license01 for module asynchronous_fifo (Rule 177 of total 260) .... done (Time = 0.00s, Memory = 0.0K)
Checking Rule Reset_check05 for module asynchronous_fifo (Rule 178 of total 260) .... done (Time = 0.00s, Memory = 0.0K)
Checking Rule _syncResetStyleRTL for module asynchronous_fifo (Rule 179 of total 260) .... done (Time = 0.00s, Memory = 0.0K)
Checking Rule _meta_delay01 for module asynchronous_fifo (Rule 180 of total 260) .... done (Time = 0.00s, Memory = 0.0K)
Checking Rule Ac_svasetup01 for module asynchronous_fifo (Rule 181 of total 260) .... done (Time = 0.00s, Memory = 0.0K)
Checking Rule LogNMuxPrereq for module asynchronous_fifo (Rule 182 of total 260) .... done (Time = 0.00s, Memory = 0.0K)
Checking Rule STARC-1.3.2.2_prereq for module asynchronous_fifo (Rule 183 of total 260) .... done (Time = 0.00s, Memory = 0.0K)
Checking Rule W336 for module asynchronous_fifo (Rule 184 of total 260) .... done (Time = 0.00s, Memory = 0.0K)
Checking Rule W414 for module asynchronous_fifo (Rule 185 of total 260) .... done (Time = 0.00s, Memory = 0.0K)
Checking Rule W450L for module asynchronous_fifo (Rule 186 of total 260) .... done (Time = 0.00s, Memory = 0.0K)
Checking Rule HangingNetPreReq-ML for module asynchronous_fifo (Rule 187 of total 260) .... done (Time = 0.00s, Memory = 0.0K)
Checking Rule RegInputOutput-ML for module asynchronous_fifo (Rule 188 of total 260) .... done (Time = 0.00s, Memory = 0.0K)
Checking Rule STARC05-2.5.1.7 for module asynchronous_fifo (Rule 189 of total 260) .... done (Time = 0.00s, Memory = 0.0K)
Checking Rule STARC05-2.5.1.9 for module asynchronous_fifo (Rule 190 of total 260) .... done (Time = 0.00s, Memory = 0.0K)
Checking Rule Txv_SvaSetup01 for module tx_interface (Rule 175 of total 260) .... done (Time = 0.00s, Memory = 0.0K)
Checking Rule PESVASETUP01 for module tx_interface (Rule 176 of total 260) .... done (Time = 0.00s, Memory = 0.0K)
Checking Rule _cdc_save_license01 for module tx_interface (Rule 177 of total 260) .... done (Time = 0.00s, Memory = 0.0K)
Checking Rule Reset_check05 for module tx_interface (Rule 178 of total 260) .... done (Time = 0.00s, Memory = 0.0K)
Checking Rule _syncResetStyleRTL for module tx_interface (Rule 179 of total 260) .... done (Time = 0.00s, Memory = 0.0K)
Checking Rule _meta_delay01 for module tx_interface (Rule 180 of total 260) .... done (Time = 0.00s, Memory = 0.0K)
Checking Rule Ac_svasetup01 for module tx_interface (Rule 181 of total 260) .... done (Time = 0.00s, Memory = 0.0K)
Checking Rule LogNMuxPrereq for module tx_interface (Rule 182 of total 260) .... done (Time = 0.00s, Memory = 0.0K)
Checking Rule STARC-1.3.2.2_prereq for module tx_interface (Rule 183 of total 260) .... done (Time = 0.00s, Memory = 0.0K)
Checking Rule W336 for module tx_interface (Rule 184 of total 260) .... done (Time = 0.00s, Memory = 0.0K)
Checking Rule W414 for module tx_interface (Rule 185 of total 260) .... done (Time = 0.00s, Memory = 0.0K)
Checking Rule W450L for module tx_interface (Rule 186 of total 260) .... done (Time = 0.00s, Memory = 0.0K)
Checking Rule HangingNetPreReq-ML for module tx_interface (Rule 187 of total 260) .... done (Time = 0.00s, Memory = 0.0K)
Checking Rule RegInputOutput-ML for module tx_interface (Rule 188 of total 260) .... done (Time = 0.00s, Memory = 0.0K)
Checking Rule STARC05-2.5.1.7 for module tx_interface (Rule 189 of total 260) .... done (Time = 0.00s, Memory = 0.0K)
Checking Rule STARC05-2.5.1.9 for module tx_interface (Rule 190 of total 260) .... done (Time = 0.00s, Memory = 0.0K)
Checking Rule Txv_SvaSetup01 for module packet_encoder (Rule 175 of total 260) .... done (Time = 0.00s, Memory = 0.0K)
Checking Rule PESVASETUP01 for module packet_encoder (Rule 176 of total 260) .... done (Time = 0.00s, Memory = 0.0K)
Checking Rule _cdc_save_license01 for module packet_encoder (Rule 177 of total 260) .... done (Time = 0.00s, Memory = 0.0K)
Checking Rule Reset_check05 for module packet_encoder (Rule 178 of total 260) .... done (Time = 0.00s, Memory = 0.0K)
Checking Rule _syncResetStyleRTL for module packet_encoder (Rule 179 of total 260) .... done (Time = 0.00s, Memory = 0.0K)
Checking Rule _meta_delay01 for module packet_encoder (Rule 180 of total 260) .... done (Time = 0.00s, Memory = 0.0K)
Checking Rule Ac_svasetup01 for module packet_encoder (Rule 181 of total 260) .... done (Time = 0.00s, Memory = 0.0K)
Checking Rule LogNMuxPrereq for module packet_encoder (Rule 182 of total 260) .... done (Time = 0.00s, Memory = 0.0K)
Checking Rule STARC-1.3.2.2_prereq for module packet_encoder (Rule 183 of total 260) .... done (Time = 0.00s, Memory = 0.0K)
Checking Rule W336 for module packet_encoder (Rule 184 of total 260) .... done (Time = 0.00s, Memory = 0.0K)
Checking Rule W414 for module packet_encoder (Rule 185 of total 260) .... done (Time = 0.00s, Memory = 0.0K)
Checking Rule W450L for module packet_encoder (Rule 186 of total 260) .... done (Time = 0.00s, Memory = 0.0K)
Checking Rule HangingNetPreReq-ML for module packet_encoder (Rule 187 of total 260) .... done (Time = 0.00s, Memory = 0.0K)
Checking Rule RegInputOutput-ML for module packet_encoder (Rule 188 of total 260) .... done (Time = 0.00s, Memory = 0.0K)
Checking Rule STARC05-2.5.1.7 for module packet_encoder (Rule 189 of total 260) .... done (Time = 0.00s, Memory = 0.0K)
Checking Rule STARC05-2.5.1.9 for module packet_encoder (Rule 190 of total 260) .... done (Time = 0.00s, Memory = 0.0K)
Checking Rule Txv_SvaSetup01 for module packet_formatter (Rule 175 of total 260) .... done (Time = 0.00s, Memory = 0.0K)
Checking Rule PESVASETUP01 for module packet_formatter (Rule 176 of total 260) .... done (Time = 0.00s, Memory = 0.0K)
Checking Rule _cdc_save_license01 for module packet_formatter (Rule 177 of total 260) .... done (Time = 0.00s, Memory = 0.0K)
Checking Rule Reset_check05 for module packet_formatter (Rule 178 of total 260) .... done (Time = 0.00s, Memory = 0.0K)
Checking Rule _syncResetStyleRTL for module packet_formatter (Rule 179 of total 260) .... done (Time = 0.00s, Memory = 0.0K)
Checking Rule _meta_delay01 for module packet_formatter (Rule 180 of total 260) .... done (Time = 0.00s, Memory = 0.0K)
Checking Rule Ac_svasetup01 for module packet_formatter (Rule 181 of total 260) .... done (Time = 0.00s, Memory = 0.0K)
Checking Rule LogNMuxPrereq for module packet_formatter (Rule 182 of total 260) .... done (Time = 0.00s, Memory = 0.0K)
Checking Rule STARC-1.3.2.2_prereq for module packet_formatter (Rule 183 of total 260) .... done (Time = 0.00s, Memory = 0.0K)
Checking Rule W336 for module packet_formatter (Rule 184 of total 260) .... done (Time = 0.00s, Memory = 0.0K)
Checking Rule W414 for module packet_formatter (Rule 185 of total 260) .... done (Time = 0.00s, Memory = 0.0K)
Checking Rule W450L for module packet_formatter (Rule 186 of total 260) .... done (Time = 0.00s, Memory = 0.0K)
Checking Rule HangingNetPreReq-ML for module packet_formatter (Rule 187 of total 260) .... done (Time = 0.00s, Memory = 0.0K)
Checking Rule RegInputOutput-ML for module packet_formatter (Rule 188 of total 260) .... done (Time = 0.00s, Memory = 0.0K)
Checking Rule STARC05-2.5.1.7 for module packet_formatter (Rule 189 of total 260) .... done (Time = 0.00s, Memory = 0.0K)
Checking Rule STARC05-2.5.1.9 for module packet_formatter (Rule 190 of total 260) .... done (Time = 0.00s, Memory = 0.0K)
Checking Rule Txv_SvaSetup01 for module credit_manager (Rule 175 of total 260) .... done (Time = 0.00s, Memory = 0.0K)
Checking Rule PESVASETUP01 for module credit_manager (Rule 176 of total 260) .... done (Time = 0.00s, Memory = 0.0K)
Checking Rule _cdc_save_license01 for module credit_manager (Rule 177 of total 260) .... done (Time = 0.00s, Memory = 0.0K)
Checking Rule Reset_check05 for module credit_manager (Rule 178 of total 260) .... done (Time = 0.00s, Memory = 0.0K)
Checking Rule _syncResetStyleRTL for module credit_manager (Rule 179 of total 260) .... done (Time = 0.00s, Memory = 0.0K)
Checking Rule _meta_delay01 for module credit_manager (Rule 180 of total 260) .... done (Time = 0.00s, Memory = 0.0K)
Checking Rule Ac_svasetup01 for module credit_manager (Rule 181 of total 260) .... done (Time = 0.00s, Memory = 0.0K)
Checking Rule LogNMuxPrereq for module credit_manager (Rule 182 of total 260) .... done (Time = 0.00s, Memory = 0.0K)
Checking Rule STARC-1.3.2.2_prereq for module credit_manager (Rule 183 of total 260) .... done (Time = 0.00s, Memory = 0.0K)
Checking Rule W336 for module credit_manager (Rule 184 of total 260) .... done (Time = 0.00s, Memory = 0.0K)
Checking Rule W414 for module credit_manager (Rule 185 of total 260) .... done (Time = 0.00s, Memory = 0.0K)
Checking Rule W450L for module credit_manager (Rule 186 of total 260) .... done (Time = 0.00s, Memory = 0.0K)
Checking Rule HangingNetPreReq-ML for module credit_manager (Rule 187 of total 260) .... done (Time = 0.00s, Memory = 0.0K)
Checking Rule RegInputOutput-ML for module credit_manager (Rule 188 of total 260) .... done (Time = 0.00s, Memory = 0.0K)
Checking Rule STARC05-2.5.1.7 for module credit_manager (Rule 189 of total 260) .... done (Time = 0.00s, Memory = 0.0K)
Checking Rule STARC05-2.5.1.9 for module credit_manager (Rule 190 of total 260) .... done (Time = 0.00s, Memory = 0.0K)
Checking Rule Txv_SvaSetup01 for module flit_fifo (Rule 175 of total 260) .... done (Time = 0.00s, Memory = 0.0K)
Checking Rule PESVASETUP01 for module flit_fifo (Rule 176 of total 260) .... done (Time = 0.00s, Memory = 0.0K)
Checking Rule _cdc_save_license01 for module flit_fifo (Rule 177 of total 260) .... done (Time = 0.00s, Memory = 0.0K)
Checking Rule Reset_check05 for module flit_fifo (Rule 178 of total 260) .... done (Time = 0.00s, Memory = 0.0K)
Checking Rule _syncResetStyleRTL for module flit_fifo (Rule 179 of total 260) .... done (Time = 0.00s, Memory = 0.0K)
Checking Rule _meta_delay01 for module flit_fifo (Rule 180 of total 260) .... done (Time = 0.00s, Memory = 0.0K)
Checking Rule Ac_svasetup01 for module flit_fifo (Rule 181 of total 260) .... done (Time = 0.00s, Memory = 0.0K)
Checking Rule LogNMuxPrereq for module flit_fifo (Rule 182 of total 260) .... done (Time = 0.00s, Memory = 0.0K)
Checking Rule STARC-1.3.2.2_prereq for module flit_fifo (Rule 183 of total 260) .... done (Time = 0.00s, Memory = 0.0K)
Checking Rule W336 for module flit_fifo (Rule 184 of total 260) .... done (Time = 0.00s, Memory = 0.0K)
Checking Rule W414 for module flit_fifo (Rule 185 of total 260) .... done (Time = 0.00s, Memory = 0.0K)
Checking Rule W450L for module flit_fifo (Rule 186 of total 260) .... done (Time = 0.00s, Memory = 0.0K)
Checking Rule HangingNetPreReq-ML for module flit_fifo (Rule 187 of total 260) .... done (Time = 0.00s, Memory = 0.0K)
Checking Rule RegInputOutput-ML for module flit_fifo (Rule 188 of total 260) .... done (Time = 0.00s, Memory = 0.0K)
Checking Rule STARC05-2.5.1.7 for module flit_fifo (Rule 189 of total 260) .... done (Time = 0.00s, Memory = 0.0K)
Checking Rule STARC05-2.5.1.9 for module flit_fifo (Rule 190 of total 260) .... done (Time = 0.00s, Memory = 0.0K)
Checking Rule Txv_SvaSetup01 for module rx_interface (Rule 175 of total 260) .... done (Time = 0.00s, Memory = 0.0K)
Checking Rule PESVASETUP01 for module rx_interface (Rule 176 of total 260) .... done (Time = 0.00s, Memory = 0.0K)
Checking Rule _cdc_save_license01 for module rx_interface (Rule 177 of total 260) .... done (Time = 0.00s, Memory = 0.0K)
Checking Rule Reset_check05 for module rx_interface (Rule 178 of total 260) .... done (Time = 0.00s, Memory = 0.0K)
Checking Rule _syncResetStyleRTL for module rx_interface (Rule 179 of total 260) .... done (Time = 0.00s, Memory = 0.0K)
Checking Rule _meta_delay01 for module rx_interface (Rule 180 of total 260) .... done (Time = 0.00s, Memory = 0.0K)
Checking Rule Ac_svasetup01 for module rx_interface (Rule 181 of total 260) .... done (Time = 0.00s, Memory = 0.0K)
Checking Rule LogNMuxPrereq for module rx_interface (Rule 182 of total 260) .... done (Time = 0.00s, Memory = 0.0K)
Checking Rule STARC-1.3.2.2_prereq for module rx_interface (Rule 183 of total 260) .... done (Time = 0.00s, Memory = 0.0K)
Checking Rule W336 for module rx_interface (Rule 184 of total 260) .... done (Time = 0.00s, Memory = 0.0K)
Checking Rule W414 for module rx_interface (Rule 185 of total 260) .... done (Time = 0.00s, Memory = 0.0K)
Checking Rule W450L for module rx_interface (Rule 186 of total 260) .... done (Time = 0.00s, Memory = 0.0K)
Checking Rule HangingNetPreReq-ML for module rx_interface (Rule 187 of total 260) .... done (Time = 0.00s, Memory = 0.0K)
Checking Rule RegInputOutput-ML for module rx_interface (Rule 188 of total 260) .... done (Time = 0.00s, Memory = 0.0K)
Checking Rule STARC05-2.5.1.7 for module rx_interface (Rule 189 of total 260) .... done (Time = 0.00s, Memory = 0.0K)
Checking Rule STARC05-2.5.1.9 for module rx_interface (Rule 190 of total 260) .... done (Time = 0.00s, Memory = 0.0K)
Checking Rule Txv_SvaSetup01 for module cxs_if (Rule 175 of total 260) .... done (Time = 0.00s, Memory = 0.0K)
Checking Rule PESVASETUP01 for module cxs_if (Rule 176 of total 260) .... done (Time = 0.00s, Memory = 0.0K)
Checking Rule _cdc_save_license01 for module cxs_if (Rule 177 of total 260) .... done (Time = 0.00s, Memory = 0.0K)
Checking Rule Reset_check05 for module cxs_if (Rule 178 of total 260) .... done (Time = 0.00s, Memory = 0.0K)
Checking Rule _syncResetStyleRTL for module cxs_if (Rule 179 of total 260) .... done (Time = 0.00s, Memory = 0.0K)
Checking Rule _meta_delay01 for module cxs_if (Rule 180 of total 260) .... done (Time = 0.00s, Memory = 0.0K)
Checking Rule Ac_svasetup01 for module cxs_if (Rule 181 of total 260) .... done (Time = 0.00s, Memory = 0.0K)
Checking Rule LogNMuxPrereq for module cxs_if (Rule 182 of total 260) .... done (Time = 0.00s, Memory = 0.0K)
Checking Rule STARC-1.3.2.2_prereq for module cxs_if (Rule 183 of total 260) .... done (Time = 0.00s, Memory = 0.0K)
Checking Rule W336 for module cxs_if (Rule 184 of total 260) .... done (Time = 0.00s, Memory = 0.0K)
Checking Rule W414 for module cxs_if (Rule 185 of total 260) .... done (Time = 0.00s, Memory = 0.0K)
Checking Rule W450L for module cxs_if (Rule 186 of total 260) .... done (Time = 0.00s, Memory = 0.0K)
Checking Rule HangingNetPreReq-ML for module cxs_if (Rule 187 of total 260) .... done (Time = 0.00s, Memory = 0.0K)
Checking Rule RegInputOutput-ML for module cxs_if (Rule 188 of total 260) .... done (Time = 0.00s, Memory = 0.0K)
Checking Rule STARC05-2.5.1.7 for module cxs_if (Rule 189 of total 260) .... done (Time = 0.00s, Memory = 0.0K)
Checking Rule STARC05-2.5.1.9 for module cxs_if (Rule 190 of total 260) .... done (Time = 0.00s, Memory = 0.0K)
Checking Rule Txv_SvaSetup01 for module top (Rule 175 of total 260) .... done (Time = 0.00s, Memory = 0.0K)
Checking Rule PESVASETUP01 for module top (Rule 176 of total 260) .... done (Time = 0.00s, Memory = 0.0K)
Checking Rule _cdc_save_license01 for module top (Rule 177 of total 260) .... done (Time = 0.00s, Memory = 0.0K)
Checking Rule Reset_check05 for module top (Rule 178 of total 260) .... done (Time = 0.00s, Memory = 0.0K)
Checking Rule _syncResetStyleRTL for module top (Rule 179 of total 260) .... done (Time = 0.00s, Memory = 0.0K)
Checking Rule _meta_delay01 for module top (Rule 180 of total 260) .... done (Time = 0.00s, Memory = 0.0K)
Checking Rule Ac_svasetup01 for module top (Rule 181 of total 260) .... done (Time = 0.00s, Memory = 0.0K)
Checking Rule LogNMuxPrereq for module top (Rule 182 of total 260) .... done (Time = 0.00s, Memory = 0.0K)
Checking Rule STARC-1.3.2.2_prereq for module top (Rule 183 of total 260) .... done (Time = 0.00s, Memory = 0.0K)
Checking Rule W336 for module top (Rule 184 of total 260) .... done (Time = 0.00s, Memory = 0.0K)
Checking Rule W414 for module top (Rule 185 of total 260) .... done (Time = 0.00s, Memory = 0.0K)
Checking Rule W450L for module top (Rule 186 of total 260) .... done (Time = 0.00s, Memory = 0.0K)
Checking Rule HangingNetPreReq-ML for module top (Rule 187 of total 260) .... done (Time = 0.00s, Memory = 0.0K)
Checking Rule RegInputOutput-ML for module top (Rule 188 of total 260) .... done (Time = 0.00s, Memory = 0.0K)
Checking Rule STARC05-2.5.1.7 for module top (Rule 189 of total 260) .... done (Time = 0.00s, Memory = 0.0K)
Checking Rule STARC05-2.5.1.9 for module top (Rule 190 of total 260) .... done (Time = 0.00s, Memory = 0.0K)
Performing semantic checks on SGDC contents
Checking Rule SGDC_testmode03 (Rule 71 of total 260) .... done (Time = 0.00s, Memory = 0.0K)
Checking Rule checkSGDC_01 (Rule 191 of total 260) .... done (Time = 0.00s, Memory = 0.0K)
Checking Rule checkSGDC_03 (Rule 192 of total 260) .... done (Time = 0.00s, Memory = 0.0K)
Checking Rule checkSGDC_08 (Rule 193 of total 260) .... done (Time = 0.00s, Memory = 0.0K)
Checking Rule SGDC_memorywritepin04 (Rule 194 of total 260) .... done (Time = 0.00s, Memory = 0.0K)
Checking Rule SGDC_reset02 (Rule 195 of total 260) .... done (Time = 0.00s, Memory = 0.0K)
Checking Rule SGDC_reset03 (Rule 196 of total 260) .... done (Time = 0.00s, Memory = 7.5K)
Checking Rule SGDC_waive23 (Rule 197 of total 260) .... done (Time = 0.00s, Memory = 0.0K)
Checking Rule SGDC_waive26 (Rule 198 of total 260) .... done (Time = 0.00s, Memory = 0.3K)
Checking Rule SGDC_waive27 (Rule 199 of total 260) .... done (Time = 0.00s, Memory = 0.0K)
Checking Rule SGDC_waive29 (Rule 200 of total 260) .... done (Time = 0.00s, Memory = -0.5K)
Checking Rule SGDC_libgroup03 (Rule 201 of total 260) .... done (Time = 0.00s, Memory = 0.0K)
Checking Rule SGDC_ungroup02 (Rule 202 of total 260) .... done (Time = 0.00s, Memory = 0.0K)
Checking Rule _abstractPortSGDC (Rule 203 of total 260) .... done (Time = 0.00s, Memory = -31.1K)
Checking Rule SGDC_abstract_port03 (Rule 204 of total 260) .... done (Time = 0.00s, Memory = 0.0K)
Checking Rule SGDC_abstract_port04 (Rule 205 of total 260) .... done (Time = 0.00s, Memory = 0.0K)
Checking Rule SGDC_abstract_port05 (Rule 206 of total 260) .... done (Time = 0.00s, Memory = 0.0K)
Checking Rule SGDC_abstract_port07 (Rule 207 of total 260) .... done (Time = 0.00s, Memory = 0.0K)
Checking Rule SGDC_abstract_port08 (Rule 208 of total 260) .... done (Time = 0.00s, Memory = 0.0K)
Checking Rule SGDC_abstract_port10 (Rule 209 of total 260) .... done (Time = 0.00s, Memory = 0.0K)
Checking Rule SGDC_abstract_port11 (Rule 210 of total 260) .... done (Time = 0.00s, Memory = 0.0K)
Checking Rule SGDC_abstract_port12 (Rule 211 of total 260) .... done (Time = 0.00s, Memory = 0.0K)
Checking Rule SGDC_abstract_port13 (Rule 212 of total 260) .... done (Time = 0.00s, Memory = -8.0K)
Checking Rule ReportUngroup (Rule 213 of total 260) .... done (Time = 0.00s, Memory = 0.0K)
Checking Rule LINT_portReten (Rule 214 of total 260) .... done (Time = 0.01s, Memory = 0.0K)
Checking Rule SGDC_abstract_port21 (Rule 215 of total 260) .... done (Time = 0.00s, Memory = -0.4K)
Checking Rule InferLatch (Rule 216 of total 260) .... done (Time = 0.02s, Memory = -4.8K)
Checking Rule UndrivenInTerm-ML (Rule 217 of total 260) .... done (Time = 2.28s, Memory = 65891.4K)
 Flattening top (.lib instances separately flattened) ....
 Flattening completed
Checking Rule SGDC_set_case_analysis_LC (Rule 218 of total 260) .... done (Time = 0.00s, Memory = 0.0K)
Checking Rule BufClock (Rule 219 of total 260) .... done (Time = 0.05s, Memory = 1033.9K)
Checking Rule CombLoop (Rule 220 of total 260) .... done (Time = 0.03s, Memory = 515.7K)
Checking Rule STARC05-2.5.1.2 (Rule 221 of total 260) .... done (Time = 0.01s, Memory = -31.9K)
Checking Rule STARC05-1.3.1.3 (Rule 222 of total 260) .... done (Time = 0.01s, Memory = 2.8K)
Checking Rule STARC05-1.4.3.4 (Rule 223 of total 260) .... done (Time = 0.01s, Memory = -3.8K)
Checking Rule FlopClockConstant (Rule 224 of total 260) .... done (Time = 0.01s, Memory = 10.0K)
Checking Rule FlopSRConst (Rule 225 of total 260) .... done (Time = 0.01s, Memory = -1.2K)
Checking Rule FlopEConst (Rule 226 of total 260) .... done (Time = 0.02s, Memory = 21.0K)
Checking Rule checkPinConnectedToSupply (Rule 227 of total 260) .... done (Time = 0.02s, Memory = -13.7K)
Checking Rule W392 (Rule 228 of total 260) .... done (Time = 0.08s, Memory = 1730.2K)
Checking Rule W415 (Rule 229 of total 260) .... done (Time = 0.04s, Memory = -38.7K)
Checking Rule LatchFeedback (Rule 230 of total 260) .... done (Time = 0.04s, Memory = 1.4K)
Checking Rule STARC05-2.4.1.5 (Rule 231 of total 260) .... done (Time = 0.00s, Memory = 7.8K)
Checking Rule STARC05-1.2.1.2 (Rule 232 of total 260) .... done (Time = 0.02s, Memory = 76.1K)
Checking Rule AnalyzeBBox (Rule 233 of total 260) .... done (Time = 0.00s, Memory = 0.9K)
Checking Rule ReportCheckDataSummary (Rule 69 of total 260) .... done (Time = 0.00s, Memory = 0.0K)

Generating data for Console...

SpyGlass Rule Checking Complete.

Generating moresimple report from './lint/top/lint/lint_rtl/spyglass.vdb' to './lint/top/lint/lint_rtl/spyglass_reports/moresimple.rpt' ....

Generating runsummary report from './lint/top/lint/lint_rtl/spyglass.vdb' ....

Generating no_msg_reporting_rules report from './lint/top/lint/lint_rtl/spyglass.vdb' to './lint/top/lint/lint_rtl/spyglass_reports/no_msg_reporting_rules.rpt' ....

Policy specific data (reports) are present in the directory './lint/top/lint/lint_rtl/spyglass_reports'.
ln: failed to create symbolic link '/mnt/hgfs/Shared_folder/src/spyglass/lint/top/lint/lint_rtl/spyglass.log': Operation not supported
ln: failed to create symbolic link '/mnt/hgfs/Shared_folder/src/spyglass/lint/top/lint/lint_rtl/spyglass_reports/morelint/ReportPortInfo': Operation not supported
ln: failed to create symbolic link '/mnt/hgfs/Shared_folder/src/spyglass/lint/top/lint/lint_rtl/spyglass_reports/lint/SignalUsageReport.rpt': Operation not supported
ln: failed to create symbolic link '/mnt/hgfs/Shared_folder/src/spyglass/lint/top/lint/lint_rtl/spyglass_reports/openmore/CombLoopReport.rpt': Operation not supported
ln: failed to create symbolic link '/mnt/hgfs/Shared_folder/src/spyglass/lint/top/lint/lint_rtl/spyglass_reports/SpyGlass/elab_summary.rpt': Operation not supported
ln: failed to create symbolic link '/mnt/hgfs/Shared_folder/src/spyglass/lint/top/lint/lint_rtl/spyglass_reports/no_msg_reporting_rules.rpt': Operation not supported
ln: failed to create symbolic link '/mnt/hgfs/Shared_folder/src/spyglass/lint/top/lint/lint_rtl/spyglass_reports/moresimple.rpt': Operation not supported

SpyGlass critical reports for the current run are present in directory './lint/consolidated_reports/top_lint_lint_rtl/'.

---------------------------------------------------------------------------------------------
Results Summary:
---------------------------------------------------------------------------------------------
   Goal Run           :      lint/lint_rtl
   Command-line read  :      0 error,      0 warning,      0 information message 
   Design Read        :      0 error,      0 warning,      2 information messages
      Found 1 top module:
         top   (file: ../top.sv)

   Blackbox Resolution:      0 error,      0 warning,      0 information message 
   SGDC Checks        :      0 error,      0 warning,      0 information message 
   Policy lint        :      0 error,      5 warnings,     1 information message 
   Policy starc2005   :      0 error,      1 warning,      0 information message 
   Policy erc         :      0 error,      1 warning,      0 information message 
   -------------------------------------------------------------------------------------
   Total              :      0 error,      7 warnings,     3 information messages

  Total Number of Generated Messages     :        10 (0 error, 7 warnings, 3 Infos)
  Number of Reported Messages            :        10 (0 error, 7 warnings, 3 Infos)

---------------------------------------------------------------------------------------------


run_goal: info: updating spyglass.log with goal summary
run_goal: info: spyglass.log successfully updated with goal summary
run_goal: info: setting design top `top' as current_design
0 {Rule-checking completed with warnings}